{"type":"FeatureCollection", "features": [
{"type":"Feature","geometry":{"type":"MultiPolygon","coordinates":[[[[-6.2989589786792415,49.937475260055876],[-6.313761164322615,49.92762131725123],[-6.310969892947844,49.91193404299579],[-6.2878002155765484,49.91002941369219],[-6.275968939390095,49.9223899843217],[-6.2989589786792415,49.937475260055876]]],[[[-1.3081733633102577,50.76720039890351],[-1.3452212264053667,50.75050610865429],[-1.3533064059410984,50.73910083128708],[-1.4133516664175412,50.7246414466575],[-1.4256903319681768,50.726767400765404],[-1.4694731480906715,50.709565356968966],[-1.5334278720466257,50.70068445444478],[-1.5491064485792025,50.67781139175248],[-1.5702499646765404,50.67247581870758],[-1.5691460357707403,50.661014858340906],[-1.523518399353646,50.667951477710375],[-1.4936425238588498,50.66840184216094],[-1.4767567341661691,50.662453452786245],[-1.4471572893030258,50.64347234416775],[-1.4100622061823953,50.634878593418215],[-1.3826143276269194,50.623667084631826],[-1.3186526620010135,50.589943241335874],[-1.3079496839806604,50.5774446379847],[-1.241948716841812,50.58280869552101],[-1.1854103254005364,50.597255823666],[-1.175274501081567,50.60690432431154],[-1.1747990770594878,50.62269516817071],[-1.160460651135914,50.64935104183131],[-1.1326071074541872,50.66211507933059],[-1.1117825405187747,50.66578973023739],[-1.0701410709748413,50.683532747396356],[-1.0930358223725234,50.69372890547948],[-1.1097192783630894,50.72157463389051],[-1.1522511048003352,50.73262724132674],[-1.210981138214439,50.73504090880737],[-1.2402182557005013,50.743404176075906],[-1.2612062695161386,50.760498071179086],[-1.3081733633102577,50.76720039890351]]],[[[-0.9673562214800966,50.8348527823575],[-0.9865173058798778,50.82718635244357],[-0.989487878153313,50.80358633418205],[-1.0070714824958555,50.78550341878683],[-0.946262789335337,50.77678144122745],[-0.9565502044587503,50.79526181654752],[-0.9521734101860071,50.82786105521781],[-0.9673562214800966,50.8348527823575]]],[[[-1.0521950119364547,50.83278450304218],[-1.076297803217198,50.83691339768901],[-1.0835029342850242,50.83010592916517],[-1.0947902394227398,50.82705193699897],[-1.0913340958300806,50.809050679287644],[-1.1115340481679399,50.80691249420739],[-1.1089366789092647,50.790449255510296],[-1.0895554923143522,50.77783674709674],[-1.0320406771030761,50.78683143323582],[-1.0418742045537335,50.80431959263817],[-1.0412150108808604,50.822615795339935],[-1.0521950119364547,50.83278450304218]]],[[[-4.676481418379392,51.20177119614351],[-4.680539372732163,51.17242329265635],[-4.661640053749227,51.16709088432777],[-4.661766586909856,51.18631992989811],[-4.676481418379392,51.20177119614351]]],[[[0.8781380083005904,51.36175142500351],[0.8962678467325969,51.35448322635477],[0.9210229361445035,51.35977777101129],[0.9509090601835833,51.37336807938444],[0.9381240231980739,51.38980801984179],[0.884423532289777,51.420916817997934],[0.8159989472976756,51.427920916229105],[0.7878954209712591,51.44032718276893],[0.7508064852179197,51.44542773385718],[0.7380357859819858,51.43264198738858],[0.7424248156941672,51.41427782368509],[0.7312546324391466,51.401178140775734],[0.7514281513795675,51.39387151074581],[0.7871764377792682,51.37251768658387],[0.8365809974895807,51.36465445396453],[0.8781380083005904,51.36175142500351]]],[[[0.5461808275330161,51.54741761411763],[0.5431709505166744,51.53445705911153],[0.5182217545162757,51.52967543809418],[0.5532371518343243,51.51054168979594],[0.5729689978741737,51.50780232749064],[0.6250109452882558,51.51639389078122],[0.6213888428681142,51.52633464821948],[0.5461808275330161,51.54741761411763]]],[[[0.8347141835351747,51.590281185308235],[0.8080357494672328,51.58562190379918],[0.8297369716428119,51.57413509703096],[0.8347141835351747,51.590281185308235]]],[[[0.9454809953882326,51.62056166878738],[0.900284402834014,51.613646233843546],[0.8735912908340859,51.61372346897689],[0.8591195998899376,51.59251030039556],[0.8387527944936519,51.59425194019244],[0.8327919224206843,51.57574229202009],[0.8401967977119671,51.56158764699849],[0.8564884451021654,51.55653275240778],[0.9183575092200029,51.58636251189819],[0.9536791556560508,51.61305266616256],[0.9454809953882326,51.62056166878738]]],[[[1.2565811326460081,51.88375987920307],[1.2270279837877658,51.87932170111262],[1.2379663728316528,51.870182236613225],[1.2565811326460081,51.88375987920307]]],[[[1.645109952417993,52.58773002365148],[1.6375131858694685,52.582126922772325],[1.6347985197361283,52.580838799334465],[1.629901396966447,52.580553674281006],[1.6274285243381053,52.579001800573984],[1.625724251917357,52.57510924048098],[1.6199018064482127,52.573168930164414],[1.6076467818853162,52.573815729822805],[1.608927495924143,52.57041254303722],[1.6074740589799694,52.568326902571535],[1.6018396966618411,52.567227622948344],[1.5922621479026016,52.55773467319696],[1.6099889836401464,52.55095204519719],[1.632748440480311,52.560827223865786],[1.6329148968120333,52.571087946225],[1.6345229150572678,52.57329689132001],[1.6383318145482695,52.575119455779614],[1.649465054182226,52.57816560404066],[1.645109952417993,52.58773002365148]]],[[[-3.252153122679842,54.15048524762516],[-3.2766499797508004,54.14201080512681],[-3.267439215157153,54.106733933173004],[-3.2392100400666566,54.08763514964531],[-3.250837041575181,54.125843906694406],[-3.264414792697472,54.14103576801758],[-3.252153122679842,54.15048524762516]]],[[[-1.8462343565402737,55.69276385541966],[-1.8057697318185437,55.67715203853861],[-1.8026401641972698,55.66827309515488],[-1.778352460270211,55.668360005572964],[-1.7789591238762354,55.68516310892185],[-1.8277621684310756,55.68854481694168],[-1.8462343565402737,55.69276385541966]]],[[[-1.4889142441078125,55.11859364736227],[-1.5209711328407167,55.14935893291136],[-1.526126675095556,55.15996596327809],[-1.5051271139630025,55.1942898796185],[-1.520882823038382,55.207371579619966],[-1.5251651720238262,55.22692740177279],[-1.5597556194848594,55.253725234704476],[-1.570261616176751,55.27552349356194],[-1.5699117506820726,55.29154972336016],[-1.5499145211159557,55.312265316242666],[-1.5492629054813059,55.32196259895682],[-1.5880111644455193,55.345437167185246],[-1.5997596986289813,55.35829104157985],[-1.6091502235601376,55.38425383714112],[-1.5817430144810924,55.41569836846215],[-1.5756810443067186,55.43186418992364],[-1.593348061222016,55.4403481285066],[-1.5954776992182051,55.49127544788156],[-1.6108575425694425,55.495400336920476],[-1.617139568929472,55.52196035029595],[-1.6374551708314988,55.54025514965599],[-1.6234619021713317,55.55225821743851],[-1.69194525463136,55.60612201792882],[-1.7435595877312078,55.61918765903748],[-1.768048307954403,55.60426116170794],[-1.778801686776929,55.61488146322051],[-1.7576844399670637,55.62716562877035],[-1.7901108966450945,55.650614149487645],[-1.8125645048100378,55.63390681204624],[-1.8414644314843263,55.64302354650898],[-1.8602910216681252,55.65934049554023],[-1.879577898475278,55.70100900675944],[-1.9114642483834563,55.708719151932726],[-1.9607416368072694,55.73321680295425],[-1.9924433106511927,55.7612589122024],[-2.017678262158898,55.77146785807595],[-2.0554194474438,55.75722427795439],[-2.0921017451860244,55.762157430555106],[-2.106283597851532,55.760051515077684],[-2.1051108434147507,55.751222937100174],[-2.1136585833134403,55.74815677638752],[-2.1172980341530567,55.73842890501959],[-2.136541311527927,55.7403866945255],[-2.1517430675145093,55.72250905163302],[-2.176988751888112,55.71837801856972],[-2.1805897499150144,55.70327688128072],[-2.218652035010051,55.67590904261022],[-2.22691631691637,55.663126045748605],[-2.2598035141300166,55.64457547283272],[-2.298943949912925,55.64712799996465],[-2.324695937101898,55.64316825195888],[-2.3281436264797435,55.6274106117478],[-2.287745749656825,55.60104955660876],[-2.2854258189584784,55.57772094075074],[-2.2530690084011744,55.56139204141046],[-2.232241558762512,55.54483015422037],[-2.228838223729967,55.50951860076328],[-2.2022252083013663,55.48824214168512],[-2.2009361409774852,55.47501498598244],[-2.18440570572818,55.464084137794565],[-2.1942118545193794,55.445256906499296],[-2.2312742750150827,55.428428041125656],[-2.2606038892475784,55.4329328290619],[-2.3132464468222977,55.40678793305613],[-2.3356221809152364,55.40820669758278],[-2.344718462910478,55.39944735082573],[-2.334734327538311,55.383153608110625],[-2.3400944888224595,55.366088554949904],[-2.3995146790965607,55.34827242782159],[-2.41499001481533,55.35892015975477],[-2.444399582723572,55.359181527705026],[-2.488513007873224,55.35183259006935],[-2.5176922919887414,55.3246625440548],[-2.5430989305118388,55.319590218844645],[-2.573357272625668,55.296882124613106],[-2.6092324665121387,55.28324568714762],[-2.644344601500672,55.25821566091729],[-2.6302233450649504,55.24478888418079],[-2.6346512458378593,55.22546216652563],[-2.6668093696886648,55.221577653142994],[-2.686143922844106,55.19078745342455],[-2.703471536702839,55.17317025890079],[-2.7349539806829926,55.164542496723804],[-2.8127729940477106,55.136161788309536],[-2.852091578807825,55.108483130255586],[-2.8713235139609057,55.10027639493166],[-2.899859108107304,55.076983768667084],[-2.9172971047301637,55.07807334738266],[-2.9373768272776433,55.0606544733041],[-2.958590705975996,55.0492893538839],[-3.0436204787765972,55.05496770043746],[-3.0302350566782077,55.024640543786106],[-3.049453998789836,55.0093895163764],[-3.0544618467442626,54.992559382543945],[-3.0845720671962016,54.966584641794526],[-3.1270689498525277,54.9509101268571],[-3.117890180485177,54.933553802767605],[-3.1429416827561893,54.928717001741354],[-3.1858596067638145,54.94958632113931],[-3.2114815834854142,54.954309177102026],[-3.249511316013308,54.943955393937884],[-3.2851404106761324,54.94155040274148],[-3.3152067064678326,54.918310546860305],[-3.283940862350183,54.89289744853361],[-3.2933117946510664,54.88036664878468],[-3.33608551342508,54.89121756289648],[-3.3451127016434588,54.899667868432445],[-3.36652648990497,54.891664563174636],[-3.3998570987129977,54.8674092456836],[-3.409029665304784,54.844058753995675],[-3.43838362919651,54.799742550645064],[-3.431390807040793,54.781207847619065],[-3.4344904453612917,54.76236654854618],[-3.4610564732010483,54.7405678132671],[-3.5075481681839515,54.71595892121535],[-3.519204624337603,54.69268222358968],[-3.5476281724105854,54.67386252753126],[-3.5758738825742267,54.6466547068014],[-3.5697792110174063,54.6231318831243],[-3.570732905669599,54.60276825189515],[-3.582937384978194,54.59077632845034],[-3.5803477863244915,54.57202753566867],[-3.6132792143158983,54.52525202735379],[-3.638510670049727,54.51788899751493],[-3.6196072229503518,54.490919154911765],[-3.5932945388019593,54.482278167541836],[-3.5635570692104475,54.45191691033523],[-3.5419650350341185,54.43880677799114],[-3.4763854304183788,54.38633360711305],[-3.471770122308534,54.37519825348598],[-3.434721271264053,54.343907435069745],[-3.415955696456481,54.30146926513132],[-3.4205063458962948,54.28391152002017],[-3.3940901751606862,54.25435075156876],[-3.379289523544717,54.244329350720626],[-3.320026552526283,54.18957818418021],[-3.2895198680249904,54.187903438165726],[-3.2542348505274497,54.19153483029698],[-3.239977457419787,54.20415352177003],[-3.2503494266869404,54.22033435702468],[-3.228605289964827,54.22327908848709],[-3.216261170100075,54.236757863997056],[-3.1971727080071544,54.22968577145191],[-3.2122346916006643,54.208254817572254],[-3.2171574061883246,54.17748177706606],[-3.2576915926048766,54.16592450654205],[-3.237597243267675,54.15581462085205],[-3.244873308781232,54.11688314785224],[-3.2263720610565274,54.093816310186995],[-3.194209881326658,54.10422803972266],[-3.172193800146659,54.082098624003734],[-3.1316992641545394,54.10207427788161],[-3.087356188743068,54.136553079851986],[-3.0837113944863117,54.14699416894221],[-3.060854517747464,54.16203375194781],[-3.0620854464605345,54.18186381757505],[-3.053189881622959,54.19884726954948],[-3.0347447028695247,54.19628545726927],[-3.011953967592346,54.179351666993774],[-2.9939015407338454,54.156229045584254],[-2.9501070350368863,54.14919988989292],[-2.927419812485937,54.1499970715192],[-2.911000220349129,54.16132994007498],[-2.897829421522317,54.189826976600756],[-2.8749888446859675,54.20206600524829],[-2.8635369038015956,54.182539957558326],[-2.8339739906569372,54.17189902782907],[-2.8290577287669456,54.14451786508832],[-2.794539627973636,54.123566171471815],[-2.8130662052396858,54.105107115021355],[-2.8204194916968017,54.08872305173115],[-2.8873966111976537,54.06614209578916],[-2.906274917586019,54.03938268195721],[-2.9229431064481264,54.030561819631096],[-2.9040308907225065,54.022176866998535],[-2.906988003989622,54.00715410578513],[-2.900201125030443,53.992029808666345],[-2.8679918968518003,53.993247844702424],[-2.8729749351066602,53.94945224698001],[-2.9082913371706867,53.940514143480016],[-2.9239891852791375,53.950061073261246],[-3.0059056902067685,53.92780162830413],[-3.031897050371677,53.92663720134393],[-3.05078830104056,53.91805148196301],[-3.0469721414062416,53.88486557353613],[-3.0565381707625043,53.83204901367284],[-3.058814337781187,53.784080793716846],[-3.055231024801,53.76695070634907],[-3.038043567758888,53.74694103545455],[-3.006902901733499,53.73706284314783],[-2.9291338488756486,53.731437737320135],[-2.9398535775345165,53.724160003337936],[-2.95918263189232,53.695765038610745],[-2.9794596163206175,53.690091856964834],[-3.0140641121506446,53.66998405467278],[-3.005665623737903,53.664676140538056],[-3.053868095845781,53.6260850228367],[-3.0955743043423154,53.57386856127765],[-3.102358211251511,53.56115601737291],[-3.102900231574841,53.538881194951436],[-3.065248707208268,53.515986360133056],[-3.055883775473683,53.49026182675875],[-3.008753159545247,53.43836496427587],[-3.003130883776791,53.41256111511951],[-2.9849725587943374,53.38648622013406],[-2.969299848545269,53.375787286026785],[-2.9189208543800875,53.35491447436608],[-2.9032265747858537,53.34483809855216],[-2.854972846826195,53.327455839155746],[-2.8190551635218983,53.33296274746836],[-2.794660843139628,53.32222696402396],[-2.779096611824259,53.327392191557266],[-2.7689789391690653,53.34554253487934],[-2.7284640800534015,53.354504324506166],[-2.7186617027178386,53.34491513224523],[-2.755897827172777,53.34200996290123],[-2.7633772724543104,53.32753427169031],[-2.7523918797525067,53.31358855074027],[-2.7887496703682593,53.29671778737422],[-2.821770176498124,53.3072663309825],[-2.870648988025653,53.29091725497195],[-2.901575923156429,53.29649787864235],[-2.928636156135175,53.308185803379075],[-2.949471540664399,53.32307485013237],[-2.963616453241432,53.34203162373708],[-3.0068128990653773,53.38245489259512],[-3.008749586647365,53.39543749587993],[-3.0366590094585204,53.43976606365252],[-3.073364660330003,53.43535648416034],[-3.0986704653605406,53.4223412832024],[-3.170428796468055,53.40232151426205],[-3.2026606057392333,53.3848562198709],[-3.2023446253848795,53.37689521849536],[-3.162468008861611,53.34834678665445],[-3.1308692625022427,53.32997660553477],[-3.134988588677804,53.31568997531101],[-3.1199361241247336,53.312534655773526],[-3.136383816560874,53.29674402463383],[-3.1239245991729545,53.292904243790026],[-3.107222607241602,53.271941412182954],[-3.101680701046763,53.26722971230775],[-3.101655601265914,53.26720837012393],[-3.0954337828961513,53.26215950822702],[-3.09539637855149,53.26213227480204],[-3.0944474271636624,53.26144134802473],[-3.094347258492098,53.261368413979305],[-3.0926051716686316,53.26021054640129],[-3.0925461210559755,53.2601797584003],[-3.0913938765302977,53.259578995285715],[-3.091124140338332,53.259438354413234],[-3.085957223690704,53.25675860782695],[-3.0838486074972242,53.25714309981269],[-3.0826865878680434,53.25565710142642],[-3.036064074882885,53.25179061819852],[-2.9925598803474904,53.23299952704063],[-2.9495097156144032,53.211263965410176],[-2.920490646859064,53.18289897758453],[-2.920385453744962,53.182203131055694],[-2.927840156698345,53.17139503029347],[-2.9846396214883915,53.15857950734578],[-2.9638121361739658,53.132742062927704],[-2.9449792975708493,53.12226228386555],[-2.9033907746736536,53.11178190344641],[-2.8838779665998495,53.11132792941388],[-2.8991480398575735,53.094099724483584],[-2.8757217042345222,53.081505976653446],[-2.8557153316890203,53.03723970063468],[-2.8610446313026037,53.02283255523764],[-2.8440624456761303,53.01765236105146],[-2.8348988578731564,52.99864239985552],[-2.8010440040074616,52.99092874612085],[-2.766857433150068,52.99466007164614],[-2.7585326144413047,52.98611516504588],[-2.7265881652465973,52.981763371066066],[-2.7285434518396103,52.92516383058889],[-2.7553282214408172,52.92461359405808],[-2.800479173314072,52.89550029201837],[-2.81302775725425,52.91492577476196],[-2.8384969740557255,52.932168684064415],[-2.8402179785591906,52.94190655713481],[-2.898292611574494,52.95025994293312],[-2.9081884094840507,52.942069829151116],[-2.9349651960353618,52.94179112496359],[-2.982022884458471,52.95918296568363],[-3.009856253725084,52.956020897310246],[-3.0313964676585567,52.93141054026392],[-3.0765143508617148,52.92546491442598],[-3.096047489307048,52.93030106799697],[-3.1085072119219506,52.920053735505064],[-3.1168951768834696,52.899678931511986],[-3.147503779843516,52.89015461193122],[-3.1524164216747956,52.87873311934184],[-3.127713419357802,52.867088445008704],[-3.161434081988,52.84801042415542],[-3.1512604712187002,52.842550251902196],[-3.167887790615387,52.819252203072196],[-3.1584262199296824,52.7934736967112],[-3.13129129664713,52.78754685223116],[-3.091695353235305,52.786737459501914],[-3.071576636008472,52.77014844430014],[-3.057927600169921,52.7736709796509],[-3.0106221502327886,52.76163019579223],[-3.009770942736803,52.750332197639366],[-2.9923210432318967,52.73938238909745],[-2.9707602430678826,52.73482401049164],[-2.984937513762919,52.722837748739266],[-3.0203073301360255,52.72170970353223],[-3.0224883295152263,52.70665336220146],[-3.0426757912926807,52.68680469375811],[-3.0511270840345293,52.64735563760471],[-3.0695939094286335,52.64582950719196],[-3.067825973053058,52.630521155419856],[-3.093623946158458,52.60932425369823],[-3.0992018013527307,52.597941365983125],[-3.117338911873363,52.58636123061623],[-3.1393586006829977,52.58510763199898],[-3.1114960388748867,52.54134885993236],[-3.08261912978222,52.53620891705996],[-3.087276927456405,52.55131661302369],[-3.049916495594911,52.56067745576905],[-3.0364535192602715,52.57178933605078],[-3.014442494039453,52.57548256950575],[-2.9976061617159795,52.563828789990254],[-3.0050772831819414,52.52944627426381],[-3.0323808300009,52.52371640471089],[-3.0334796896494876,52.50378527938941],[-3.055790525110102,52.49995793600025],[-3.113547153656719,52.49823352011711],[-3.140386029538422,52.49165220154645],[-3.1805908367520135,52.473821735389954],[-3.1944291172133994,52.47638886069649],[-3.23319618186827,52.451469308066],[-3.2306656138146947,52.43049326630615],[-3.21954039165708,52.421232661224415],[-3.1989993653152755,52.41694590115727],[-3.1605803981096035,52.399915628527054],[-3.1544455181287137,52.38770172597904],[-3.1279717645718077,52.383403723003745],[-3.1038772077988006,52.37362658147809],[-3.091740892288207,52.3624894586607],[-3.0599298999025435,52.34799599889036],[-3.0413267647597957,52.34432611046783],[-2.974504326546814,52.3546878099559],[-2.9546523269671994,52.34914186928319],[-2.9616516784765983,52.33592301361948],[-3.003751196080721,52.3113243659602],[-3.011733910400316,52.27743191292059],[-2.9946791756277,52.27341005746343],[-2.9650945821948134,52.274317747690006],[-2.965597067552264,52.261999267959276],[-3.0055025195059133,52.26426074213738],[-3.0455996175051854,52.25306156844687],[-3.044146837783452,52.239295289164076],[-3.0703738221623174,52.22922799875683],[-3.0836517098142737,52.21014263976966],[-3.1000508020834276,52.20220932323299],[-3.096695616097999,52.180463955960164],[-3.122427136096176,52.16341074612625],[-3.094381804274504,52.15520315796025],[-3.0936862540795294,52.14429746216605],[-3.13586833860576,52.13789991809121],[-3.1419151003686205,52.12785886048361],[-3.1067119239184695,52.11873166266507],[-3.107206797783405,52.10481603490037],[-3.1226737964052598,52.103140994529596],[-3.1187915715242434,52.08880863839953],[-3.125888562251034,52.07830355750455],[-3.116407078757994,52.065826403287645],[-3.0907745541239366,52.0508186071484],[-3.0864855255985058,52.04113625163907],[-3.099192748729485,52.02267936357208],[-3.057022498259943,51.97525445795519],[-3.025921877911987,51.957264178051055],[-2.999236970716921,51.923451584564226],[-2.976659672697058,51.92748391308431],[-2.9684214229069523,51.904532933403026],[-2.9280437016997065,51.91388544940485],[-2.8754180355394876,51.93308178515128],[-2.8211293334085665,51.905425581300115],[-2.7969908998254174,51.888406971081814],[-2.7693582636452376,51.88027186423727],[-2.7787953963333596,51.86585331376737],[-2.7388454697645863,51.83661125998396],[-2.716098397245987,51.84072968993947],[-2.6933627606322994,51.83386730549546],[-2.682612571492393,51.83775949917696],[-2.6576071394960645,51.831523757558344],[-2.6588596425614517,51.81144768411671],[-2.678299490857754,51.80331338912015],[-2.671470129114492,51.79502055071939],[-2.680448729614464,51.768925062545456],[-2.6627761230489297,51.75359897392553],[-2.669531532088207,51.74272634133975],[-2.6857605500512416,51.731820809433025],[-2.6789460407159997,51.714057234392484],[-2.6683873931779347,51.70689581601168],[-2.672293311290354,51.68189324500382],[-2.6568447907301698,51.675623000667294],[-2.667396615435557,51.658412416002164],[-2.6675445420054227,51.63566249238704],[-2.649228910545603,51.62964523525982],[-2.6237867667602774,51.65467832318661],[-2.6253992671385333,51.66141424934262],[-2.59763790785347,51.67831166618254],[-2.5609981965415227,51.69438507959566],[-2.505394705246368,51.71037288515422],[-2.498150373720462,51.72392103883936],[-2.4735739484883874,51.742960815853664],[-2.4260012482038555,51.764186177042475],[-2.3854496231400595,51.77635783735113],[-2.3831117828345745,51.75853910285],[-2.432537160089312,51.73653792507619],[-2.4514839852680135,51.73932815318772],[-2.4818583297346737,51.72563808247786],[-2.4861843278401463,51.705185850013606],[-2.510709709413462,51.68517659251495],[-2.5585309908582214,51.66633324444747],[-2.5913580140490753,51.622943465664235],[-2.627785138980097,51.60564496224937],[-2.6435758539250434,51.58596809430859],[-2.6666295974666117,51.56874634761914],[-2.6680570493869724,51.554010048568806],[-2.702858740275893,51.51533099361524],[-2.7354056116767875,51.49355152003309],[-2.7732187652462215,51.49467257241048],[-2.799862040263814,51.48519971814281],[-2.823641236686014,51.46712574984562],[-2.8490693846820725,51.45540639138226],[-2.866705472892513,51.4366682020707],[-2.879158186280079,51.43185655091674],[-2.8879583130667106,51.41449738294048],[-2.912953045993154,51.395943040918006],[-2.9372668101270367,51.398094895986446],[-2.9719235549403313,51.38962806251003],[-2.9624758902893737,51.38239662054255],[-2.9669500987101998,51.364002601068876],[-2.982803088756268,51.349640529913515],[-2.992467688626729,51.32066424556105],[-3.011722164206522,51.31991236929966],[-3.0206164783014433,51.273076082930906],[-3.0192116329405985,51.26049592344963],[-3.0004989969433704,51.24162349626928],[-3.003507544193833,51.22402570585431],[-3.018276266048932,51.20712019717626],[-3.0296221639997944,51.218466264253735],[-3.059379074407461,51.203837772039655],[-3.0806091732024363,51.20193206949476],[-3.103250693610586,51.2084723049396],[-3.13173658046638,51.21082106878189],[-3.156497172119557,51.20815572087557],[-3.180685097166894,51.19973372396555],[-3.1957769089267316,51.20239511739939],[-3.216309258031682,51.19428480828898],[-3.2568266536498736,51.18773822439149],[-3.2759684448942927,51.17977239606443],[-3.3078965821135013,51.179636070604126],[-3.3723880364131555,51.1848534627962],[-3.40474106618313,51.18262346870763],[-3.423486000762427,51.190177264481484],[-3.4475879731615686,51.208903648971095],[-3.4676933400109173,51.20764964847144],[-3.4790207123900116,51.21699609982108],[-3.5336067736470578,51.23065890806398],[-3.578694507363507,51.232143613215065],[-3.590669546680556,51.22326441405627],[-3.622000916121383,51.21667046462694],[-3.6412812730853354,51.22290821117332],[-3.7697626554385897,51.23766209121021],[-3.7854658816552926,51.246406057004634],[-3.806643214254014,51.23233031826701],[-3.8392161630112045,51.23499726387025],[-3.8920125415810687,51.22377040185822],[-3.9040488817690067,51.22963905138222],[-3.938750958170954,51.22877872671625],[-3.9474702478685657,51.221722686148055],[-4.0283518191199414,51.21638252425214],[-4.038724681227412,51.20667284866049],[-4.065178146084637,51.215125381224155],[-4.08780011213706,51.21732020106953],[-4.121950960245745,51.21214068224948],[-4.177611353300802,51.197308484267985],[-4.198374680491832,51.199353164259115],[-4.214321877983779,51.18991440484582],[-4.209733336353753,51.17077469388159],[-4.222430626025768,51.14464347183306],[-4.2431532276221215,51.12282750124372],[-4.222427964898019,51.11769741495223],[-4.223200694065606,51.08744755217691],[-4.217409456789361,51.07680677412807],[-4.191762385229275,51.07009749528397],[-4.159530535733009,51.08505370088639],[-4.153052543786808,51.08013479478667],[-4.18066136641892,51.06652010306279],[-4.190627959850386,51.05479008688517],[-4.2062124538434835,51.053350084496785],[-4.226421022216534,51.06052322070477],[-4.236449574239251,51.0429371882145],[-4.263195603117382,51.03378024647805],[-4.278768845755002,51.01634412046061],[-4.302969259034023,50.997759594321856],[-4.3433589911752915,50.988927198515135],[-4.374524587076014,50.99007657661101],[-4.395434161386015,50.99656923587836],[-4.425363477277583,51.01365944229432],[-4.451603441298604,51.015095534144734],[-4.46942992776282,51.02158686894678],[-4.513391764544433,51.02237918757273],[-4.527402335091087,51.01851964824151],[-4.533094535125315,50.993748194154335],[-4.53291911472312,50.965721035252486],[-4.549176535600273,50.938755958001195],[-4.54603474582694,50.92837658987522],[-4.562178550215465,50.91697887191602],[-4.565814583690867,50.90498891667576],[-4.558865579762272,50.87594256691917],[-4.553758449771154,50.83215120633299],[-4.561910594494394,50.781338464438015],[-4.590246299011433,50.76624361580515],[-4.631055696440337,50.750255593858434],[-4.654541681122757,50.71627306760417],[-4.681180745975441,50.7043798088876],[-4.686243875835711,50.69584201168235],[-4.727937936721466,50.68148368663963],[-4.73214215042385,50.67295666344711],[-4.7643558524903495,50.66988121473229],[-4.770403666125317,50.62237984592637],[-4.798185446107924,50.597529661554],[-4.824851603256318,50.594748327689786],[-4.846684597387915,50.59779100000345],[-4.870877554562247,50.591482399415206],[-4.881232499756782,50.58313831944842],[-4.90824914114658,50.58451504057851],[-4.9205736621595575,50.580012422446345],[-4.930990213827766,50.55064978991329],[-4.914206557905303,50.53708068812434],[-4.934338128487686,50.532667513693866],[-4.933985846636307,50.54707249940216],[-4.94955287068557,50.556570107353615],[-4.972133784127254,50.557688507009374],[-4.978326426200264,50.54669345120259],[-4.998548074072648,50.54031702135626],[-5.015112865671708,50.54410490646934],[-5.029226015363744,50.524787464847996],[-5.028400627607824,50.50960513387271],[-5.039766198248112,50.50377958496522],[-5.033076295946588,50.48820527237258],[-5.039688406410775,50.47416736062982],[-5.031905342940582,50.46732365673135],[-5.040671491799728,50.44794159223684],[-5.059088555741845,50.42412552218981],[-5.078738319192378,50.41553265831275],[-5.102389980686209,50.41312303556298],[-5.122544699120317,50.40492470512865],[-5.148856357907179,50.40057714348055],[-5.14643970859523,50.37527458040107],[-5.155020188124403,50.34888972942406],[-5.179881763228355,50.33628723269869],[-5.200686761401767,50.32011201544674],[-5.234781696658031,50.31794586887257],[-5.233765792141528,50.304793671094245],[-5.246988823668763,50.28425531493697],[-5.285446539432727,50.26485597957413],[-5.3022977518071714,50.26093898536245],[-5.324758131698882,50.24427465830925],[-5.342692088813306,50.23800845012523],[-5.372264863194458,50.23680685560918],[-5.390895059466876,50.229843348610856],[-5.4019289968255615,50.21581686183349],[-5.4367568409400615,50.193533549880364],[-5.469113084194268,50.19987474542261],[-5.469365625714648,50.206375812636246],[-5.498269830229466,50.21988233439788],[-5.541764298759157,50.21400455570694],[-5.565354590889229,50.19961934095991],[-5.603315593437646,50.18868522735757],[-5.626072614480286,50.1691537037553],[-5.651209725829138,50.168211238794434],[-5.689474722051171,50.152101070213824],[-5.705777089841481,50.12602776918731],[-5.697295762438166,50.110843654854584],[-5.69260360946508,50.082844432844105],[-5.708749681436059,50.07768180696399],[-5.715753826016168,50.065241296516604],[-5.693954903738909,50.05326691251171],[-5.684523879202724,50.03792966903874],[-5.654283275958473,50.03785683467024],[-5.619084046874105,50.051227897827324],[-5.57640507994313,50.05208782892583],[-5.554532635707783,50.05983098653345],[-5.53323725819398,50.088521383011],[-5.547795314602374,50.10792632313463],[-5.524607620783356,50.12599462496258],[-5.495871798510127,50.12872046280027],[-5.464121555474787,50.12333205984572],[-5.423195520092318,50.09850859695995],[-5.391193714761442,50.1035217109749],[-5.366214326402135,50.09366019713774],[-5.334859266744093,50.091383047946934],[-5.305815404105839,50.07674952195645],[-5.28039212153562,50.05695927218016],[-5.279994814406662,50.0418718139542],[-5.266408993609622,50.0374972678524],[-5.255862371349969,50.021726360568245],[-5.266773974755295,50.00048584487567],[-5.256280732424099,49.99739531507662],[-5.235515697975837,49.975993729330696],[-5.217121823255004,49.969140346799925],[-5.215851586320757,49.95954633891352],[-5.185556080033273,49.963107385936794],[-5.188525979178374,49.97413408309478],[-5.163213283015066,50.00572171370087],[-5.121459792143089,50.008940158970766],[-5.101259604666012,50.004261027367164],[-5.089344533144017,50.03134537275902],[-5.070309092247088,50.03460713963111],[-5.058218563605868,50.053631689164746],[-5.075081158180811,50.082168315778645],[-5.118228682964758,50.09622366566319],[-5.0854082794960345,50.109307998996115],[-5.090555897084578,50.12459746014029],[-5.0576017048899535,50.14776784580285],[-5.0535712245813915,50.16234144636252],[-5.0549571008536,50.19793114769994],[-5.0314636713178835,50.200326413081726],[-5.01982600920263,50.176546468331026],[-5.028165383756525,50.15849278017516],[-5.009560765340615,50.13930952821693],[-4.972461640543257,50.16467965266988],[-4.9746332114538365,50.179852370394094],[-4.957526354341051,50.2022126896398],[-4.933692686528814,50.20710614688134],[-4.91594405622492,50.197187392071264],[-4.899796750856107,50.21427318688256],[-4.8740843800825795,50.23047976627707],[-4.844775468053556,50.23483999034949],[-4.813227675736846,50.22984531882188],[-4.802472389218768,50.21876772582543],[-4.788076037797052,50.24216648980803],[-4.771246223464623,50.25817255626879],[-4.785478838467698,50.26262249824999],[-4.784321878023415,50.284630359077404],[-4.75397734093203,50.30596225995514],[-4.7667673578240635,50.322220628446615],[-4.752454647355771,50.332225039748685],[-4.706170153359081,50.34047968462706],[-4.681935241765208,50.338345662119224],[-4.684784507424535,50.32013674567087],[-4.651679331311124,50.32694504549901],[-4.598375453219163,50.32390133921387],[-4.578452679938924,50.33258446090767],[-4.551419407612968,50.32432748628408],[-4.531997106623723,50.324872044938814],[-4.498063711529756,50.33676197322505],[-4.452420880265295,50.344880449925256],[-4.4353768429565195,50.36108570077251],[-4.3863251641657195,50.36433745051914],[-4.368025081157915,50.36029881063352],[-4.308119150450683,50.361411345841255],[-4.278579670099265,50.355349257095774],[-4.244657776686326,50.34207283896502],[-4.207699151476717,50.31853662368141],[-4.188046423603771,50.34090153861266],[-4.167341658584753,50.345665012898635],[-4.174359977241395,50.360571012970325],[-4.197313618726874,50.35325699381587],[-4.206269876204751,50.36173461852428],[-4.194754092220054,50.37187043711136],[-4.211844308763134,50.399337532919624],[-4.205798596551852,50.40806047464468],[-4.211303479215189,50.42406444154827],[-4.199283304072023,50.43573142763992],[-4.185049699032045,50.434223432817085],[-4.205307356475887,50.39954625334066],[-4.191795423278756,50.390958455984894],[-4.1854418765379595,50.367220367014724],[-4.162199631735093,50.36107784264549],[-4.126364933800115,50.36474974608733],[-4.1206270069270525,50.32176997321794],[-4.104916219470715,50.314896669884355],[-4.085164542318424,50.31783227351097],[-4.074373882303276,50.30348865722793],[-4.035154296628853,50.29284027999402],[-4.011453263514454,50.30315756186649],[-3.975671677618677,50.30742940874231],[-3.933260652848537,50.29537445956522],[-3.9099289883603467,50.29434999939845],[-3.858061251786773,50.26061266782372],[-3.8599664095981754,50.23426077908794],[-3.8379517594989143,50.22871964859673],[-3.8225235972041087,50.21728274884985],[-3.7869112662952626,50.209823736938134],[-3.7734486174963076,50.22414159086078],[-3.7365730255945517,50.21441573864856],[-3.7227872389676047,50.20251725515174],[-3.7037632827412876,50.20839355703454],[-3.6809401120053056,50.22242496083166],[-3.650383404733114,50.225064196472005],[-3.6595017543034185,50.23826068548049],[-3.6463490490522448,50.28305801504658],[-3.63342658432774,50.30092986870857],[-3.612702749877434,50.3172864600482],[-3.5657311055777776,50.33630227573653],[-3.5763498164649663,50.345563759936304],[-3.580538583669941,50.37222014153479],[-3.594807412382444,50.380878091296836],[-3.5876911372223166,50.394822747921765],[-3.5725214047974987,50.347148246611894],[-3.5441553479788266,50.33539974494598],[-3.520446151130517,50.34512555297654],[-3.5161976133605863,50.371354978449055],[-3.4927957611473106,50.39156179996653],[-3.5195070070926007,50.40318727579814],[-3.555245150462296,50.406777024744905],[-3.5591031262179205,50.43551304234891],[-3.5519878748361227,50.451165983640685],[-3.5335540462343475,50.46308155505264],[-3.5159198039806245,50.453777122166265],[-3.490366465490253,50.46913837173044],[-3.5147848040243415,50.48170264105152],[-3.513294004270178,50.50620617412927],[-3.500770073090416,50.532876902508406],[-3.507379240464702,50.542161250973464],[-3.4701978940118545,50.562646417817845],[-3.467526237340994,50.57736052830558],[-3.4439625607118134,50.59273397007685],[-3.4460935650606754,50.62483223445434],[-3.457635057173678,50.6570783907285],[-3.468181043960994,50.663965806849305],[-3.4633308259021014,50.67796845376015],[-3.4446984128580445,50.66891503593748],[-3.432864158430175,50.646079678127364],[-3.4155033278433153,50.62920296143304],[-3.41578725474422,50.61583429592689],[-3.3880317846609125,50.6090631868642],[-3.334959616716604,50.62524127548207],[-3.300630589667268,50.63152457725778],[-3.2852882892826227,50.65237688425687],[-3.264229322811229,50.67121745950408],[-3.230342185604,50.67945919997947],[-3.193120969439687,50.68441791262795],[-3.1265357611716187,50.68690075459568],[-3.0960115719303998,50.68523855413327],[-3.0790303578763147,50.70244960792555],[-3.022620330191257,50.698403289108626],[-2.9820004583126245,50.70510257285087],[-2.9398353331225007,50.71955670286069],[-2.9117496713623607,50.733795528884166],[-2.793708159832489,50.71818020860002],[-2.7396721377448663,50.70252559623193],[-2.678442038831414,50.680291030148396],[-2.6005565391156042,50.647515993735645],[-2.544629641710407,50.619306312072275],[-2.492776397685058,50.58991695093056],[-2.4492271141804243,50.56014346236038],[-2.456427644342933,50.54243865246788],[-2.4554631148030364,50.52574932790504],[-2.4370629178107883,50.530355070473554],[-2.418179548378207,50.5429160551505],[-2.41719373503922,50.55229806237822],[-2.4307109530331337,50.56765377986816],[-2.46050756308581,50.57102169811792],[-2.531552027328599,50.61742750805097],[-2.517488563031013,50.61787601777572],[-2.4903576401028307,50.591930339542095],[-2.4713081049089443,50.58433713950424],[-2.448408983497252,50.60109732230321],[-2.445300753719972,50.62298248199242],[-2.4195502885769278,50.636450397417256],[-2.395852287306808,50.63660018077302],[-2.33000602009822,50.626949887949365],[-2.272968272323016,50.622141013364],[-2.228219780449389,50.61611619766904],[-2.1985069936633623,50.62299111440395],[-2.179169050968433,50.6146652754885],[-2.15798796345824,50.615475559477645],[-2.1056163460897226,50.59700641250147],[-2.0767870651734937,50.59547998161396],[-2.0572299833694094,50.576989118292055],[-2.026352041308872,50.589013932272714],[-2.0035459985902,50.59182889233427],[-1.9609606207231194,50.591006695906],[-1.9500878548278042,50.604811297476054],[-1.9521633867227504,50.6240640533653],[-1.933167701075187,50.63092194214491],[-1.9527765205171526,50.65122324981138],[-1.9414260448181866,50.673913578308984],[-1.9508041061361359,50.67876099516137],[-1.9697185402165651,50.663828657563805],[-2.0119597509560943,50.682744403868256],[-2.0270433923212856,50.682225348569396],[-2.0235755801519386,50.70455489826448],[-2.0395768039488344,50.70721130419731],[-2.0771564349992206,50.69512096181287],[-2.0615346757643587,50.71677693657176],[-2.0369222565099023,50.71716708207099],[-2.012489386617965,50.71037430668298],[-2.0105436457707215,50.731981271197526],[-1.9924137402761781,50.73350389044922],[-1.9899960767647005,50.71213850391364],[-1.9664920630406497,50.71534024253435],[-1.9340053102902957,50.69915815158492],[-1.8904689594877988,50.71244940698247],[-1.865140035806995,50.717259642234104],[-1.8162928372332876,50.72059983217131],[-1.767013591148566,50.716215208882],[-1.761813451964852,50.72310649314536],[-1.7357843738299197,50.72700401084291],[-1.7221304568285856,50.73454484644804],[-1.6911886882593536,50.73755975271381],[-1.6470251206073168,50.7333349013681],[-1.5768533176388968,50.716505066586684],[-1.5555262853812988,50.72226648607051],[-1.5309512683540918,50.73704470189827],[-1.527540428280664,50.75319065633941],[-1.4835749400489369,50.75595747086539],[-1.4155350000562297,50.76726837442265],[-1.398900946214915,50.77744848689171],[-1.408735473847369,50.78669400476827],[-1.3540555951231787,50.783860401727495],[-1.3419305111524928,50.78600564031487],[-1.3276203949379695,50.80313383323253],[-1.3114842385463354,50.81343941239024],[-1.3381754532469865,50.82927156690338],[-1.3402793460029585,50.842700901224084],[-1.3739429024361547,50.85435226352279],[-1.4007637510818012,50.871921271534596],[-1.4397654265773292,50.90822802876822],[-1.3841107550944538,50.8906898884405],[-1.322297888727984,50.852053155941285],[-1.303177530837088,50.84847352328299],[-1.2999342053148315,50.83682972510033],[-1.2671309596618416,50.82734348685067],[-1.2471966919770552,50.81756349506464],[-1.215574477994081,50.81009067471715],[-1.1847873881311914,50.78788787217571],[-1.1612806835949587,50.78446192478858],[-1.1430352198995315,50.77372046785962],[-1.1163124770553434,50.78801254958183],[-1.1238168427668547,50.80617112085599],[-1.1420154820528403,50.81768710505996],[-1.1440379322821146,50.83905016833345],[-1.1063207487999864,50.83790400575031],[-1.0872328374368025,50.830684595534976],[-1.0784213301491863,50.8372803148844],[-1.0387489649717323,50.834644086733626],[-1.0206295777505867,50.843003871146564],[-0.9895840324407944,50.837680887055036],[-0.9710601426703007,50.84216710034215],[-0.9315854273422401,50.8405712161272],[-0.9426425209734146,50.81539113623461],[-0.9119408425927888,50.80120739522014],[-0.9075458007200576,50.81676447249298],[-0.892188253437624,50.81844089788528],[-0.8779446017589103,50.80766473334718],[-0.9014294375028985,50.789944921530505],[-0.9068559620922567,50.77433271193919],[-0.8639366952211028,50.762071279444804],[-0.8259758110942174,50.74531598980846],[-0.7998682587425132,50.72655845026096],[-0.7864450201736182,50.72245045375641],[-0.7628233877693369,50.74336164729214],[-0.7670613368949819,50.75928661713309],[-0.6939560153253405,50.778848682661405],[-0.5933845583320576,50.79226597190885],[-0.5417563150118561,50.801921261237574],[-0.44443101117926503,50.80237850498412],[-0.372543362145005,50.80859671025391],[-0.32815021430938646,50.81889824795],[-0.25142595209918706,50.83032008571241],[-0.17221395778480733,50.82376970412916],[-0.09210776554079324,50.811785009208116],[0.036214668426605534,50.781125974884034],[0.0777152047199789,50.77905136051504],[0.12193942321850283,50.75830943994571],[0.14636931663740732,50.75913995345612],[0.19135628487538278,50.74710916230543],[0.2071336706753906,50.739056493896896],[0.23986099272754613,50.73443045495362],[0.2655951315390472,50.74659726085234],[0.3098488807645502,50.778785914614446],[0.3265888227285402,50.784045056933024],[0.3437016766925409,50.80450687057478],[0.363565311194207,50.816129785682314],[0.41292098780977665,50.83014867459354],[0.4810337137909803,50.83765690215026],[0.5196631954897967,50.84782909059579],[0.592074852160013,50.85343293220371],[0.6700495206191343,50.87396711322792],[0.6821954045062971,50.885765661932055],[0.7201256459969457,50.90847231072152],[0.7523049038800697,50.92322636501163],[0.7933489871197316,50.93298817362201],[0.8961772754364208,50.917788734114595],[0.9523693236148237,50.91139687440644],[0.9767040030431668,50.91166025587763],[0.9813446491250098,50.923939137738415],[0.9666208375727173,50.95072061213265],[0.9643157856687717,50.96806404353779],[0.9734967869779442,50.99455943195411],[0.9967131674317006,51.0245859738819],[1.0393321535374203,51.050416397092754],[1.0755290234403851,51.063535108471534],[1.1007430169242296,51.06834929485334],[1.1897788696074483,51.0773811338839],[1.205675448041665,51.09270657435085],[1.2265585143990925,51.09959887817097],[1.2676289287516043,51.10173686379545],[1.3141052197635736,51.11443086183061],[1.347396935067953,51.13293485366632],[1.3767369135169685,51.140796447899525],[1.4020845144542327,51.167002961913745],[1.4055197883911605,51.18599594938902],[1.4050187994886412,51.228259891250126],[1.3993595540294876,51.24634902737425],[1.3780847028691492,51.28695909110682],[1.37444709535908,51.30785082853619],[1.3492406648181499,51.30156734279474],[1.347720603109304,51.27417929938512],[1.328100741944115,51.28688978646664],[1.3453885785180668,51.30798104584167],[1.3643526759422682,51.3138129032985],[1.3777275664075472,51.329253201575],[1.3992755262035326,51.3260534948328],[1.4248264427294353,51.33141050057045],[1.442174213578448,51.35012173467592],[1.4495284563686106,51.377472160207674],[1.4419116663830762,51.38715999073507],[1.4192022337762473,51.39157172112408],[1.384420336278386,51.39259186623963],[1.3133798166113426,51.3805554021281],[1.2900641698380344,51.38276191695661],[1.2510425892274517,51.37712516576061],[1.199310981233848,51.37988878170839],[1.1490527581237815,51.37313715938256],[1.0989486079405042,51.37261974687501],[1.0950439375287255,51.36862229478002],[1.0331511990002316,51.36557321122054],[1.012822875807284,51.35251017791428],[0.9902344218296123,51.346799909005206],[0.9393272792518413,51.34681455585235],[0.8967423956947135,51.34143481410587],[0.8622185187315484,51.3563310110699],[0.8224336539656608,51.354669334985886],[0.8063839792578475,51.3599181389807],[0.7644238988993008,51.36302767411002],[0.7627004147485204,51.384333761177984],[0.7264067856469897,51.399016265174964],[0.7168472295087936,51.41261817972306],[0.6958554252669088,51.40721077726685],[0.7143274448316895,51.38417499213522],[0.6749693727689122,51.375769090762084],[0.6479821305914577,51.39755389357557],[0.6163413908080241,51.37797736515281],[0.5925572916946339,51.388534316723266],[0.5532632741235461,51.40041643067465],[0.5483560075446989,51.407422893393296],[0.5754608329175902,51.415473257707966],[0.5917599708692203,51.41472779827542],[0.6205955505517224,51.42181430079106],[0.6189696892540746,51.437459240644216],[0.6333402311181404,51.44488690377123],[0.6592706081872882,51.448973787548525],[0.6778102782352797,51.433175430079615],[0.6997789343335384,51.433213227057024],[0.7232516422481858,51.44356563254825],[0.7204783848520268,51.459759440865234],[0.703005020212704,51.471344455341715],[0.64605831218765,51.478820381549475],[0.6152138738471378,51.47510848740831],[0.5878302632139166,51.48403540869342],[0.5259493726690828,51.48421227868411],[0.4802219477856812,51.48686677630234],[0.4684322101189801,51.482657257598326],[0.4543153228060324,51.46341940025536],[0.45942519446348945,51.45501850801576],[0.4143263670677239,51.44383907889087],[0.34848861230766864,51.44634092448887],[0.32838607643594603,51.45084895262818],[0.3105285486094803,51.466773915969625],[0.30012962425479606,51.45798718189448],[0.2741959141268892,51.45373992143372],[0.2116532553630746,51.48271118125886],[0.19377985772014214,51.47932255104599],[0.17246869800134973,51.48882563713348],[0.166548283661722,51.503453789906914],[0.12502293446048085,51.51299156542631],[0.12671371686101832,51.519570646460366],[0.1649734678839717,51.51164887226246],[0.17850163923168025,51.505273395029334],[0.18914599368594381,51.48771191722237],[0.2129320122328758,51.489875144655564],[0.24708975855443624,51.472788432851914],[0.278857953678972,51.462852472916545],[0.30856449983098205,51.47441190563258],[0.32536118655392887,51.47160275176588],[0.34083308228288844,51.45233310515212],[0.3589670506726079,51.451116510540984],[0.4152659023021282,51.45580493620452],[0.43430646979790666,51.4620103123743],[0.4410814222640731,51.50317461884509],[0.46856269945076356,51.50117138684177],[0.508448187510164,51.50532760280042],[0.5201294261235362,51.509912670074655],[0.516744005073482,51.52998928217056],[0.5423637311750924,51.53508359580096],[0.5450864847133127,51.547689495115584],[0.6086648271484094,51.53515506419505],[0.6431252455121182,51.54110337785293],[0.7027162982929063,51.53313697797587],[0.7570470371577743,51.528414857472185],[0.787371929987782,51.521854920927815],[0.8168069367684588,51.53912350504969],[0.8509553281336915,51.55386822948727],[0.8195939168679256,51.56517328497868],[0.8037458863277819,51.58910679214088],[0.8203967209060966,51.59890929239221],[0.8482045428435857,51.5964374985515],[0.8576359718066608,51.611854283111036],[0.8257273250837113,51.615340386063934],[0.8101936090439084,51.62157739778848],[0.7841564062027208,51.62326367352878],[0.7639272006718085,51.63681860552438],[0.7517416569843521,51.63149662992664],[0.7258867491077508,51.63473850442534],[0.6616019880983234,51.63399672522982],[0.6505827458120826,51.62851143577521],[0.6330310758082297,51.639861269397066],[0.7095476593342969,51.63708836668744],[0.7169822753304833,51.643082917562694],[0.7616191344333523,51.6427110761032],[0.7899014015704232,51.62698201120746],[0.859478470953637,51.62132766409401],[0.9041794705700787,51.622527771828125],[0.936958471127427,51.636217718883145],[0.9354703456430487,51.65025854476349],[0.9474395687410709,51.681054282278126],[0.9397961326063471,51.698929601973695],[0.9490711048502839,51.723162673737356],[0.9389458049624614,51.74232444512666],[0.9221854506025386,51.74844411401751],[0.8995560488029729,51.7448376931217],[0.8606206115261067,51.718905569448815],[0.8338135256087664,51.7150768738192],[0.819683611675533,51.721073126602896],[0.7949281159680369,51.71851627978313],[0.7920781974251541,51.71022653167985],[0.7591804790080752,51.69984363286951],[0.7546391948182911,51.709991771705106],[0.7098749883320266,51.71633853602526],[0.7034715909886582,51.72744481401209],[0.7215622118088018,51.73622937591209],[0.7446075448493717,51.73090688233474],[0.7915175044489003,51.744725551697506],[0.8135067552193727,51.73856458982678],[0.8389404791251429,51.738390557059255],[0.882657712014875,51.75760860933154],[0.8883456408607352,51.77931876768029],[0.9202953032795624,51.77311360817062],[0.9459155890374853,51.77477895142663],[0.9890412312140279,51.78783948510526],[1.0040650180463475,51.79765466893466],[0.9778473894213938,51.804633043860825],[0.9910452828346222,51.819460050120156],[1.0284787289079376,51.80044391879419],[1.045708895703372,51.77027327710046],[1.1162915529998192,51.77238885321982],[1.164692390464998,51.791017727455205],[1.2033756820018215,51.80297034733063],[1.2424753628776735,51.82378874912217],[1.2899825371708875,51.863534615291606],[1.2906091500460277,51.87414217658649],[1.2680095751559572,51.87417001263162],[1.2538004147820079,51.858046971034625],[1.2356278828676224,51.861393537657875],[1.2243221783440432,51.871773303181854],[1.200429502301479,51.87120839623209],[1.1999287339083873,51.88387508820953],[1.2254722458747322,51.88953600424601],[1.222023613959633,51.900568281358794],[1.2523044199128985,51.90100784016319],[1.261207706994628,51.916983012573425],[1.281340844333517,51.93479207754581],[1.2606127893865702,51.947738781415694],[1.2328192393913047,51.94057082043829],[1.1805175905567078,51.94173942334794],[1.1706568738526482,51.947983096963114],[1.1194455945689514,51.94004167150084],[1.1073965839398707,51.953801134449044],[1.1322187165961237,51.957583031020924],[1.1629022483741225,51.968666538339356],[1.186991848401849,51.95568673201239],[1.2197405443020384,51.952853412225004],[1.2373905792906783,51.961094008921116],[1.2693622930852284,51.95429231429899],[1.2790270702347482,51.960269301114735],[1.2672266285313727,51.98780444635852],[1.226850241867185,51.996749990405945],[1.2299797417025335,52.006347684151095],[1.2832572343260926,51.990038802406694],[1.2825702172805657,51.96608568371769],[1.3134037009629644,51.95241907927815],[1.3228263992146025,51.93554410833187],[1.3444728425726096,51.956910638599226],[1.3696855219963657,51.964328225975606],[1.3891065173336155,51.980023580619516],[1.3914497034746887,51.98936576350271],[1.358664190637803,52.009831917521566],[1.3548118190770404,52.0230238193971],[1.342321420323936,52.02599752680732],[1.3352581539805806,52.03891265130245],[1.3308564850995726,52.06823975647665],[1.3437325764883177,52.064126816847626],[1.3522468518438802,52.04497534679457],[1.3453743549673376,52.03069099688745],[1.3660261752708833,52.01895711364115],[1.3658954193718558,52.008345336707535],[1.4087608143590227,51.99230335890645],[1.432938385666514,52.00811512956414],[1.4608668588814386,52.04698958193792],[1.4784306156416187,52.05850488819736],[1.509261857232799,52.0695374533072],[1.535948223033711,52.08763203592365],[1.5660140300262162,52.10028353305748],[1.5661908995226148,52.11179270009166],[1.5818642174116893,52.11975826480726],[1.589627145995595,52.136462274148435],[1.5400361108487701,52.156137422507555],[1.554246798516948,52.165429744770144],[1.5798698864812581,52.154925916652346],[1.5980954210735188,52.13964021857975],[1.5869040744904672,52.11976535460618],[1.5707615904197434,52.11152936112058],[1.5677739897089957,52.0978633284642],[1.5396326325002656,52.087205900411895],[1.5374066041229058,52.07470752612606],[1.5648594615833868,52.079874668384406],[1.582366359375048,52.090757276765785],[1.6100864634052738,52.169505948620106],[1.6230815486954708,52.18851707866811],[1.6302001373109418,52.26726625629933],[1.6441620188830246,52.29531609565432],[1.6723860693574515,52.314076269434416],[1.6382243218274568,52.330021392073576],[1.6165755002798274,52.316703227966684],[1.5973530858051834,52.32381377211977],[1.6374303449898908,52.331723394936596],[1.6748388215715067,52.31361539211886],[1.6897972910783785,52.3459869630005],[1.7276893438981147,52.40005314670706],[1.7304104427956215,52.43687334944667],[1.7465221397870483,52.46629972755909],[1.763207311251606,52.4811754692462],[1.7391309663126615,52.533957079651984],[1.733535619810492,52.551800496447825],[1.7313469053557318,52.579944405329556],[1.7254297585157314,52.59270518295358],[1.7248960405851614,52.60340461982741],[1.7113285179717646,52.61110354736628],[1.6836802090292762,52.60064539851671],[1.6500399789010707,52.59385238765392],[1.6505166196043661,52.576283956299406],[1.6439433713512501,52.57433164945336],[1.6360852710650713,52.57382245130276],[1.633291806091949,52.57036400007974],[1.6336512911488872,52.561204240523146],[1.6258024482758224,52.55410074966177],[1.6076919576345956,52.54840502019541],[1.5787528834396767,52.55601902058935],[1.5918088120966918,52.55820778960793],[1.5968842152747538,52.56438625404775],[1.6026603039861187,52.568104413557805],[1.6083067093378185,52.570191061879505],[1.6071850785789257,52.57416231966692],[1.6116783669864563,52.57536585928323],[1.620367720536133,52.573684445674886],[1.6273428496760916,52.57991431368241],[1.6295173352822403,52.58098028764981],[1.636043136936084,52.581806854119705],[1.6377479457929986,52.585994102164186],[1.6444972043253556,52.5883780332751],[1.6477857934659643,52.59381182780683],[1.6590282802317786,52.603928728742744],[1.6817411169347807,52.608349825038644],[1.6956802354489389,52.61828201607936],[1.7161489147964004,52.61663033041322],[1.725627538227227,52.60410602219267],[1.7267306204000805,52.59248340959199],[1.737458161901154,52.587281892956824],[1.745207165542855,52.626188569980634],[1.7281464429459317,52.666904374743744],[1.7097235716154862,52.694853046052174],[1.6974972689661825,52.723578002858645],[1.659044559224702,52.75519954425531],[1.5835434983741052,52.802065608828194],[1.5418711536510283,52.82043649536693],[1.4738680494099938,52.85615697819981],[1.4365265355444774,52.87945515784817],[1.4064721608338941,52.893790179590404],[1.3622742369692835,52.909482808898595],[1.3431308963793296,52.91993958321155],[1.298720352392505,52.933282435823145],[1.2175289343107467,52.945275243248624],[1.139985640990427,52.94928582228651],[1.017732050881439,52.97043593023926],[1.017597925702499,52.95636966157448],[0.9700067403154469,52.961818250499164],[0.9580910016119532,52.95709229544331],[0.9106227289557322,52.96329481289809],[0.8705962172652302,52.95633447083062],[0.850431670252823,52.95908282833288],[0.8453520401632116,52.97762853609132],[0.8051760148783286,52.97636859051621],[0.7743921447259297,52.979418012636366],[0.7180947446485988,52.97166736504245],[0.693295223054243,52.97895889791439],[0.6800873498403449,52.96777504203374],[0.662718315595083,52.978645944785214],[0.6177360717365493,52.97270380720538],[0.5879167435426284,52.97704434685845],[0.5341773426362969,52.974090365305436],[0.48973630714221433,52.94745648996311],[0.471588669370768,52.908548195288475],[0.44629292739726084,52.87558321020723],[0.4461467956227359,52.85853084025148],[0.35207603401578164,52.80933812128224],[0.3279781601470276,52.81843974517992],[0.28721003907989273,52.81919596901325],[0.2578301059587608,52.81598982702573],[0.21540399830655055,52.826050096930366],[0.17640614896714168,52.87401668849552],[0.11759356442749627,52.8926543420803],[0.08924357375914166,52.89591862729149],[0.07214122524706582,52.90540142310621],[0.029621151087040574,52.898969725582205],[0.07818033767954462,52.933626250416324],[0.0834744261784521,52.94845554804877],[0.1072806439879928,52.96695228549609],[0.1277324990142489,52.98868680912017],[0.15794503601785584,53.01000907455757],[0.1981655238927666,53.032286623809476],[0.23755337063466567,53.04526800084935],[0.27745475076525605,53.07040750843421],[0.31938702480798675,53.09165695798883],[0.3358940728823347,53.08954587977836],[0.3481065369043753,53.108974480081784],[0.3490086974483238,53.149165572417544],[0.35496047617360565,53.19175131382495],[0.3402395920031788,53.22100830063043],[0.34015905230209004,53.23329366309178],[0.3194649932965813,53.27158644799561],[0.2891147896538782,53.30554319073606],[0.23645711532952135,53.386580539101786],[0.22817361212423057,53.40639693418254],[0.179385576564946,53.44341541477741],[0.16632179241534378,53.473358859368346],[0.14790611518442362,53.49219245409018],[0.08514152618187312,53.499206916542036],[0.07960537553487002,53.513455027140715],[0.04034199372700727,53.52467341930784],[0.01927514882051361,53.52337053062445],[-0.005452995113187324,53.55272483097085],[-0.06120940325776691,53.58217005801773],[-0.09327024005749025,53.58102694161684],[-0.15278959317374763,53.61539227983651],[-0.20183789834443647,53.63709364096718],[-0.2524475095086935,53.677516609096415],[-0.2755799068798791,53.705103537271434],[-0.29979357416486635,53.71437571878218],[-0.33102018974060887,53.7114965092025],[-0.40652496497081386,53.69848804313432],[-0.4705711685154734,53.69820654785741],[-0.5033971029612481,53.68083688795669],[-0.5427894143207835,53.678522546257376],[-0.5609416780594906,53.684054511992954],[-0.5956269181666803,53.70210334262376],[-0.6114175226374738,53.71458237368232],[-0.639498268980335,53.71014851660913],[-0.6913904438630816,53.69675614898752],[-0.6705685192176207,53.722087447383736],[-0.6166439846066021,53.73115538527015],[-0.5894985638372273,53.72799130337525],[-0.5531575013673132,53.70952899419182],[-0.5352881051702971,53.70913025777529],[-0.4867424463990741,53.716459724817],[-0.44763437422671626,53.71389105551947],[-0.38461147838005727,53.7243204950172],[-0.3349342720029385,53.73777139230891],[-0.29723415225681366,53.74283195880865],[-0.2732468261323961,53.74003512019225],[-0.23623867160644493,53.72836026379221],[-0.19923359598155513,53.69396388565323],[-0.1726383159507026,53.679408122367015],[-0.11348759100970646,53.63943714327702],[-0.07870879278448965,53.630887797573315],[-0.04965021208477811,53.63208654988867],[0.03004962178550946,53.64923987821512],[0.0795519242506943,53.64098287627397],[0.1250097697648074,53.623259476075546],[0.12893314156334887,53.64556637255455],[0.09422812850203859,53.68207330844213],[0.045882788173595916,53.71918769519319],[0.04112757845171951,53.726224866030755],[-0.030688232913446016,53.783394617472716],[-0.13037934772525225,53.872107945917996],[-0.1570809887509977,53.903540436579256],[-0.20544469979507768,53.99004215471633],[-0.21641742667015115,54.02780259642262],[-0.2130665802388437,54.054271172551836],[-0.19733077037244187,54.07845222988941],[-0.16489368924895165,54.099546231345286],[-0.1404179779514328,54.10429758749134],[-0.11281476651978412,54.103311644989475],[-0.07886750194987531,54.11225079245833],[-0.09959164399125764,54.13007935604558],[-0.12930850262987711,54.135308659655124],[-0.17063876543001902,54.15093268455271],[-0.22718016158821636,54.159892263119374],[-0.2633788238402279,54.17584870028001],[-0.28543349168853327,54.20282301261432],[-0.27746701516741845,54.21717288102325],[-0.315144029946527,54.23243100970364],[-0.3630385771591913,54.24446911372818],[-0.3677915494113798,54.253595146157025],[-0.39665934316955404,54.27447872279133],[-0.39571786199838593,54.281635309483505],[-0.41761561455565793,54.31057779205942],[-0.42334278782333673,54.33904764471344],[-0.47167302137906963,54.39698485985342],[-0.49153800920690693,54.40791171178026],[-0.5228975746328777,54.41620918483984],[-0.5313186060943741,54.43659814691626],[-0.5214304386435258,54.44690878338612],[-0.5568526392133109,54.465026976406904],[-0.5639914778556281,54.47592700418536],[-0.592816884867899,54.487646625025064],[-0.6547694926075005,54.49749792592342],[-0.6726153667206601,54.512499799668205],[-0.714587631590543,54.533546560005064],[-0.7487788527911704,54.53134825693968],[-0.7510638285948268,54.541956568101575],[-0.7837308268389641,54.55931877660951],[-0.8089136315684531,54.55858360275137],[-0.8534179689122,54.571766822349986],[-0.8979470598254954,54.571268115354705],[-0.9200720728937679,54.58476624703362],[-0.9429767316708596,54.58906507017477],[-0.9610468856843055,54.58488747555844],[-1.0017841983186673,54.59357180490584],[-1.0366699058803137,54.60596654848203],[-1.0512383412999675,54.615870452557566],[-1.088809570594083,54.62112292875499],[-1.1348177143594629,54.638582860313285],[-1.1628382939056543,54.63470827230201],[-1.1646118567150001,54.647287761335726],[-1.1845480827116333,54.66044464779096],[-1.1991196752797841,54.68072243234399],[-1.1978388142171263,54.69184380543029],[-1.1779041049959798,54.699208948576754],[-1.2248845968511983,54.714753817229244],[-1.2491011075695917,54.72757122166367],[-1.299324371219684,54.766258552100666],[-1.3101051874971354,54.782250147306094],[-1.3126172826706384,54.8117804336107],[-1.3421087495391621,54.8506562914951],[-1.355985070339201,54.876003315337414],[-1.3609235965885549,54.89984428286443],[-1.3530352064635203,54.90638246655086],[-1.36750670724634,54.93699908580556],[-1.3532685781949747,54.95755273050657],[-1.3811778422283998,54.98553112571003],[-1.4074545034103556,54.99572802842983],[-1.4324433775603,55.034342547537356],[-1.448450266696803,55.050778677127674],[-1.4532313832237607,55.06988010152388],[-1.488878989618101,55.095353434812],[-1.4977600398299828,55.10813528027084],[-1.4889142441078125,55.11859364736227]]],[[[-2.085735546324837,55.76274794961002],[-2.0547123136525887,55.758246464255166],[-2.036041621453217,55.77019575186711],[-2.0146708459502456,55.77451642506296],[-1.999933043005313,55.78596817511895],[-2.031131841401401,55.80418714240451],[-2.0344084078593987,55.811118428002445],[-2.086114495664564,55.793048610077214],[-2.085735546324837,55.76274794961002]]]]},"properties":{"CTRY24CD":"E92000001","CTRY24NM":"England","CTRY24NMW":"Lloegr","BNG_E":394883,"BNG_N":370883,"LONG":-2.07812,"LAT":53.23497,"GlobalID":"0114789d-8d17-4711-9de9-8f9ac600038d"},"id":1},
{"type":"Feature","geometry":{"type":"MultiPolygon","coordinates":[[[[-5.261682393210426,55.72115883868047],[-5.28325771792476,55.71973833613767],[-5.316176654909665,55.705884124296716],[-5.33010481871245,55.688472008751],[-5.362864699747485,55.679429976161],[-5.38128253422872,55.65491790065904],[-5.395067224378477,55.627168935072525],[-5.396421550651267,55.612893765899436],[-5.371586429425884,55.585537124479615],[-5.349115800482537,55.57090519696797],[-5.342648768409489,55.54359827592335],[-5.354397047149579,55.52671228275798],[-5.353598660329476,55.507014759982596],[-5.327085753284128,55.49803002386269],[-5.316899067011873,55.468100266865136],[-5.286860078281902,55.452595167681835],[-5.2514134767725995,55.43943707081593],[-5.200262473448077,55.43385818856058],[-5.1787775684710615,55.43447184880045],[-5.158962842268186,55.44227672039415],[-5.105787824281247,55.441649641734244],[-5.085051957697033,55.45311386664556],[-5.079406269054542,55.46459720558611],[-5.094558000514323,55.48644105446082],[-5.091911058774635,55.51148429936676],[-5.125145777899361,55.52413455223774],[-5.1175283089233705,55.54061117295872],[-5.082944814177675,55.55270961675113],[-5.107151594064664,55.57075213021229],[-5.149590739945689,55.57778492579365],[-5.1529762311400376,55.59179793783356],[-5.132746216274747,55.60223083694345],[-5.128532790760366,55.61272656804873],[-5.139131130149463,55.644092634398554],[-5.168486063198359,55.68378643932049],[-5.202281632055675,55.70265993904391],[-5.261682393210426,55.72115883868047]]],[[[-5.721952842292021,55.72853271277372],[-5.761298021592655,55.690406328259826],[-5.774926494153265,55.67310001438543],[-5.7601750596726795,55.66903033653785],[-5.768702802178876,55.653324254197216],[-5.754721955376987,55.65048917147385],[-5.734397328230571,55.659405507247925],[-5.7365660335162385,55.67713477582834],[-5.723584015706831,55.69858019367614],[-5.730890996649879,55.710834635892205],[-5.71442373126295,55.71805593312969],[-5.721952842292021,55.72853271277372]]],[[[-4.901745695126188,55.79284392297693],[-4.929590762079405,55.78446122989743],[-4.950972765005464,55.75019967927847],[-4.901692739569645,55.75288171197822],[-4.901745695126188,55.79284392297693]]],[[[-5.184223823261513,55.92546057075035],[-5.210366923182624,55.91002417760428],[-5.213379573356386,55.8864769311854],[-5.169473964845004,55.85180014137245],[-5.145736029555281,55.85165926671162],[-5.1385335622832145,55.83604352466433],[-5.14291741766011,55.81327239752985],[-5.12675507087007,55.80948745088671],[-5.128879556247586,55.790553574999045],[-5.116924779326998,55.77164161757795],[-5.1026310361705125,55.7797123722312],[-5.060961538440488,55.758509255412214],[-5.05378956065169,55.73325948872285],[-5.03183309608348,55.72214416689963],[-5.004162184847658,55.73213335029793],[-5.012330096778437,55.745606367746],[-5.032101362667991,55.753609480808755],[-5.0088169826535465,55.76361774668082],[-5.00210583968286,55.77493443169282],[-5.022320277320286,55.809350422144774],[-5.023735560183442,55.840838280697646],[-5.061726477009514,55.84142112640785],[-5.061582183180624,55.85835752340943],[-5.090933780341471,55.86154915895046],[-5.074951221029912,55.87421160640219],[-5.079963489547297,55.88219358041384],[-5.113755053745942,55.892419430410015],[-5.158389935681922,55.92091098528004],[-5.184223823261513,55.92546057075035]]],[[[-6.071893297631081,55.66454344812811],[-6.025224765270612,55.67897516512357],[-6.0405396887630785,55.70856358317258],[-6.031061462182669,55.72862799198652],[-6.053119400805219,55.74308296213383],[-6.046953931844791,55.76365178732444],[-6.0840210964668024,55.78258692393706],[-6.1059716722537,55.81915504447828],[-6.101488625674706,55.840354020805556],[-6.109028812087133,55.86153685694273],[-6.131084350355711,55.8955898630021],[-6.12013366452278,55.934408299377075],[-6.162596301312685,55.933451307391586],[-6.173741285553214,55.925806703171865],[-6.197011375863313,55.925167605586],[-6.235195022419316,55.90100030000036],[-6.269433138289122,55.88815052078665],[-6.3050399979142995,55.8672353284196],[-6.3373269806874735,55.82503405609729],[-6.34613946169478,55.83452151329874],[-6.337068284444302,55.86936886124789],[-6.321767656222773,55.88643819165098],[-6.3342475185206935,55.89111981419614],[-6.356259905380089,55.87562740924316],[-6.370892958798837,55.87501355372964],[-6.3930971821553735,55.85794575566533],[-6.4171874103455995,55.85391564182782],[-6.428133494145142,55.860654410007825],[-6.456372866229744,55.848681752295285],[-6.457989780748044,55.809796154648836],[-6.486332477335794,55.79155576967779],[-6.4616597063821875,55.78680597035391],[-6.456035134406941,55.772685632176746],[-6.465764201400479,55.75273903012661],[-6.496132598220593,55.736740075780624],[-6.505424675923316,55.720215852911366],[-6.50034661946868,55.70635693033186],[-6.523932943298387,55.69214353609408],[-6.50983900582572,55.67685141495037],[-6.486351847704008,55.671749992536064],[-6.4148121830461005,55.70604951021312],[-6.373030341175877,55.744586428913145],[-6.346645486836947,55.78415135762462],[-6.329511276393592,55.78670878149255],[-6.279895261728915,55.78105924845617],[-6.263167242808422,55.78401408894841],[-6.2522121523467,55.773506785103095],[-6.261921222615389,55.76384894295676],[-6.295837926666744,55.755502388105256],[-6.332074004512947,55.741742160775594],[-6.335660440094469,55.72374710585925],[-6.291155025239264,55.70515193668235],[-6.268871050689787,55.68056258042376],[-6.259541216677643,55.657825134056075],[-6.2735185083046865,55.64953319238807],[-6.30900547769113,55.645623729238615],[-6.331848284232954,55.62083432735705],[-6.332086398237621,55.597171798808766],[-6.294667981041914,55.57974151129819],[-6.266820746716303,55.579982573068456],[-6.24101386035597,55.59176075905281],[-6.213052284477615,55.619302669355726],[-6.217685717758354,55.62999305436584],[-6.1939976272023465,55.63297320555658],[-6.14944377409082,55.625570522751104],[-6.091807829948024,55.64632802750513],[-6.071439914880637,55.64947533133609],[-6.071893297631081,55.66454344812811]]],[[[-5.66832818932026,55.96100468685775],[-5.692979262751698,55.95633033095668],[-5.706104740259338,55.9387749474325],[-5.688670831321898,55.93528810568581],[-5.66832818932026,55.96100468685775]]],[[[-6.219495768423335,56.02696401711077],[-6.269514333042027,56.02431358369836],[-6.237452999793051,56.007284821835896],[-6.219495768423335,56.02696401711077]]],[[[-6.1470891974880555,56.13332484783711],[-6.180867581314104,56.117687822379736],[-6.175296994401511,56.10684957076533],[-6.23249784177673,56.09405711930825],[-6.249110210373855,56.081078444155544],[-6.255125314510605,56.048879432977316],[-6.26877997714193,56.036121173180874],[-6.228752792599433,56.0342777417995],[-6.216626240731042,56.02819097320569],[-6.18630839501125,56.04202330265776],[-6.182389183726192,56.052188846561044],[-6.197034447901567,56.06066373488862],[-6.167737693676169,56.07804724321332],[-6.162873309155814,56.0911533142697],[-6.134182218395653,56.12026909945326],[-6.1470891974880555,56.13332484783711]]],[[[-5.705574344396486,56.148809815424364],[-5.744767312042141,56.13826640722668],[-5.7469080586759915,56.129740153591534],[-5.795699265795082,56.11315563921305],[-5.817944744591836,56.100693960009366],[-5.822934931252453,56.08904740973472],[-5.862812653467928,56.0788301449409],[-5.903528828415229,56.06129375255382],[-5.905021838924493,56.055401314646986],[-5.950039980353984,56.03754589129794],[-5.963801788504874,56.01692419900458],[-5.9904636839670085,55.999925442485285],[-6.002434328929468,55.985728260583706],[-5.988334114125406,55.971887297496615],[-5.938442813407415,55.96082766809592],[-5.916545298783995,55.973599119644696],[-5.885185820467027,55.98046506326535],[-5.886716428188528,55.96903671946798],[-5.915914899813123,55.956429828584426],[-5.959177012306049,55.956360941743],[-5.979401906855596,55.94909938951367],[-6.000329837104303,55.95280612970118],[-6.043070919525852,55.939299864648525],[-6.0635202306486455,55.92244720498678],[-6.0736370781677875,55.90585265553998],[-6.092476192419469,55.892150736130034],[-6.094666954901899,55.872939861371165],[-6.086353259077413,55.86347678097961],[-6.091543599730172,55.84683622035462],[-6.081429160863458,55.82214061683633],[-6.06469735621767,55.80609838945501],[-6.028120263791319,55.79527548279301],[-5.96292848838139,55.795420508165904],[-5.94258941119359,55.828254261315195],[-5.950788079021557,55.83659813124033],[-5.936557629982512,55.867408856065204],[-5.896091381163806,55.87153955378835],[-5.89743244346185,55.889896231254845],[-5.877677387889183,55.8968561875479],[-5.868358750255814,55.917450094742144],[-5.8531646055766,55.92762532217354],[-5.834487708766686,55.968175066439706],[-5.814703396328462,55.979414094364],[-5.79478163385765,56.01094911407102],[-5.777011706727314,56.01646824461678],[-5.752000330993474,56.04958054619836],[-5.708215958149016,56.09503250676538],[-5.6895445755475995,56.10893151394442],[-5.692045811290993,56.13686549008913],[-5.705574344396486,56.148809815424364]]],[[[-5.684347918051788,56.19773614784896],[-5.727436760581097,56.19009340614639],[-5.747524407000108,56.175887058384255],[-5.744179951226693,56.16068715088017],[-5.700605759924987,56.159640979895066],[-5.670086411899672,56.17058664885077],[-5.684347918051788,56.19773614784896]]],[[[-5.607495898874081,56.22772268912089],[-5.618603503718248,56.20902431530659],[-5.611319869646903,56.19540002125384],[-5.589717872020504,56.20445446673097],[-5.595747125141813,56.226707423549],[-5.607495898874081,56.22772268912089]]],[[[-5.639060793623195,56.27084074486316],[-5.6514551036895515,56.261101879197625],[-5.6514210602889845,56.246937097682796],[-5.6657739178779805,56.21879183317231],[-5.650197796706669,56.2089174834641],[-5.643506915803412,56.19095253877087],[-5.63061185199811,56.18944655071912],[-5.631364596709149,56.21809644154876],[-5.617628785838472,56.24296137145551],[-5.639060793623195,56.27084074486316]]],[[[-6.373034141027336,56.30084738694251],[-6.38497405750404,56.290705992157726],[-6.3623091076638945,56.28448348860374],[-6.354486997209268,56.298790387325454],[-6.373034141027336,56.30084738694251]]],[[[-5.5822744379506135,56.32049719628347],[-5.600446902610592,56.31552490760758],[-5.6241046549376925,56.3188613165606],[-5.654211470612877,56.296902852647676],[-5.633200113247734,56.289108847235035],[-5.636685260266653,56.27527768961754],[-5.622558352998112,56.26516187346476],[-5.599186285863115,56.27997399482021],[-5.606542740123033,56.29795315353559],[-5.590253281699763,56.30176454942399],[-5.5822744379506135,56.32049719628347]]],[[[-6.385582020308186,56.350047285248074],[-6.407616537461925,56.34609361779901],[-6.430981441731428,56.33389872071745],[-6.421919240679732,56.32515386620936],[-6.4401999726788945,56.31021356922201],[-6.421793604085605,56.30672221170949],[-6.385875351174022,56.335412105999744],[-6.385582020308186,56.350047285248074]]],[[[-5.499377616154201,56.42554254793681],[-5.505469979172056,56.41828933544752],[-5.542831861713047,56.407625591173115],[-5.561803721219555,56.408164976388],[-5.5826798739695125,56.390979294015416],[-5.583598828584991,56.38032542085826],[-5.5577779169813075,56.38020504884577],[-5.5515976417379465,56.37278094137509],[-5.499097891184711,56.412387334282265],[-5.499377616154201,56.42554254793681]]],[[[-6.288826508972552,56.497102720915684],[-6.307930469044637,56.490140192594616],[-6.299357323274282,56.480579658851276],[-6.275609914960926,56.47534466595114],[-6.27481247634564,56.49214549269901],[-6.288826508972552,56.497102720915684]]],[[[-6.225597081554013,56.50022248175764],[-6.249532253537648,56.496436648841645],[-6.262427753320587,56.47545359498914],[-6.197641328844545,56.460571798288555],[-6.185902443413366,56.46638688236673],[-6.160102427576448,56.4634108508247],[-6.149608201945967,56.475037435711464],[-6.188770520367345,56.48517155658466],[-6.225597081554013,56.50022248175764]]],[[[-5.4278816841180255,56.56054674684748],[-5.4503680191648955,56.55181298754106],[-5.472761137728163,56.553002082244106],[-5.5008137417284155,56.52794097702848],[-5.532825596764371,56.50779494514285],[-5.567285184240076,56.496499283348044],[-5.584951109990679,56.462903650522684],[-5.50702255487801,56.498087048207054],[-5.486437583299741,56.51855954852648],[-5.434224676281016,56.55131834601391],[-5.4278816841180255,56.56054674684748]]],[[[-6.906985955435677,56.52397659919317],[-6.931987867914917,56.529435355833584],[-6.975985562264098,56.51690996345668],[-6.987247077831299,56.50538692608794],[-6.973812538074514,56.488400092728206],[-6.97121096519856,56.46625721660481],[-6.943070837519159,56.456889408131325],[-6.930290988687093,56.44380084634083],[-6.892187733164593,56.44584609104246],[-6.8974463160670085,56.47062478752511],[-6.878818034388978,56.487771854363025],[-6.856739697395309,56.49276757551075],[-6.814921572807163,56.487823304268645],[-6.7972597727610795,56.50862087938159],[-6.8036098355993255,56.52399436441636],[-6.782425957511658,56.527791175511396],[-6.723329028815826,56.5295926437716],[-6.728942870334544,56.54293553699922],[-6.74729151654526,56.5474900637544],[-6.797888370803936,56.53513589937503],[-6.817453200275301,56.543372342058944],[-6.832392644546013,56.53990977540198],[-6.874304382536552,56.51873208081527],[-6.906985955435677,56.52397659919317]]],[[[-5.924568165259771,56.51792808819615],[-5.952038217600973,56.518957506249265],[-5.963848089356574,56.530001973103836],[-5.970933288323518,56.55273652762392],[-5.983967313939129,56.57279185061097],[-6.012256673080039,56.587989141302714],[-6.0325331283550545,56.610258977735484],[-6.0599384711067374,56.61503530829709],[-6.064378362279612,56.63701224792406],[-6.112656945880823,56.643918538891505],[-6.1172638696406505,56.65307812074066],[-6.145613664041947,56.65308714267683],[-6.166202735115123,56.64177438968424],[-6.19753700137057,56.64196189961859],[-6.2073020107593635,56.63080363199722],[-6.226248627726327,56.63111389121232],[-6.227005909604045,56.61419841813442],[-6.26164987165765,56.61283028640054],[-6.310084331786788,56.60183679273276],[-6.317349716848225,56.591574206191254],[-6.307015508912319,56.55853000150109],[-6.333627569303497,56.55517962233605],[-6.33642707833662,56.5349802232484],[-6.264019342361194,56.52326211289538],[-6.228813414907203,56.52953338685857],[-6.221128473661993,56.52304285372269],[-6.181268301369726,56.51314669550934],[-6.147448239653425,56.498966827906976],[-6.150439320346065,56.485583840794966],[-6.121840602369043,56.472117516668916],[-6.104991052806811,56.47850405566253],[-6.035099211921492,56.488323609311784],[-6.013296771349398,56.49994010168754],[-5.995993780218464,56.4839327849926],[-6.020994375094711,56.466787629953814],[-6.0418119117863345,56.46334539830141],[-6.0547898598551,56.45138824643582],[-6.078347460424333,56.447709627210386],[-6.1184148773357645,56.45138998034637],[-6.129113271672654,56.44844387483969],[-6.155969528196715,56.409882267178304],[-6.200116052144458,56.39016307140579],[-6.20935069718016,56.37373754633764],[-6.194885926569841,56.35886328330952],[-6.176347815055452,56.35738413794104],[-6.144871174158316,56.367034581133765],[-6.101083458988141,56.36734031707635],[-6.055567355039746,56.38057851568254],[-6.033483717856717,56.39234487326962],[-5.9868978275192655,56.39116215075643],[-6.018930327867465,56.365230290070144],[-6.08911987311432,56.35134820166192],[-6.104072337115323,56.34270543365251],[-6.123717805704459,56.344249230983166],[-6.141963459070625,56.33731300839056],[-6.17295435253579,56.34090760401139],[-6.190330896290838,56.3322225066695],[-6.25131760416211,56.342336023254816],[-6.23887396125325,56.31967707282666],[-6.2617799711366215,56.31994123803971],[-6.2739970349133705,56.33466973451533],[-6.293198285809938,56.34370134616593],[-6.339426941072944,56.34783980203384],[-6.3647487250417445,56.337933886847765],[-6.373547920554773,56.31007093340172],[-6.3658777462833225,56.30355579459982],[-6.350858437402716,56.30606309549683],[-6.353569517217544,56.29705530074496],[-6.348236861454538,56.29248057332055],[-6.349923526521423,56.28285581697916],[-6.330262977318463,56.273014518732595],[-6.273651026526564,56.26836539398681],[-6.257430632470193,56.27162339101865],[-6.245428977582098,56.28859201181491],[-6.225502595933152,56.28339379075855],[-6.203413511767818,56.29157450101635],[-6.168999517298606,56.2903136632377],[-6.142915496855655,56.28441864775275],[-6.126638113078419,56.29674418629711],[-6.087078801910059,56.297887371549265],[-6.0454608212306855,56.29281259128646],[-6.018361130016869,56.30307576123827],[-5.986804411427926,56.322850382393966],[-5.950035919403647,56.318792690593234],[-5.933606142874295,56.32195997881853],[-5.88887601083148,56.3536509416039],[-5.854885091424889,56.35438160047851],[-5.846060724109672,56.34863670657551],[-5.8776273906906855,56.324559120566526],[-5.874582873702131,56.31504646683415],[-5.843780485071888,56.3108954287486],[-5.810019550008159,56.319587590972816],[-5.745829371384281,56.34176538109426],[-5.706050835698457,56.36110320098952],[-5.6898686094185615,56.3794299376111],[-5.698520289597798,56.384085561357246],[-5.73593096790408,56.38015272729596],[-5.75435948662345,56.391279909733264],[-5.73179350351137,56.39607561834104],[-5.709286470547152,56.387211759123886],[-5.667672035195267,56.38966948311477],[-5.652647306714348,56.415487525263295],[-5.645889779682356,56.447204018721926],[-5.684599153733776,56.45247024225367],[-5.681282563940564,56.460472064748174],[-5.7202975469921595,56.48607926410054],[-5.741552296658216,56.48192152040891],[-5.768461375862546,56.489300733824706],[-5.79473158931152,56.514305775500674],[-5.850268247415418,56.51987617626727],[-5.899646764403406,56.52168544623508],[-5.924568165259771,56.51792808819615]]],[[[-5.941233851779854,56.668621216459314],[-5.950950416239614,56.65838007352529],[-5.910868696233889,56.6573957592696],[-5.925202081597933,56.66850336097192],[-5.941233851779854,56.668621216459314]]],[[[-6.50524433669159,56.67961448280686],[-6.532402096484979,56.67228826896153],[-6.547979780474168,56.66030551625067],[-6.611267336284592,56.63744036557351],[-6.614076043002449,56.62610542750922],[-6.638984776770244,56.61360934959027],[-6.646037534355843,56.60060706173488],[-6.667915052216406,56.59057946297786],[-6.631113698900682,56.577873058595095],[-6.565851824992548,56.588038323666204],[-6.5449660796109645,56.60468662011908],[-6.506534979087177,56.61644493014375],[-6.459334399690796,56.66568935028142],[-6.453806788075629,56.686777251110435],[-6.472894037438848,56.69047234597431],[-6.50524433669159,56.67961448280686]]],[[[-5.8767118574810535,56.810665392014606],[-5.887570917793704,56.79262676807203],[-5.851330757586361,56.78595653990842],[-5.809275592943053,56.79496431221052],[-5.8767118574810535,56.810665392014606]]],[[[-6.263463891707542,56.84602004356892],[-6.272751117767601,56.82968457989978],[-6.2399115861947,56.826080201029185],[-6.214868469901619,56.83617037402971],[-6.224706048839569,56.84541960127121],[-6.256252265115198,56.84054669473498],[-6.263463891707542,56.84602004356892]]],[[[-7.625207884682905,56.83059387414466],[-7.658947470732692,56.82090173684224],[-7.653692102010538,56.79611300029536],[-7.622159193444082,56.8025783241394],[-7.625207884682905,56.83059387414466]]],[[[-6.113965570570632,56.928389894375236],[-6.136930196493567,56.94430815113035],[-6.1606830433525355,56.93753845049825],[-6.1620642360708535,56.913582890361496],[-6.191649232026994,56.91415472142467],[-6.207478274619723,56.90748422343115],[-6.210134483601811,56.888684268477746],[-6.159345340205217,56.871957119635475],[-6.129394746081652,56.87720818823574],[-6.117038697983103,56.88788422617011],[-6.113965570570632,56.928389894375236]]],[[[-7.525162517066695,56.90226441931932],[-7.532943828934991,56.888684084188625],[-7.505211478625927,56.8804804877777],[-7.499042234394905,56.898361809645785],[-7.525162517066695,56.90226441931932]]],[[[-6.329988770331383,57.06039894589283],[-6.353438839537898,57.05077091301915],[-6.370207421734422,57.053378746261515],[-6.39893383038899,57.041610126070516],[-6.406891988118357,57.03108559106654],[-6.436100001916251,57.019304312407066],[-6.453077628166155,57.00258722820715],[-6.43216036426475,56.99600521944786],[-6.3939864601061105,56.975138617565555],[-6.376982908395418,56.9710858346258],[-6.36920468884765,56.95208422685312],[-6.343044023468401,56.94757381242523],[-6.327740534339367,56.9363864975226],[-6.302599817365451,56.93757942271519],[-6.2862459717301835,56.95246417991105],[-6.269681367635683,56.955635412230805],[-6.249176326195118,56.97261910273331],[-6.2426178817429845,57.00830069308651],[-6.254593741745355,57.032948917589344],[-6.281959121118255,57.03961849444204],[-6.329988770331383,57.06039894589283]]],[[[-6.507078660276633,57.07129373358421],[-6.53714365540074,57.069689433849874],[-6.560709651041834,57.0629180832023],[-6.591395419354583,57.06045930227469],[-6.6105928089070956,57.051661752406616],[-6.595357674939571,57.0418559920415],[-6.568207046808534,57.04549021610084],[-6.549715032030176,57.05814659475083],[-6.504204683850074,57.05612014865104],[-6.507078660276633,57.07129373358421]]],[[[-7.451345440289105,57.058474118303074],[-7.447511161306665,57.041287686787584],[-7.4570022828228515,57.02416902105432],[-7.479172890699797,57.01583584429102],[-7.514670605429232,57.010333429170885],[-7.507764735056841,56.9933369148331],[-7.524583162226626,56.97202003837781],[-7.542766920102989,56.97289205416454],[-7.562776357844544,56.955930674386565],[-7.5517125430964995,56.94496368624654],[-7.570258029263812,56.93887168442814],[-7.54925812458327,56.909235842105566],[-7.5112712422739225,56.946008728721544],[-7.4587083725250976,56.946475871833684],[-7.418852763764293,56.976086116715436],[-7.383882808545872,56.98185681280057],[-7.379036964024487,56.99012028621932],[-7.403095972347409,57.000361129652376],[-7.419706162990854,57.014494696167084],[-7.445986124555949,57.019796122800614],[-7.4204369992803985,57.04486206790949],[-7.442932474056111,57.04883991017043],[-7.451345440289105,57.058474118303074]]],[[[-7.388768430000648,57.06065676714906],[-7.4028755800630535,57.04790702917793],[-7.38814872142088,57.0424055191715],[-7.371379964907854,57.052077732414496],[-7.388768430000648,57.06065676714906]]],[[[-7.316792547591089,57.09399274891465],[-7.30459459320259,57.07249513206641],[-7.308935260226344,57.059584085883486],[-7.284218748804879,57.05726633103616],[-7.272079709739102,57.077072492525105],[-7.279150179407553,57.09179301225558],[-7.301564945574207,57.08698500185751],[-7.316792547591089,57.09399274891465]]],[[[-6.2057004759837655,57.16602294822518],[-6.21790792466964,57.15890816925006],[-6.255974763639989,57.149571680423485],[-6.249008420865015,57.13782469430377],[-6.229679370976615,57.129418585962114],[-6.203718794885638,57.13613827266224],[-6.1857441945266585,57.149995908759685],[-6.183436474232576,57.16280247649566],[-6.2057004759837655,57.16602294822518]]],[[[-6.001137671248556,57.32534734087083],[-6.016246843983367,57.320391698563625],[-6.0229083168777455,57.30471227375334],[-5.985459929130718,57.276269178379856],[-5.9626897469909945,57.273685551578765],[-5.935046174147396,57.27844854790623],[-5.920266850484729,57.296966078739786],[-5.930331691560131,57.310565937108116],[-5.9785387418764655,57.32396556598373],[-6.001137671248556,57.32534734087083]]],[[[-5.854339893026917,57.35732753813891],[-5.845925021217462,57.33638508921375],[-5.819434784015046,57.335819242159076],[-5.833903380937532,57.35080113372295],[-5.854339893026917,57.35732753813891]]],[[[-7.189879184358314,57.41092296703345],[-7.223024509081841,57.40220244759554],[-7.233985108534742,57.391591488932406],[-7.20300113681629,57.38898695800504],[-7.189879184358314,57.41092296703345]]],[[[-7.324492690536784,57.40523191728162],[-7.367122196686069,57.39870366560211],[-7.390762946531072,57.399518019112904],[-7.429372520493636,57.38386661504503],[-7.403695291110435,57.357981105716156],[-7.395802368034914,57.33462945829464],[-7.397533828725122,57.30149238359911],[-7.420531983001181,57.28861475974055],[-7.425087385545724,57.25323007145807],[-7.443688758652997,57.23970874084953],[-7.423337348916821,57.216604448258266],[-7.424526497318997,57.192629778886705],[-7.408755470684357,57.163193905490246],[-7.412665686484194,57.14937255965667],[-7.390364008009276,57.11371158174106],[-7.373548824347651,57.10390782020789],[-7.314250791383138,57.10306598734985],[-7.278675411646866,57.10754294140306],[-7.235022373691093,57.09553393431461],[-7.220805588092343,57.11288461236172],[-7.246659123444804,57.13576346318349],[-7.289634011146339,57.142508275602154],[-7.340672370814506,57.13781189888932],[-7.3459824600798,57.1555145918247],[-7.30309005957854,57.15791213393582],[-7.284071841918627,57.14980289641512],[-7.2564931540284245,57.153034232583686],[-7.246249406364809,57.17103385958934],[-7.263840818269435,57.19281447452356],[-7.260011788219223,57.20554650896506],[-7.283535160744627,57.22275180973189],[-7.258798013457467,57.22901194634629],[-7.259821597437616,57.23990232661717],[-7.242722315102292,57.248848092301756],[-7.2531683584111235,57.260396785136486],[-7.217987312934166,57.279183630630406],[-7.20329440414578,57.28094748269344],[-7.192161599493913,57.299606370020676],[-7.224410026394864,57.31579618115512],[-7.25709827472481,57.32590479272497],[-7.232178747112521,57.335573991579636],[-7.220768346266002,57.34902133328182],[-7.29498232285912,57.370501873306196],[-7.284343496958212,57.3841062507077],[-7.316253422537558,57.38662636038721],[-7.324492690536784,57.40523191728162]]],[[[-5.992803211772343,57.506141013889746],[-5.995511504572376,57.49150651429087],[-6.015772910949514,57.485255753574776],[-6.022390605639445,57.45611762264746],[-6.05382588991208,57.4618038065807],[-6.071918619413445,57.446488339233596],[-6.084872550286565,57.42134694951084],[-6.074342324905742,57.378898976199146],[-6.08135060914882,57.35550678332137],[-6.064553426515734,57.33222543124899],[-6.021148068141065,57.333364130800376],[-5.992781317986104,57.35821322524956],[-5.992858567555547,57.36840757101786],[-6.019270248345701,57.39142153792887],[-6.022364724869297,57.41757454283499],[-6.0317329917697915,57.42804253614017],[-6.025761409154942,57.442409610810884],[-6.004764953317793,57.450857328263275],[-5.985442684976835,57.475748324453235],[-5.979313369130667,57.4929589162645],[-5.992803211772343,57.506141013889746]]],[[[-7.344347997672458,57.49383896650945],[-7.3676987934568805,57.49227605810307],[-7.379010596296712,57.47470780290943],[-7.410038087316839,57.47036119471881],[-7.408671981016532,57.44767352121668],[-7.395925180590615,57.44230021400786],[-7.393481003499545,57.42570576602271],[-7.351363448581338,57.42059540897734],[-7.334355621443227,57.4095457500062],[-7.31028342673915,57.40460498871155],[-7.2193266025123055,57.41567762476722],[-7.2040007600978235,57.42885284444693],[-7.215542748823454,57.43585654681673],[-7.270399883658736,57.44177969736252],[-7.263541360842682,57.449315438896015],[-7.217153843989603,57.466725954265755],[-7.273218979218845,57.48232737079276],[-7.346696853699029,57.48422063941955],[-7.344347997672458,57.49383896650945]]],[[[-7.193138619167009,57.500468682854596],[-7.204687853416701,57.48687666131201],[-7.180785487150927,57.46880517428644],[-7.1619450963940805,57.482428933445405],[-7.165877339774551,57.50052898250355],[-7.193138619167009,57.500468682854596]]],[[[-7.255450948113637,57.50618579843907],[-7.270625297065311,57.49425939672185],[-7.250421306225106,57.480452728270606],[-7.210323604603756,57.47409795097978],[-7.203038427042473,57.48305087630392],[-7.224408093684163,57.497523177959145],[-7.255450948113637,57.50618579843907]]],[[[-5.9697168180626194,57.58345200626902],[-5.988247996940535,57.57000044031042],[-5.979975355219231,57.55119047172167],[-6.000872327604209,57.53924332078935],[-5.992960562236286,57.519794516941275],[-5.968820709220039,57.5267072784545],[-5.966627724297693,57.547038915580536],[-5.953855892919877,57.56851170060383],[-5.9697168180626194,57.58345200626902]]],[[[-6.351082343256177,57.707517748511],[-6.343268985390162,57.688110632595155],[-6.353580518805172,57.67123311255136],[-6.37813997508458,57.660693593258046],[-6.410734484019735,57.659690510825726],[-6.406277877992625,57.65054760499186],[-6.427714382246523,57.64217799828832],[-6.394248430090138,57.612751136139195],[-6.391794746738165,57.59150367195755],[-6.3789894044208415,57.585204668788464],[-6.384266784203393,57.563408759993116],[-6.398491488472724,57.56243655531861],[-6.373058753390562,57.5343216132366],[-6.3696352405252465,57.51964148174277],[-6.33286281101372,57.498224846488206],[-6.34855575858251,57.49500940083567],[-6.399555207498811,57.50938608948761],[-6.455591248077002,57.50066617914322],[-6.500104378237113,57.53172728444562],[-6.538546292414013,57.5471550323636],[-6.565526616842693,57.54825550876954],[-6.569057051038342,57.571809360027515],[-6.589387972662369,57.594059873316326],[-6.615400493002083,57.605744271630684],[-6.6380619260920115,57.600734779121964],[-6.634137555192807,57.58145008845765],[-6.646886470065605,57.55484938818348],[-6.604057114448871,57.53617683046069],[-6.560594687897191,57.508054879429515],[-6.573820642470036,57.494114720818516],[-6.594097086183886,57.50815125089508],[-6.6185605142991895,57.501594129914785],[-6.637866388556307,57.503092762297],[-6.623246373804052,57.47322758554696],[-6.59050073163229,57.448939579405554],[-6.6216350940589255,57.434487216307396],[-6.668010936152363,57.46111380826916],[-6.670456333082798,57.47293448592122],[-6.716668886965123,57.51353250470652],[-6.748136993907163,57.5001203845401],[-6.742964650452077,57.4646299818047],[-6.780124298600305,57.458055578358994],[-6.778565075417051,57.44191795955878],[-6.73826099952123,57.41225514411197],[-6.734299640102863,57.3874191760863],[-6.720868128133604,57.37231283907877],[-6.671415901365569,57.35663399683571],[-6.62466040438391,57.350853220249235],[-6.593757643265338,57.337010782437574],[-6.565737394343106,57.33613474467696],[-6.563282423074201,57.36569950706951],[-6.569714931889944,57.37791430611836],[-6.5523479746507025,57.38550749082138],[-6.538648653599055,57.40334695792441],[-6.52729260698386,57.40390027327468],[-6.508422372405782,57.38303063701377],[-6.488500537712635,57.388262344774716],[-6.470466860739294,57.37528607452652],[-6.4812491311964395,57.366781158848354],[-6.455884351028837,57.36042674594059],[-6.457191254856096,57.34982396760856],[-6.407572954047534,57.34656601826521],[-6.370650166206972,57.32774967002553],[-6.342150061268254,57.305791228892886],[-6.356559091449696,57.303057136505196],[-6.371531807872313,57.3186542270473],[-6.415758539815074,57.336928365086365],[-6.444003387466965,57.32195813665139],[-6.482800293185151,57.31100647294225],[-6.481863850147841,57.29153118498095],[-6.461719337499985,57.28116822866711],[-6.449189029176049,57.26083910657961],[-6.427078656224093,57.24990429721229],[-6.426039462102688,57.24139209481978],[-6.405026023867458,57.23226566845543],[-6.384781004150562,57.23558341725279],[-6.383481897797489,57.21090939825922],[-6.352576828476628,57.18798322793542],[-6.33591925190623,57.185636731668524],[-6.296478865121309,57.20059683126684],[-6.283378297392599,57.19060486978691],[-6.314860049827428,57.1665644647309],[-6.308469182144209,57.16009330962135],[-6.212922845576242,57.177183393801606],[-6.174175533107762,57.174163560992646],[-6.15067673193159,57.196009584509845],[-6.130716635446311,57.18439853125108],[-6.112484305828759,57.19035767773243],[-6.101966129538505,57.17013658123069],[-6.108648090548462,57.15317350488849],[-6.100724936198805,57.13617651350071],[-6.083200977011938,57.12694287953691],[-6.048706541340832,57.16837440561166],[-6.048551679447191,57.17965919267356],[-6.029515944309793,57.18349283951434],[-6.027734335385507,57.20856165399649],[-6.011397769154237,57.206079379813026],[-5.993046907375941,57.18566438691116],[-5.9958693454194565,57.17321677142085],[-5.981170990338924,57.167408209090844],[-5.9354135079195895,57.17603521580213],[-5.915214825618164,57.1656261192634],[-5.941635896823046,57.14700135721636],[-5.96837608061367,57.14110096584599],[-5.9954491546079645,57.126208196742276],[-5.991371252959115,57.1112397476298],[-6.0081867400175195,57.09012941435603],[-6.00532239343293,57.07385099144308],[-6.021700272353479,57.07141029241546],[-6.038244153690098,57.057002732591016],[-6.021998121174113,57.02546852719319],[-5.99632428883525,57.02407976078299],[-5.937685775827323,57.03888766679116],[-5.901408776496909,57.05960847700589],[-5.888542646676907,57.08130567974139],[-5.870634954392249,57.08653103028759],[-5.855632552071787,57.10915262886973],[-5.823700194931904,57.10938404748386],[-5.804314159626165,57.12111845102121],[-5.7980099351893,57.13630747299055],[-5.802103393075324,57.176971681513415],[-5.7810741529860925,57.16688598572404],[-5.71788247403134,57.1838194010247],[-5.669067312794114,57.20909021019729],[-5.665487089776829,57.23845003766752],[-5.64877196358739,57.25201382045047],[-5.661499441129905,57.26409041129389],[-5.713284579010483,57.262596161718434],[-5.711345488146638,57.270196716252535],[-5.743165634014614,57.27482624274059],[-5.771205406795006,57.2719596634623],[-5.810821438737118,57.256220103899224],[-5.871028833487339,57.24655407268823],[-5.8858061416537995,57.237995985568126],[-5.910622345001204,57.24181142201732],[-5.9047023779146075,57.25290795408209],[-5.927754230242975,57.26416895439196],[-5.939234391629072,57.25924591970794],[-5.974953372949339,57.27010120691498],[-5.993884027093935,57.270444391524215],[-6.02065959375194,57.28770847436272],[-6.046063508275895,57.290241816220096],[-6.047895723213579,57.30916522409017],[-6.070166631365357,57.314465678885306],[-6.104666304003496,57.31491652497514],[-6.107128318349372,57.33525868234152],[-6.146224258424914,57.371058893417455],[-6.12421963050244,57.387775860331466],[-6.142087242595718,57.40619415903352],[-6.161846347064458,57.40640517454107],[-6.201393774857725,57.3968564639892],[-6.186351957303433,57.4155027788274],[-6.145743611983267,57.43011074561776],[-6.136395111584624,57.47270539377535],[-6.143830139859049,57.50573753635014],[-6.138776229002092,57.54653595504164],[-6.14881004195292,57.56564960463599],[-6.139625952774762,57.583012661055434],[-6.166629204877862,57.603114761985985],[-6.19131612700576,57.63327838709409],[-6.235359831679545,57.63738836924216],[-6.239629033274792,57.65655811101219],[-6.253101911838507,57.67481380401055],[-6.297540045572527,57.69431327111575],[-6.296912940294096,57.70759918969337],[-6.341737682405301,57.701494110608586],[-6.351082343256177,57.707517748511]]],[[[-7.169525931944232,57.594753771613334],[-7.155754468986741,57.598652662611606],[-7.1541961890387995,57.61329911311118],[-7.200465929168405,57.619976724258976],[-7.1885279165048095,57.63137556572286],[-7.168087505645477,57.63586266750931],[-7.130280542714012,57.624170429909846],[-7.102306151820146,57.607998502477564],[-7.06313001743633,57.64033528574572],[-7.0759136005601775,57.64686202880297],[-7.117861220138339,57.647977807404914],[-7.1868719924083475,57.654243991191684],[-7.158911921706799,57.668252919469566],[-7.170847304935215,57.68375834804814],[-7.195021316720171,57.69090002976229],[-7.177517115128248,57.7041078737892],[-7.173180120988226,57.717663583029506],[-7.144714970584331,57.731692727291644],[-7.161407669486926,57.738676595273255],[-7.198311346068404,57.73393690821015],[-7.228269302884638,57.70499999902853],[-7.199112368102097,57.69715628889298],[-7.236911857854088,57.6812085656557],[-7.25505978477,57.65677150712099],[-7.285933650755274,57.64203874581453],[-7.292446445741672,57.6533087624702],[-7.337396558893031,57.6610352931574],[-7.371464089562321,57.660157828418654],[-7.374106383367487,57.639801310400614],[-7.40317878783707,57.638810151637706],[-7.446242255277531,57.65761296868483],[-7.483472338154287,57.66253006868295],[-7.498077577146139,57.63062357757178],[-7.515709884501304,57.62361542309243],[-7.523236234436034,57.589660603184164],[-7.493749145569851,57.58287081006395],[-7.483587614026243,57.568009814888384],[-7.4446483921978,57.56996176699311],[-7.41516710902681,57.578867656829466],[-7.398970537310419,57.566109318653595],[-7.362796198413476,57.55520460691574],[-7.3896955960008714,57.53015703213544],[-7.375070397996604,57.51985888031017],[-7.3683716475536105,57.50187135777471],[-7.348874833177898,57.51178536745678],[-7.357377013486947,57.52593163973839],[-7.3244410897859735,57.52847748393267],[-7.327397448435371,57.512630708455774],[-7.312983456024169,57.508410337672515],[-7.2674818119707245,57.51723927295988],[-7.245894780308107,57.507058464538744],[-7.203359015859912,57.5073755869216],[-7.145846612983374,57.51316186720115],[-7.149490339155896,57.51965529364094],[-7.131913060656998,57.53704148807683],[-7.137597409629115,57.554612595122734],[-7.200352786750591,57.55127027970437],[-7.252358952176404,57.551012103706654],[-7.248411016465741,57.55901438579361],[-7.192753853064707,57.55955303145544],[-7.173644896234307,57.565040802048856],[-7.154819988440866,57.5573274485116],[-7.117676212933412,57.566215583909425],[-7.111197805517811,57.58451887577055],[-7.169525931944232,57.594753771613334]]],[[[-7.228205432557058,57.78531269019556],[-7.25799762275532,57.78084674578204],[-7.265021256609626,57.77033652481334],[-7.247329425575087,57.76135391012499],[-7.2227674028342665,57.76020282812807],[-7.200784796272038,57.77466505478247],[-7.228205432557058,57.78531269019556]]],[[[-5.632783765072823,57.847227397900845],[-5.644783663094925,57.84013544213968],[-5.616838443700495,57.822145594034026],[-5.60539110560315,57.832707639872254],[-5.632783765072823,57.847227397900845]]],[[[-6.702669220601072,57.87925686147711],[-6.672300289400925,57.851683546996895],[-6.64780897554467,57.85539562527194],[-6.651391136817073,57.87083879315801],[-6.702669220601072,57.87925686147711]]],[[[-8.611240786851193,57.82788528565101],[-8.609004110273025,57.810895931867094],[-8.594925714853492,57.805587606991274],[-8.549738911324022,57.81256778353255],[-8.563626764339705,57.82313507671977],[-8.611240786851193,57.82788528565101]]],[[[-7.008491537434726,57.921701485052445],[-7.041402414289518,57.912416232783684],[-7.048832281970279,57.89721216190559],[-7.0732301077342825,57.895377034063934],[-7.078592900945504,57.876619826260665],[-7.0542415521711455,57.88203408176783],[-7.050734752680264,57.89397832383842],[-7.008356810410514,57.882988527677696],[-6.9883515151829565,57.902041445166795],[-6.994331976755073,57.91903924999301],[-7.008491537434726,57.921701485052445]]],[[[-5.409125410757873,58.023804964434476],[-5.419465070179777,58.0174594579767],[-5.4153835932405965,58.001663486229944],[-5.397234430034962,58.000192729965825],[-5.409125410757873,58.023804964434476]]],[[[-7.13289415525579,58.038062363045],[-7.169411673795045,58.02979208860068],[-7.151372681799427,58.00996537575085],[-7.099172872150195,58.01191562063939],[-7.10749991677092,58.02876609406924],[-7.13289415525579,58.038062363045]]],[[[-6.889280307367405,58.26019800478349],[-6.892373099247509,58.252868995167844],[-6.85878237019653,58.22002750508934],[-6.8672348039545446,58.207496573613774],[-6.836161617020135,58.20486832674614],[-6.8123057063885115,58.20787670501358],[-6.783573310013348,58.20107239559732],[-6.781991832629308,58.21399978863865],[-6.804583069485357,58.22970202169928],[-6.827975218161798,58.23115584352974],[-6.844418641742526,58.24231287024744],[-6.848605840282073,58.25677187606624],[-6.889280307367405,58.26019800478349]]],[[[-5.1828003975141765,58.3897795197287],[-5.208683813823245,58.37806497573933],[-5.192790663013162,58.37222069052576],[-5.166666443883868,58.382023655282545],[-5.1828003975141765,58.3897795197287]]],[[[-6.262730909077792,58.515883517452664],[-6.2736217548373325,58.49647757370187],[-6.300906519881225,58.48086402562821],[-6.333718423019819,58.47814843067436],[-6.345756585094914,58.464658688166054],[-6.379916431115467,58.45086572138531],[-6.402042692344575,58.44726124701091],[-6.4367153358965,58.433888776197854],[-6.441430387750473,58.42566170852833],[-6.519594420093468,58.39655506535911],[-6.544206633813071,58.367248135124065],[-6.584319180470756,58.36246057809721],[-6.624867755528409,58.34578875167864],[-6.6453204123091325,58.35142375645032],[-6.670956644835702,58.34125581815699],[-6.707085421724459,58.335001027409675],[-6.757275714076961,58.30542592692243],[-6.771731748872213,58.309668007938306],[-6.827657863841755,58.28451786234786],[-6.793514588858175,58.240306029037285],[-6.769190953953334,58.23226342222626],[-6.757733387352093,58.21702895653062],[-6.759040688924129,58.19824016656707],[-6.720055675248527,58.18674210725578],[-6.733430339910482,58.171947894314734],[-6.75892918116143,58.18691920227328],[-6.790209123058036,58.197250935099014],[-6.835249028440727,58.20344839341147],[-6.841507438730826,58.19694510571403],[-6.887692220642347,58.1774678773238],[-6.897452810881333,58.187928698736215],[-6.931671508837489,58.189253049583876],[-6.949353468759648,58.1995621887517],[-6.910061998190714,58.20386308330192],[-6.968883812077559,58.23154337888249],[-7.047700871825294,58.232494326113944],[-7.065164110397363,58.19558574285332],[-7.031132457122547,58.18580570381432],[-7.046838004413811,58.17727219241312],[-7.089246678919472,58.186910222350825],[-7.106897432891405,58.17858472667492],[-7.0893103760101095,58.16412851406774],[-7.098656793725543,58.15314648665112],[-7.12582467255752,58.139534835552894],[-7.134338395126057,58.12885321948847],[-7.103295778188223,58.095750730167396],[-7.100347545482453,58.06996498367086],[-7.062789911198016,58.060764778515534],[-7.062034407448546,58.04634086631578],[-7.04498223565376,58.024845921451906],[-7.059849276690566,58.00875663932141],[-7.082410990412765,58.020208622958556],[-7.092599675296888,57.99989606567419],[-7.081185171363112,57.98664811558605],[-7.075218793298555,57.96601313357524],[-7.0398205024646945,57.9559847202494],[-7.000189596523567,57.95397711818092],[-6.994494139550974,57.96150246748975],[-6.95443552379683,57.948521460684354],[-6.943708497457802,57.95024457719921],[-6.914000819518392,57.93633921750767],[-6.868933913528665,57.93329629336293],[-6.858657964713299,57.916374901717745],[-6.842549328462733,57.90980534542206],[-6.851236545939816,57.89960102030033],[-6.920652123270123,57.910594467231135],[-6.939708318776287,57.902597476618425],[-6.95912805881299,57.88636295149929],[-6.911438435245332,57.87134088337336],[-6.915805056752631,57.86668767847409],[-6.958987703536352,57.86786990319185],[-6.996323901204872,57.8648941395364],[-7.005441412014663,57.845614517084414],[-7.01980411209304,57.83648322860533],[-7.073409851971679,57.82265007633778],[-7.106336057717466,57.84133160131465],[-7.127046089246296,57.833687609234985],[-7.114590527817288,57.81345214742009],[-7.08377561968935,57.806988798946904],[-7.054350438995493,57.77808022089551],[-7.025175488124629,57.76718276741198],[-6.97741040411768,57.73441637752177],[-6.947148308716947,57.740422493201784],[-6.937532963127836,57.75850260915296],[-6.899215948179414,57.764339771729915],[-6.872980278854824,57.77392990594896],[-6.8806164264729555,57.78440101231047],[-6.855484209467382,57.813012353841636],[-6.834189434529235,57.8192233326765],[-6.812866373591399,57.80953637315358],[-6.786690266152962,57.811122485679476],[-6.792900344877596,57.832841388767584],[-6.761494684083312,57.82155911386791],[-6.736602815355603,57.82688281895684],[-6.754605471161067,57.84174487129613],[-6.769566028207626,57.86412352892302],[-6.794141024930506,57.87975676312601],[-6.792699158593956,57.89704791582543],[-6.776669348569409,57.899041684837506],[-6.753704916108976,57.88932236025541],[-6.670199622602881,57.880027770458426],[-6.670146581282798,57.899962580177984],[-6.694802408685409,57.90912270274199],[-6.676979813934743,57.917488157110945],[-6.690126724525513,57.9350431737726],[-6.721324276779611,57.961478427144385],[-6.740163806595791,57.99219126677094],[-6.757937134414091,58.003474896701185],[-6.726696047045161,58.012339796261706],[-6.704886561127068,57.991973188197576],[-6.712343749848612,57.983148837714275],[-6.703557845686068,57.9629581493509],[-6.692454881262006,57.959500096594006],[-6.674265979460101,57.935125022328535],[-6.652329162004563,57.9182117678045],[-6.614461817761512,57.927925982899545],[-6.6177288641464616,57.94797618417837],[-6.577490830939488,57.91190517681677],[-6.54977871338688,57.917863011315774],[-6.529180322071042,57.93853600709697],[-6.471585412262418,57.93765203437865],[-6.466487592919897,57.96194383980433],[-6.448838720323465,57.97901113210094],[-6.451632984074289,58.007605262570785],[-6.408813029531583,58.009768871980135],[-6.398939472906797,58.00093272313357],[-6.3661848196433075,58.02291006698355],[-6.358312771652008,58.039412229920195],[-6.372508380691142,58.049398103520424],[-6.367618276573235,58.06496713664136],[-6.377736001126559,58.07068602656434],[-6.38767970002994,58.09795472769282],[-6.408842245574397,58.110382954244905],[-6.44138325371017,58.09323718824695],[-6.46343257099515,58.096415883727964],[-6.538966343924294,58.0861875134399],[-6.508234211579868,58.10304953841588],[-6.492154769941209,58.09899434495655],[-6.455831769292923,58.10643523384438],[-6.442336673238249,58.11820610550292],[-6.397270865774927,58.13409774168247],[-6.371404922821079,58.13386032192374],[-6.368464550499702,58.160540286545896],[-6.392889901090457,58.203724934725514],[-6.362649176947363,58.20436529942336],[-6.349336114178895,58.18866933715107],[-6.316218948267296,58.203326047487884],[-6.294739093797799,58.20617160334788],[-6.276256865820387,58.19832695828963],[-6.255132745945303,58.18002774008026],[-6.228907179622056,58.18198812029641],[-6.205679085094302,58.199648162429504],[-6.1669171682567425,58.21124589558942],[-6.164104161118106,58.23000084324124],[-6.140372421616512,58.25031119431548],[-6.153956000772148,58.260340796338106],[-6.201077764780592,58.2483472016261],[-6.234992331045171,58.22272680482781],[-6.2566902641517625,58.219223764448735],[-6.28485776668132,58.206690044817435],[-6.30435203512459,58.21004706302308],[-6.33045047796216,58.22379602669025],[-6.354086952509683,58.219897296912265],[-6.357585760674641,58.234727028020096],[-6.325646917717567,58.240233093761525],[-6.3281881748809825,58.25955077240972],[-6.282122546180522,58.269182441529246],[-6.281491250769894,58.286869663766915],[-6.242194906952606,58.295662544934444],[-6.244905732045557,58.3054775457997],[-6.208992104521243,58.32638112143224],[-6.186823419585195,58.348214857877146],[-6.217759666638831,58.368149470371385],[-6.190036605360185,58.40829813190992],[-6.168195774579311,58.41731119922201],[-6.172140507365819,58.43311844416097],[-6.1916404110588745,58.44222663289261],[-6.195178433098637,58.45754616180117],[-6.182309007227837,58.46403898333493],[-6.207234611450912,58.48318896437304],[-6.22677092536884,58.48940021760062],[-6.231153419814087,58.50316417066381],[-6.262730909077792,58.515883517452664]]],[[[-2.0344084078593987,55.811118428002445],[-2.05814269873178,55.83813209524941],[-2.069794512337613,55.842697267995064],[-2.074252871263878,55.87028329527096],[-2.125706313699611,55.88367539038452],[-2.136959158605971,55.91630517448262],[-2.1676405770692915,55.91504937466771],[-2.199842381506867,55.92300817373766],[-2.211005330811392,55.93069859992599],[-2.240789842354059,55.930382830179404],[-2.2591400283936185,55.92378817260047],[-2.3357005781061955,55.93202826414308],[-2.3747672456745863,55.94707692124263],[-2.413896335314472,55.97023832436311],[-2.4651872310779295,55.98767744347235],[-2.473897561147822,55.99581899119841],[-2.5694924881231347,56.010525534404216],[-2.598725863350777,55.99766654790613],[-2.58728150234246,56.02206620536035],[-2.608181903229568,56.03275953494306],[-2.628948943475574,56.05201227176413],[-2.6789606185713883,56.06185573120343],[-2.7034596403264866,56.057396598782454],[-2.7409179575551628,56.062410761297606],[-2.756610998276143,56.05934513000495],[-2.786682628516661,56.06566743643306],[-2.8158761432616832,56.06236378448319],[-2.838352799290907,56.041236827161605],[-2.867102100574286,56.036371279198136],[-2.874362302261058,56.01399491773338],[-2.897318327413189,55.984088917063225],[-2.915268298778458,55.97524295607525],[-2.971337781807811,55.97027779864872],[-2.984383431235159,55.95988934585995],[-3.020973010889344,55.95138040302465],[-3.0344004701433795,55.95415267660859],[-3.066680599534665,55.94504395492927],[-3.11631780989129,55.956916829088854],[-3.1571934474381176,55.98192303047407],[-3.1795758206443123,55.989594207645744],[-3.2023440277286057,55.980047345619326],[-3.2500830312787836,55.98386926084756],[-3.2631753748190144,55.97914148571047],[-3.317590716138795,55.98297875302563],[-3.35196831455293,56.00158760537523],[-3.3767630931352977,55.99146223994958],[-3.4345579693541874,55.9933430977783],[-3.4725563443392624,55.99994421039972],[-3.504696370682368,55.997985573432544],[-3.5164866115316493,56.00470943780121],[-3.5634513048309655,56.01144678404938],[-3.5975871560380286,56.02096835369093],[-3.6200459829761673,56.01609698197177],[-3.660889291500208,56.01472688041826],[-3.728492139555566,56.03239605557689],[-3.7354349831424636,56.06399371645327],[-3.7621023182486635,56.07393143916034],[-3.798903956423782,56.10399924141792],[-3.8333449936163535,56.099054178294665],[-3.8264227075027337,56.113119978592486],[-3.794956093078262,56.10757425677878],[-3.7613012371136714,56.083424893565855],[-3.7366056550735633,56.07574116669274],[-3.7084030371261085,56.056364797315055],[-3.674476214427047,56.0464326203583],[-3.6175775199856064,56.05596445811283],[-3.593423286590331,56.04588360665418],[-3.5755391734949917,56.058860233101754],[-3.543478472820276,56.04006616027608],[-3.5136774516902616,56.040452169759334],[-3.409066424365578,56.016208224002746],[-3.3841938921384527,56.02548808930096],[-3.3570762380176453,56.02613541016566],[-3.336947088487673,56.039427883114215],[-3.31090533862412,56.039300697820245],[-3.2842657526030026,56.05615774099981],[-3.250901310550505,56.061017916468444],[-3.234821434974407,56.05425736425374],[-3.2167923976559076,56.06383534296148],[-3.184871726784503,56.06407637277982],[-3.1642866939437866,56.07484803292202],[-3.1542787444425153,56.11216614181671],[-3.131560045087056,56.11933137605299],[-3.095686012687312,56.13992589993454],[-3.084092372500104,56.14012747100104],[-3.0637074839830025,56.158244400877976],[-3.036262564253653,56.166578122762544],[-2.967142910582017,56.20739167321735],[-2.9353293900734996,56.21244517469787],[-2.892983188548673,56.206717866805874],[-2.8439098001803362,56.18376009680087],[-2.810871261212317,56.18573122992125],[-2.7815571980822074,56.20090639586954],[-2.6892095463020738,56.22278272046398],[-2.654565243429891,56.23923577857666],[-2.6206301415099578,56.261044113425385],[-2.601744921155938,56.264377854532896],[-2.5853421565905967,56.279101379712586],[-2.6306731034850395,56.293035072575364],[-2.6603278313744565,56.31836136313046],[-2.689778718778466,56.326263394426334],[-2.706038696467662,56.32451243532868],[-2.7776035799967786,56.33274154875219],[-2.804607067949514,56.3451848054389],[-2.8118170849628576,56.36127046468076],[-2.8388171358225622,56.35293543741278],[-2.8890355861538617,56.36611631271755],[-2.8263097450473254,56.37764173801374],[-2.812160004505223,56.38964352254601],[-2.8027511041422186,56.42081931434721],[-2.806132161908018,56.438291961038416],[-2.8283043588191705,56.44371434058217],[-2.8549858018817,56.438683551392046],[-2.883178739087034,56.45241955426232],[-2.9201984451643686,56.4517430366],[-2.943143746263908,56.438315132163595],[-2.9843949230699685,56.42449890373494],[-3.0393960640445377,56.41572274324286],[-3.047374747525445,56.40855747688958],[-3.0998455316694065,56.39305211279802],[-3.115928507146172,56.39182502491545],[-3.1797652514224835,56.37201626200288],[-3.194098651204976,56.364444532869456],[-3.235358991019009,56.3539664932026],[-3.2976425491349146,56.35155930722488],[-3.254046095028657,56.36888287603951],[-3.227210978918183,56.37162745744877],[-3.1947541523667398,56.3851119837806],[-3.159123406212833,56.40611961091637],[-3.1265682742831005,56.43113061418828],[-3.100087637967993,56.438627517845156],[-3.082418077377063,56.4513357371633],[-2.988934456062673,56.45133146871173],[-2.932474527892401,56.46548928116992],[-2.8886238515160145,56.468752451777235],[-2.8702313137721367,56.463422050707166],[-2.836406261584486,56.475117300411384],[-2.795853926075442,56.4804992153822],[-2.743678416184479,56.46459561897784],[-2.72468091456958,56.47323476212089],[-2.708294118782265,56.49927855430778],[-2.673525147859952,56.50964986161158],[-2.6360989518963382,56.5269952715304],[-2.611990548313394,56.547645507321874],[-2.5381643220501533,56.56677970054236],[-2.5196087278810477,56.5903411307067],[-2.504323031981201,56.59910798784216],[-2.480175931206812,56.62498352935194],[-2.5007276964334255,56.629543312818704],[-2.506870505918247,56.639141692320415],[-2.5001120416001794,56.66251614613882],[-2.440872689590402,56.68671504330321],[-2.440320925637477,56.70222132824921],[-2.5162872744811335,56.698558297855996],[-2.5313711100349208,56.705443477111515],[-2.51585342153327,56.72348889363199],[-2.47434073373789,56.71994363193911],[-2.475922291875359,56.70778926704636],[-2.4522125937284205,56.70438035167541],[-2.4414532908563773,56.73002500818481],[-2.4245345625177857,56.75656971834586],[-2.399401170105894,56.774278726031184],[-2.375785816421847,56.777126695967766],[-2.3582550412347527,56.78720284494815],[-2.3263333074253816,56.795987758325865],[-2.3081876057669617,56.807127907660195],[-2.2895614086997518,56.82765500087852],[-2.233245882060491,56.862791332041596],[-2.2136680773041917,56.88416015145804],[-2.2150966146991324,56.895428369828444],[-2.19653446128181,56.908906473066715],[-2.202206326303997,56.933282830568885],[-2.2042010271217394,56.96919878595114],[-2.1874880855718235,56.97869052533518],[-2.1612849482603087,57.018090834295656],[-2.120799573247643,57.04352228427128],[-2.091685354984949,57.07995092527591],[-2.0518200593499123,57.12423766322589],[-2.0711572637590123,57.139780020715506],[-2.0790793125181075,57.16206310857213],[-2.076398351784631,57.17941280648887],[-2.058637808695773,57.2180409404022],[-2.0170723425607853,57.276386534403166],[-1.9902916604004388,57.30474150007447],[-1.9861345904703391,57.315656447494895],[-1.925217482439878,57.350732311123096],[-1.9144171781120192,57.363125547988034],[-1.8880940654526468,57.373154890970156],[-1.8599675676339391,57.39307070040438],[-1.855302124133155,57.41095708818409],[-1.8383543752671052,57.40991790252183],[-1.8155473439028,57.42782731018625],[-1.8182417660852295,57.43614819275194],[-1.7975439801781707,57.44721106227103],[-1.7764434541699847,57.474029207062],[-1.7949518757754954,57.4856854923672],[-1.7911851329294017,57.502301773228275],[-1.8068807346057665,57.53109857973461],[-1.8041320376260739,57.556405310022825],[-1.8223710015333343,57.570854058596595],[-1.8268732657370672,57.61474950485819],[-1.8643158115518177,57.625452522883656],[-1.8857218867263845,57.63850626428793],[-1.9180456581468295,57.66777283713462],[-1.9419113141586104,57.6807956219531],[-1.9539853490732255,57.674970095435214],[-1.995333166756267,57.6810320550699],[-2.002314297446158,57.69863503119534],[-2.0428147956529137,57.69175516149519],[-2.0798159933574305,57.70056785897485],[-2.1339089271846285,57.6945332809524],[-2.175206036540953,57.673609721547415],[-2.1919101372375613,57.671332794040936],[-2.2469841517300186,57.682644589330124],[-2.271965383270804,57.68215175738166],[-2.301822783472374,57.69451155101473],[-2.325590727464129,57.686517110431545],[-2.3272821031961297,57.67610602602937],[-2.3590254373671136,57.675643441836634],[-2.396475839788875,57.668290552114684],[-2.430360658699745,57.67359882450844],[-2.447022526378973,57.66885952394989],[-2.49503341708964,57.67323667691368],[-2.512046849946111,57.66366438411074],[-2.5982757728967356,57.682107004724266],[-2.638222780867368,57.680205659160045],[-2.6621726210950776,57.68686839795392],[-2.694017371664312,57.684413209894046],[-2.715360912824137,57.69243838981266],[-2.7384796185356968,57.6819568320621],[-2.7488784557044053,57.6909842672564],[-2.7778708539273995,57.69243108052637],[-2.7943106730652896,57.70036388413734],[-2.828688553657321,57.692726001707626],[-2.848194947927204,57.70611545291407],[-2.922203570206636,57.69749974464512],[-2.932204354431476,57.68690140382804],[-3.0271637097376556,57.663615061417715],[-3.0939181470020514,57.67507667517194],[-3.11684458525922,57.6765620684744],[-3.234437065718525,57.70265556866832],[-3.2831754564719677,57.71771737383856],[-3.3419905707792745,57.72490943667748],[-3.4433991826402135,57.70921425547254],[-3.4895213279328323,57.69941270320427],[-3.4966602829427633,57.67911927943995],[-3.5237675889813356,57.66553588228557],[-3.5494588168513594,57.661696781265896],[-3.6177405403887666,57.664079741934856],[-3.5857441493412963,57.64693970249142],[-3.5896383181236455,57.63079681564078],[-3.632945129243128,57.64066186386716],[-3.622215179858868,57.65105126263357],[-3.6346498720660865,57.66299989668279],[-3.6908853448709316,57.658893642206536],[-3.699661593594967,57.648460075947234],[-3.743219819825122,57.632006320776604],[-3.7647257074995912,57.63038772024387],[-3.814258232056228,57.603325712396206],[-3.861613933879338,57.59134452370611],[-3.9138167516947893,57.58581859892357],[-3.97952966235097,57.59248223758022],[-4.0126590721874615,57.60114116651125],[-4.019946671564976,57.59195115897355],[-4.058073279502665,57.590934012299456],[-4.059718175265074,57.582386883832854],[-4.038216806250204,57.56800691411161],[-4.051849429532741,57.55306171515852],[-4.095385278958017,57.539067661517684],[-4.128095652595711,57.51478347059306],[-4.178320449379357,57.485290223264734],[-4.21995444604218,57.49671408392052],[-4.287621876218228,57.48131488600572],[-4.3299252225988285,57.484650967521],[-4.37855088185354,57.47931699123763],[-4.415579377485149,57.50452142432168],[-4.363525128577853,57.51243929240638],[-4.344256120609919,57.50574338588297],[-4.2919863672053875,57.50478839827873],[-4.234380791341769,57.500755614453425],[-4.203513075479548,57.525799594583326],[-4.173181713808016,57.564820651395166],[-4.13313682962841,57.57938914648217],[-4.108689323224332,57.57756779014094],[-4.112594736144915,57.59438620179054],[-4.102035073523993,57.60747459953096],[-4.066907252561554,57.62866087445684],[-4.048534219863871,57.64532392548507],[-4.012135515231242,57.662055729564585],[-3.9941542755383654,57.67774910770258],[-4.040951641553469,57.678615435864025],[-4.089669875152986,57.66405524324207],[-4.154774276812908,57.657447648257445],[-4.165522584125623,57.6758675538689],[-4.214511930188363,57.67397337817872],[-4.2471739975978,57.66564847876286],[-4.325128610315879,57.63077549585319],[-4.367986553380038,57.60054015851527],[-4.399578118837491,57.58773056490236],[-4.415577455742531,57.60584908159091],[-4.347358081308094,57.63996833076192],[-4.324567007700047,57.65578878499121],[-4.306002267899334,57.656158388925476],[-4.299789826768417,57.67640951819976],[-4.279242415441432,57.683249113551334],[-4.263829620407045,57.67868189375817],[-4.229461857651289,57.69042139055415],[-4.207426026420531,57.692666730076375],[-4.1683988229559485,57.6861730894013],[-4.073183780263273,57.73227722949398],[-4.04739418211304,57.73035015899839],[-4.023715220699576,57.73831653082252],[-4.021355210350346,57.722667157807926],[-4.035929132584356,57.699021496391644],[-4.02051505415538,57.69241597783125],[-3.9757028615416874,57.694489265364545],[-3.9316384829219126,57.72830895102737],[-3.9163213265306465,57.752577044562734],[-3.8705545631950886,57.776668653799206],[-3.77786423327942,57.85371412930826],[-3.7831227988813594,57.86681429020675],[-3.8084536036288537,57.862130064254735],[-3.828683844427413,57.83991830423331],[-3.8562230204241943,57.82527049578497],[-3.8952097090494497,57.820914199394714],[-3.918964374831568,57.82649730543933],[-3.93967155938667,57.84110955780942],[-3.9663368862801796,57.84521815236816],[-4.026433506260811,57.82114631610134],[-4.048923344150528,57.8149018024052],[-4.079676069373774,57.82901547461143],[-4.103532574413403,57.83409539975198],[-4.129953712965089,57.82814054181416],[-4.163843854459726,57.83369166040136],[-4.170717153608731,57.84697237430728],[-4.1938583613324845,57.86273175228792],[-4.252376262814783,57.85659208442845],[-4.2703092025449525,57.85043938191282],[-4.296950071932958,57.851915811741385],[-4.344762774170039,57.871663093879214],[-4.362111518710627,57.88225567683238],[-4.348197705013013,57.89082885595732],[-4.311619626234592,57.87567648982459],[-4.29096542674718,57.862076572607286],[-4.27162937842924,57.86975960732538],[-4.212065566778658,57.8733097322842],[-4.17351822245495,57.86006469086336],[-4.1082759066385055,57.853639146332156],[-4.0757286808699895,57.86672725776362],[-4.033912567887087,57.86694523503793],[-4.016694675745765,57.87828257854017],[-4.01309677500661,57.890762321658336],[-3.992205244051112,57.90309497950514],[-4.00646942630174,57.93174399146073],[-4.027303237978571,57.927903256914064],[-4.071780359788035,57.938174286977166],[-4.070478507832579,57.95612622767364],[-4.025033990857117,57.936171562497705],[-4.001756825857078,57.93834267274189],[-3.9850619722477614,57.96836038775111],[-3.9356532859511946,57.983023611869285],[-3.8912536596799323,57.988100882023666],[-3.8713566064078915,58.00170224175954],[-3.841186933048514,58.01317913076346],[-3.8333001518559375,58.038909382799616],[-3.791347414896056,58.06198467678015],[-3.7453570359893527,58.06821385187489],[-3.73463159229127,58.07773199803605],[-3.704880967150381,58.08643434633287],[-3.658721459207551,58.11290675176798],[-3.629981032088194,58.119406778480744],[-3.6125584404947166,58.13215993429236],[-3.5852227974308217,58.13976559474819],[-3.5496396800511683,58.15820955283347],[-3.517275373716784,58.167695016396145],[-3.4977835829177915,58.17989842449863],[-3.464007076335732,58.2136229332989],[-3.439228011868244,58.22856620307555],[-3.387892610706152,58.26630542142133],[-3.3677634960145983,58.27517178066632],[-3.297352664682384,58.28929899263083],[-3.2720891615435383,58.29872050278346],[-3.2515216776746887,58.29808705648769],[-3.2096668502907484,58.31001724087374],[-3.181587793868623,58.333132222815365],[-3.145050685612948,58.354360397243774],[-3.1079128697745424,58.371194419014415],[-3.080277176274622,58.424267057002645],[-3.0862968409742986,58.43969246778875],[-3.0533307117311885,58.44771897700198],[-3.052601636736094,58.479707602166634],[-3.1046861756194755,58.47374830309025],[-3.1244178330345274,58.482935703814526],[-3.1331775674061575,58.500123597057204],[-3.1257539947758004,58.527422197491994],[-3.08572189494301,58.548610535166475],[-3.0678106034574752,58.56416921644942],[-3.0636188803046425,58.578652798690364],[-3.070810418728605,58.593181293045625],[-3.045943833710121,58.59639250368429],[-3.0355573355392873,58.610231181543824],[-3.0376905397429943,58.63202234469672],[-3.024284151798306,58.6436341126851],[-3.052496277894453,58.64777986632377],[-3.0934637001744876,58.64690480612568],[-3.157358018452021,58.637254980047416],[-3.1843873533258376,58.65771664171953],[-3.2202430150245025,58.655515282094406],[-3.2389114228848817,58.649369299185636],[-3.2692190044587943,58.6539339436147],[-3.2939182129555147,58.64552673359819],[-3.344623329278947,58.646762460199795],[-3.354925352494308,58.664129359906354],[-3.3757450075294964,58.67169259702272],[-3.4081627835960897,58.6585377951151],[-3.4135448319246064,58.64045775823241],[-3.3709291061807134,58.62243103723022],[-3.351051477930089,58.61998982464312],[-3.35510459134509,58.60196743759275],[-3.3751709897702202,58.594256138794165],[-3.399000283721162,58.602525309077755],[-3.4312628268046588,58.602613124137385],[-3.4360555806235684,58.61110094163319],[-3.484888643485102,58.60962585580378],[-3.52514343052497,58.596903859281205],[-3.5520998822847254,58.60829717907293],[-3.54572631586591,58.623900275081574],[-3.640273964413921,58.61537474036426],[-3.654649097767393,58.6211430155446],[-3.7253014580161494,58.59446851684126],[-3.75024606429517,58.57896527054683],[-3.7923411681667085,58.564562861686795],[-3.8007328448018978,58.573636017072346],[-3.8630220296172535,58.56299595069456],[-3.9396794192796905,58.57225894106376],[-4.006132719846142,58.56759417914635],[-4.016059484829645,58.59423193931711],[-4.050561582099008,58.58144247862678],[-4.047448269086466,58.57198254538485],[-4.070611139948537,58.56341596097889],[-4.108709501741057,58.56147912184429],[-4.1246231897850425,58.56931576685783],[-4.147150386182352,58.56359801164248],[-4.156624699419223,58.548047648052176],[-4.173673183670538,58.54211501960854],[-4.214291125952698,58.55127968650716],[-4.20941709020405,58.53367033914885],[-4.241827806742752,58.524306410070835],[-4.2663286536120815,58.53598357789284],[-4.299088554200827,58.54281828842918],[-4.3437508133361025,58.54066940054147],[-4.374160235502916,58.518981673369865],[-4.420022624130907,58.49362474738384],[-4.422713666676375,58.482261879581756],[-4.445552199101143,58.46504194783308],[-4.466505386154625,58.46758600491098],[-4.45214582791993,58.48549602839932],[-4.448763468352258,58.50143813346443],[-4.40920298042021,58.521676522087425],[-4.424545516597751,58.53577703115257],[-4.427455341125635,58.5516524065708],[-4.449100569691156,58.55178330218959],[-4.4988395299348864,58.57619250911026],[-4.540774138644744,58.58019380096651],[-4.598454726697998,58.57137926696613],[-4.604397442614324,58.55442727050013],[-4.59327059482287,58.5346870205871],[-4.6063037178932005,58.526403470173584],[-4.639213816503589,58.52140461379888],[-4.65889595570701,58.50765937154298],[-4.6621980784431045,58.48391722284914],[-4.693574111390201,58.477969407479506],[-4.7004696734033775,58.46840377475163],[-4.753546509891447,58.456186022207625],[-4.708285729887078,58.4992311608816],[-4.651871609305035,58.53469815167592],[-4.657870457703821,58.55242360695391],[-4.70316199484935,58.556183282344215],[-4.717763045537534,58.57008317246086],[-4.734230668845386,58.566483302002965],[-4.75053069814564,58.58229958371915],[-4.796655762386455,58.57626652848832],[-4.804266350518531,58.56085388184762],[-4.778493981836465,58.55147279794516],[-4.781957107432262,58.53985271767103],[-4.8091424953906845,58.52068126999648],[-4.820964151049884,58.52853625646115],[-4.793354179750436,58.54601124746399],[-4.816877969011879,58.56103991138617],[-4.8170016897629235,58.58800695635657],[-4.875450827127965,58.61310410937334],[-4.936297840515147,58.61688290936574],[-4.941936861220913,58.60972358055992],[-5.006709056861943,58.62579568428311],[-5.015237843597584,58.614995505586364],[-5.011192472303813,58.590579467892816],[-5.020062852643446,58.57538146027625],[-5.051364942570416,58.54210203534084],[-5.091199971461982,58.53688708047595],[-5.117066562434437,58.51532141987797],[-5.125225625727062,58.493389373850555],[-5.112627306223315,58.47896967299244],[-5.061177303944238,58.46325128546488],[-5.093359284937486,58.43958626691298],[-5.091961034584675,58.42385216994609],[-5.110200044984992,58.41116547371055],[-5.072369034592503,58.40741459244726],[-5.062914839693483,58.39762959131849],[-5.032202262624346,58.39284606212401],[-5.057385013772781,58.3815222732586],[-5.082343053865579,58.39242254279162],[-5.146071739517287,58.41119225462555],[-5.151555720724888,58.38287302452431],[-5.174312462970257,58.36124839619238],[-5.170418000689223,58.322703286010515],[-5.144698166390002,58.316341902820696],[-5.144456789714246,58.30180170619481],[-5.116295463606831,58.27984774187696],[-5.081482831661636,58.26382622557086],[-5.053150992980598,58.257498596696514],[-5.00801951241308,58.26404726120991],[-5.007476218422945,58.25490373561968],[-5.054378523542148,58.24601064613556],[-5.105446550163758,58.26471247813268],[-5.122584758323878,58.26720103558079],[-5.154072569798246,58.25276266973175],[-5.195977729119701,58.249145555978956],[-5.237891080096373,58.25270910440499],[-5.310542795443707,58.22979551319336],[-5.3396647328196565,58.24965573844232],[-5.397144251996641,58.25167590247941],[-5.404301833388638,58.23591259803136],[-5.3859981507706465,58.23180645811241],[-5.360708812386623,58.21679928567324],[-5.357954607795359,58.20213089255122],[-5.339813923656903,58.19963808481931],[-5.339293174870543,58.18544869049261],[-5.316303478096535,58.181999496556436],[-5.302819669683334,58.17266923463888],[-5.307003069813636,58.155168614588526],[-5.270032359478707,58.147979397959446],[-5.264023195545988,58.13803921649624],[-5.291110703043888,58.134121744519945],[-5.302977351331482,58.11954937754324],[-5.268313123730866,58.102085415578934],[-5.292667256581459,58.0740124345948],[-5.309635419361882,58.06609727867726],[-5.332479086635265,58.07805459104068],[-5.374108440883549,58.07617572209129],[-5.411738925924563,58.101383488644615],[-5.434664201824892,58.10574685864314],[-5.457722790241204,58.077167295172515],[-5.443610527991247,58.06225542976161],[-5.417266549144614,58.05537563921279],[-5.42343363948149,58.0367279848842],[-5.385129929251091,58.02879433853101],[-5.366699480823284,58.03079447594576],[-5.350029701695749,58.020462918851926],[-5.3532850781647205,58.005874228204064],[-5.330657722007401,58.00668357065682],[-5.307316392884465,57.985631357225536],[-5.313735137741337,57.98093946175049],[-5.24614183894241,57.97089181854762],[-5.226911321134216,57.958695056299966],[-5.192231547118254,57.95747715261274],[-5.199700366945778,57.92868494377419],[-5.221606112283707,57.92430472186784],[-5.180331706726732,57.90755291726845],[-5.164933995947723,57.89315777264943],[-5.151565726502183,57.896342998334745],[-5.099039915817105,57.8693656827077],[-5.065379293951956,57.82714714209466],[-5.07372083988838,57.818334879004176],[-5.0990742054388685,57.84256586155704],[-5.121310637233733,57.87060903640387],[-5.151896485702489,57.87552220996165],[-5.18871349229814,57.89054673543552],[-5.217481476280016,57.909352054853166],[-5.239237213973787,57.91683989087786],[-5.315499001721097,57.91063709608387],[-5.351334495398454,57.926628550264375],[-5.352835154540829,57.93519551096769],[-5.405835388302449,57.92729479178668],[-5.386242891774543,57.911843257613235],[-5.338702877500844,57.90629050364966],[-5.295295421605159,57.87432250310995],[-5.250831448040517,57.868504032546504],[-5.225513152835447,57.84269468234945],[-5.29226121628526,57.85589862539305],[-5.324612525871902,57.86519983994796],[-5.356340527481728,57.88863883024082],[-5.4223337609579385,57.90857212095003],[-5.437556722496627,57.89363445583007],[-5.433708074653018,57.88131409902886],[-5.454274621535261,57.868995268919925],[-5.452096526061513,57.85304953880178],[-5.5358026504734115,57.8672047495598],[-5.551466162886884,57.8836285457336],[-5.55223555762963,57.909677330487206],[-5.6205804469601786,57.92370136991056],[-5.6356488138912955,57.913318880090536],[-5.655864788788738,57.88904063168547],[-5.64191807960115,57.85591686182173],[-5.621908525176215,57.85480232522807],[-5.58192120901168,57.836096805009014],[-5.588469872440231,57.80936618211901],[-5.5852298095333115,57.78895695411369],[-5.622148187452852,57.78983456377151],[-5.59794454747014,57.76934743953451],[-5.619284331779684,57.76639379513296],[-5.668282266883638,57.80004064453747],[-5.66341372253311,57.825285279119754],[-5.685159145774159,57.83504240690904],[-5.693667228930236,57.85025705491501],[-5.682365309763532,57.8642524525507],[-5.70035106661839,57.870395076207714],[-5.73022056160191,57.865977623518035],[-5.760616665149029,57.86989844111659],[-5.782733653185956,57.858460601642534],[-5.80762063751155,57.86142432114426],[-5.8148788596749235,57.83200892751388],[-5.801067977396693,57.793401406508046],[-5.813286218309095,57.75055173764684],[-5.7727698020363505,57.73987690591561],[-5.761541509988119,57.73191960088323],[-5.696352813036056,57.73016632755272],[-5.672330692270689,57.70133447643089],[-5.686729280565462,57.696527089504684],[-5.737900201345737,57.70833922219399],[-5.7597236260045905,57.70660431274738],[-5.785444363181814,57.6973721417021],[-5.786804681668642,57.68373644837221],[-5.809490319735223,57.662522265610626],[-5.819052218214925,57.639819991628414],[-5.803332857020839,57.640857745741535],[-5.771812493061313,57.632408892389876],[-5.7333779462278,57.60679088482878],[-5.727647416689356,57.58544155067222],[-5.685756293869195,57.57696653451696],[-5.692393297204337,57.56340446464995],[-5.667223673733066,57.54693794893173],[-5.63525441656156,57.55626004338778],[-5.614165472538134,57.55248606019971],[-5.587417276184008,57.55660859829426],[-5.516797456423234,57.54959972630322],[-5.512868096670953,57.53870369885965],[-5.533099272611749,57.529256668167534],[-5.550360350864239,57.53559952492105],[-5.576957604241391,57.53614237041725],[-5.617462809838249,57.528837607587455],[-5.647515678486769,57.54232452223721],[-5.649509363126766,57.52586118344048],[-5.698955289922589,57.531637874933374],[-5.698174166478959,57.54676464878312],[-5.708876293603913,57.55629935262181],[-5.743313038592362,57.55399630399637],[-5.768275103849762,57.55945971349575],[-5.8116232390453995,57.585660682098734],[-5.841434919338243,57.576134919462405],[-5.836442501411555,57.56719247421949],[-5.854275893074617,57.54850482438682],[-5.8540075429823055,57.526511855790226],[-5.870359623202949,57.50341150427113],[-5.872886773308267,57.47416639001325],[-5.861020025837656,57.449670173410425],[-5.84453476024446,57.440873391198004],[-5.81642298879839,57.443849653881145],[-5.825394807309447,57.41917223919384],[-5.810660767822471,57.39914314066166],[-5.831373929253607,57.39056051595403],[-5.828071313758249,57.378197907876206],[-5.7855854554498265,57.34685758631609],[-5.730322399648329,57.35481234344231],[-5.688730558792104,57.37850690707893],[-5.6134652282450315,57.40109376294146],[-5.594844047185736,57.39037027372243],[-5.633951752895293,57.3800836977622],[-5.631249459734648,57.365476176602286],[-5.601603473455563,57.35526691399398],[-5.5662976981377374,57.35788662418629],[-5.536092671867249,57.3688635960772],[-5.506214600276884,57.393239155689066],[-5.479916040028369,57.40358318383947],[-5.457825432531425,57.42200074201853],[-5.440587334327769,57.41394385362646],[-5.460412307817662,57.38906467404271],[-5.533910434369904,57.353128499508145],[-5.577305808206002,57.35381695615688],[-5.62061643633711,57.337136262708086],[-5.650432591956443,57.33444333232279],[-5.678783824523714,57.34001881234162],[-5.681103353427852,57.32385179902454],[-5.6999828611379755,57.32534783809792],[-5.716644041464671,57.31517550173432],[-5.728775812548387,57.29756264560558],[-5.722806827663736,57.27958532488365],[-5.662361980084973,57.281594354028314],[-5.646887142627071,57.28675769365377],[-5.594967640437093,57.273211173446896],[-5.51475696142964,57.281920002851564],[-5.503742762259625,57.26497570178824],[-5.461592998409573,57.24159045190613],[-5.4138079447778376,57.23096846277608],[-5.418740423339539,57.2184823004726],[-5.446529829971024,57.22207626974856],[-5.485697232112558,57.23869399529271],[-5.522448624930925,57.26903539774308],[-5.591119732119444,57.25588591960115],[-5.635970323867847,57.250452384594695],[-5.656435487808009,57.22801097633459],[-5.635750455895389,57.22474733163844],[-5.623774072439109,57.21244621664852],[-5.642342023895763,57.1970991584136],[-5.675888048544734,57.18441504918445],[-5.691664864770402,57.162242048736054],[-5.68240895283891,57.151291619311536],[-5.655782569813326,57.142143629557076],[-5.610905867462616,57.14577353386219],[-5.561551218436055,57.13362803057946],[-5.545750640194503,57.108534540691394],[-5.509549396221366,57.09744641730741],[-5.522864350513373,57.08309215220633],[-5.569212895186501,57.09748595936987],[-5.592022401998258,57.119219543055685],[-5.654026975335292,57.12711769287454],[-5.684830138454208,57.11886090977781],[-5.719058058810285,57.118518952902434],[-5.73114561667696,57.09854577072492],[-5.759759966942201,57.08904481877617],[-5.797183424823917,57.06169228117484],[-5.779268062210799,57.04586634420804],[-5.761372470197651,57.05020897099818],[-5.749053753710191,57.02932847244036],[-5.70633110116806,57.041171304133876],[-5.670249210951304,57.03153484990267],[-5.685001756561161,57.02096925500008],[-5.662447901306033,56.994893541021696],[-5.6166505057129505,56.982889563105445],[-5.583877246841764,56.993197153431986],[-5.581679693354817,56.981222016238874],[-5.608893349538178,56.98296096424576],[-5.640994570789975,56.974164224409],[-5.672873707869544,56.977761425780166],[-5.708673790364206,56.991044529696985],[-5.728657756433804,57.01732394798368],[-5.820645285512483,57.011878771394244],[-5.843101535371797,56.990116536241565],[-5.844354018822248,56.96451073442421],[-5.8674923545653055,56.93406657840938],[-5.882898198813784,56.92264473396284],[-5.8593828030217985,56.89628674365578],[-5.880024647196112,56.89878921477589],[-5.92303162731427,56.892418096564825],[-5.916483486324374,56.880961358891135],[-5.8435174755104375,56.88212918126851],[-5.7720289502548825,56.89438116789054],[-5.739024938497027,56.89620157452254],[-5.745378427145953,56.8840213775494],[-5.786256668272998,56.86559168805546],[-5.788881257176906,56.85973505603279],[-5.720314422566405,56.85107275435669],[-5.710653370062548,56.86709036552076],[-5.69034948195001,56.87953209707637],[-5.6711921622264,56.87195360846584],[-5.7030986820516825,56.862082108198756],[-5.7125853954614865,56.846106263057514],[-5.763756650935484,56.84771005579889],[-5.785952106488848,56.83669828164366],[-5.8550394066915725,56.83337177907344],[-5.867005228929269,56.81175828383276],[-5.7923104139471215,56.79133677777112],[-5.822360391243428,56.78650403070813],[-5.8368776405365255,56.77806284112379],[-5.893823148638519,56.77738531562026],[-5.883955390356527,56.76679818027808],[-5.846184357015117,56.75304992038045],[-5.8702701855132995,56.742119213030236],[-5.881765787485836,56.761971459562936],[-5.903595451504375,56.75127551034778],[-5.946208115854253,56.77745691686879],[-6.016724671121931,56.764581513656175],[-6.079245737756715,56.762864733831805],[-6.117993916467181,56.765622461358845],[-6.155120755259327,56.75914603892754],[-6.183286066430553,56.74884513265026],[-6.226262653285976,56.72473926780722],[-6.226333822821243,56.711543564719676],[-6.18835283005744,56.68838008468717],[-6.144643342383185,56.68278499267332],[-6.117770654897095,56.69665485527081],[-6.0959007318756,56.689444973397094],[-6.051546205469577,56.69306051494189],[-6.030228789830311,56.68032725700199],[-6.003810478461072,56.68339275030925],[-5.986491005744513,56.67901746102542],[-5.9524234997918475,56.68242870507765],[-5.89527006005823,56.67345051558675],[-5.858492422968911,56.68035628664806],[-5.838833869529378,56.674841255779626],[-5.809803193860529,56.68705884580365],[-5.784476593337322,56.7060666274175],[-5.765372162695704,56.71003595712846],[-5.717699340139485,56.71026449808466],[-5.67983832997689,56.689029114134826],[-5.659194294715651,56.68305215192324],[-5.616052392151072,56.6896976309821],[-5.608117409882629,56.67701287336695],[-5.678403926158476,56.678102470211975],[-5.744866722401044,56.7009486396161],[-5.7785650733783,56.68967507514282],[-5.844605080277737,56.65920169535143],[-5.879606318930131,56.65305651991655],[-5.904994905594946,56.65743201924916],[-5.917477131493464,56.652408424323696],[-6.000214498445772,56.64905859140173],[-6.006847288116521,56.644960223620714],[-6.000698431556396,56.61960182086773],[-5.9824014728255195,56.613392396790715],[-5.960786182453061,56.583513153504256],[-5.904613551550707,56.55118512752651],[-5.884577636089137,56.55171485452974],[-5.804853115285334,56.53356132702577],[-5.771421654511402,56.53256263025878],[-5.729194658823005,56.516634677175254],[-5.695586028487523,56.51227932026834],[-5.690473653339313,56.499337739184966],[-5.646964997562606,56.508491632352616],[-5.59234316348828,56.52882415509134],[-5.559950057412582,56.544702407082696],[-5.496082969994263,56.601696053345215],[-5.496141870917987,56.614757435952185],[-5.47029114511277,56.61529763156206],[-5.434181196986451,56.64277856099243],[-5.4064695213725384,56.642599816052176],[-5.35521096568012,56.67521021583416],[-5.3553800285501545,56.68203947018039],[-5.321057763978254,56.697189397048504],[-5.303033691687479,56.71217070733053],[-5.2758869498810474,56.71111352826721],[-5.242082701525734,56.721566518185696],[-5.253203449410812,56.73798653516778],[-5.230599800212697,56.75114197139009],[-5.238836727923551,56.761094974735734],[-5.212757747194164,56.768768331908454],[-5.128022205082119,56.821205979430665],[-5.123818920005739,56.83408213625519],[-5.150445839766427,56.836488992344464],[-5.17989403334739,56.84608570216066],[-5.233589429287351,56.84226032063777],[-5.309288360884841,56.846549554215486],[-5.334726721712992,56.85938787982151],[-5.262913317914195,56.85328867602797],[-5.1914379719271295,56.85516288382308],[-5.175265307249416,56.852630732331214],[-5.1498015621436934,56.839055501775775],[-5.123350561234108,56.84273535776407],[-5.091210994253026,56.830858586285245],[-5.123735489636808,56.81152044524245],[-5.16428206569093,56.780595199192796],[-5.170494058998852,56.770452732426044],[-5.207681088252025,56.74036291986939],[-5.239403530769445,56.718583217418406],[-5.230678903575427,56.70095063570768],[-5.184676183359989,56.699562108791376],[-5.1857445972107525,56.690978594892094],[-5.145642527223282,56.686865639586436],[-5.104726942430314,56.69871512803529],[-5.109194241826384,56.68144502167348],[-5.1483027554930745,56.67702437761418],[-5.181659320799592,56.68794271439934],[-5.223567565427621,56.68631852791145],[-5.253935076493374,56.66985680188634],[-5.277398313478846,56.669944405133414],[-5.31740912871048,56.65342612069129],[-5.296479509553716,56.643233106905],[-5.317989297824293,56.62382552433316],[-5.362761670270984,56.60182882564275],[-5.382110862282935,56.57062625458109],[-5.41486735381181,56.55311711818078],[-5.3981012564406345,56.54384619253116],[-5.387774628521839,56.52812608726172],[-5.360333734742278,56.526195697388594],[-5.323913140770538,56.54757151009669],[-5.301929078458829,56.551361066640006],[-5.313745077685713,56.52898540519089],[-5.333741859884501,56.52015857987374],[-5.3648323944105645,56.516805109961034],[-5.382698310321354,56.50993563626815],[-5.403390804136668,56.525768736154006],[-5.435210125126404,56.52118467958033],[-5.451552027765026,56.50584597258249],[-5.4550317348207615,56.48840678330359],[-5.416753229674267,56.493686041297],[-5.400852337830469,56.47226162959899],[-5.407050309066107,56.45890650220884],[-5.374407642433401,56.45811069041902],[-5.361975662516278,56.47014177388338],[-5.284307516468145,56.46083445532416],[-5.259709997267857,56.46307369896797],[-5.22431004373078,56.448226918383895],[-5.184609300074376,56.46094361813247],[-5.156920908565901,56.50008080580711],[-5.1033306097961315,56.51246658846387],[-5.136326524758138,56.48991938627027],[-5.145196412637902,56.47548725338885],[-5.169970890620166,56.45752515942055],[-5.1979246326539705,56.44686512703259],[-5.2491238891495735,56.43875217053062],[-5.269380816925374,56.45496666392737],[-5.299855287676648,56.45608740270425],[-5.325277125917146,56.45117898701353],[-5.349981316429794,56.45974105717283],[-5.36628413816496,56.454466785393286],[-5.394246504891642,56.45504950496817],[-5.441467152923151,56.447645394487374],[-5.451651411114133,56.45146628546758],[-5.4864149548404875,56.426246805205935],[-5.472773825953673,56.41293369962247],[-5.503391380091172,56.40301556489971],[-5.529246455410087,56.380105727876085],[-5.538203764300976,56.36114973896591],[-5.5346726987423605,56.34885062638805],[-5.556340551511904,56.34695051823094],[-5.5776182631449895,56.333535408784705],[-5.590858540791046,56.28877578912666],[-5.579225211696338,56.28389355755537],[-5.594718717328523,56.26486056511326],[-5.581708326392143,56.24816325672839],[-5.561899678973534,56.26073923759591],[-5.5340820450793,56.258122186598605],[-5.505225799808375,56.27012869534553],[-5.49861878478488,56.257448031871455],[-5.512292038429168,56.24657239411425],[-5.536399931958375,56.245053078483956],[-5.548543357179567,56.23052121157621],[-5.547676986532107,56.21403782714182],[-5.570505130723192,56.19516954504618],[-5.600496283410082,56.16114948377983],[-5.602144384223884,56.144334875551884],[-5.580516920118194,56.14601411819373],[-5.576130571671801,56.15721384122642],[-5.547707678643314,56.171089625778244],[-5.52558252465557,56.18823446846583],[-5.503608402660078,56.18870343424481],[-5.517136721013186,56.169046000539964],[-5.556006336559323,56.13193248676268],[-5.568130755439468,56.11362275976143],[-5.549739705364983,56.10151640629554],[-5.529338056131994,56.09928768502292],[-5.550493424077567,56.08080177221198],[-5.582444182250427,56.09242032938684],[-5.627075737681374,56.05599992627127],[-5.645716460767767,56.02956774259998],[-5.683902650069283,55.99242064759269],[-5.683451010070242,55.985739871652626],[-5.705972334259885,55.96690971307991],[-5.6683051138685085,55.96395355869813],[-5.639997423652878,55.988875377704645],[-5.609017300293242,56.02404304379137],[-5.595009262529716,56.027259167008246],[-5.576386307866666,56.01314993978488],[-5.59586811193119,56.00954052668951],[-5.640547564356497,55.964441993701925],[-5.6671082332513105,55.9466556047696],[-5.687497049475611,55.90914788811893],[-5.68335052449516,55.88740515670174],[-5.658557216968351,55.9026422945487],[-5.644032464497372,55.903914952670874],[-5.60903824171593,55.92922281213027],[-5.579510044909895,55.93964543056549],[-5.57142788491721,55.93329864221291],[-5.588117409201901,55.918750610651394],[-5.60755723353988,55.91213981900183],[-5.629169837219376,55.88107221048177],[-5.650381054296634,55.865324845035595],[-5.662913480528363,55.84738226127347],[-5.6705982001414545,55.81643717140226],[-5.6629276549181276,55.79838594640251],[-5.589474550414068,55.76718234479796],[-5.578500447093859,55.77905729801735],[-5.555797137780908,55.779748365287084],[-5.519304289871768,55.79734462692822],[-5.49696691550314,55.81746095117207],[-5.470413718787025,55.82063698504164],[-5.479030996574777,55.80402503514687],[-5.509984571410299,55.79409926283098],[-5.516009371425777,55.78480982881461],[-5.553476117354014,55.767056811646306],[-5.569860306233948,55.766932119098804],[-5.596161440575016,55.740672540911],[-5.6072043411709895,55.72352604390933],[-5.637484981349617,55.69675493458338],[-5.676130416517107,55.68131776804262],[-5.663108326227633,55.667842085722384],[-5.672411263684154,55.65066435889835],[-5.678881216048442,55.6182827432867],[-5.692767368132333,55.587374769799816],[-5.7153502741654085,55.57854295200298],[-5.704470050391461,55.532589430234],[-5.713737159026465,55.52056557107198],[-5.711264217911256,55.49549596572143],[-5.716269728490808,55.442442316903254],[-5.730015102495946,55.42396437888531],[-5.74901216799865,55.42451695740013],[-5.796787607667346,55.38966108620987],[-5.798708962786607,55.299378233884205],[-5.761634493364087,55.28886847684552],[-5.719942861512719,55.29326768658825],[-5.688563095038005,55.307697466392085],[-5.653687472688988,55.31094433420604],[-5.603636925032239,55.30751295735274],[-5.5618659202738705,55.3237074391586],[-5.521600135265515,55.35979519574872],[-5.516602355115753,55.36919612008207],[-5.529325534423201,55.39627599874808],[-5.552379376754362,55.41812738749717],[-5.584081361389958,55.413744166397684],[-5.5790871437917575,55.42603424592488],[-5.558331425277665,55.43507896578584],[-5.548576182729814,55.447514481339425],[-5.545630330794654,55.4660419794832],[-5.517757804085226,55.48486171560923],[-5.500826445817361,55.528407516141634],[-5.490664915269337,55.5291159107439],[-5.494177883424855,55.55395771090027],[-5.487682512781365,55.578939497053916],[-5.470014668368345,55.58090108305559],[-5.475515257522836,55.604192762162334],[-5.476441103502106,55.633922988534756],[-5.483692930059371,55.642645350001054],[-5.468775342668099,55.65713517686793],[-5.4472984310187655,55.69130025370433],[-5.450592126473112,55.70635758530827],[-5.394318255344586,55.75057170853012],[-5.366728146701303,55.75642429431494],[-5.350757075574168,55.766150428813745],[-5.329837535167045,55.764955610716406],[-5.314728506641117,55.78476603103997],[-5.324833346884223,55.80765703251295],[-5.343370249935134,55.829356206405876],[-5.355010594355351,55.8338489321365],[-5.396741311918655,55.86994220618861],[-5.419542775564461,55.8964668352818],[-5.418543541759247,55.90410979493961],[-5.434208087431998,55.954705227092944],[-5.451137058858967,55.97186276817052],[-5.445000653934536,55.989836376895774],[-5.450631019297373,56.0081476319132],[-5.440947241951432,56.03433879497275],[-5.417881491808811,56.00840700176427],[-5.3800683900176995,56.005777662850306],[-5.361864007826594,56.0239025117262],[-5.3377744987167155,56.03314678132174],[-5.341788385631407,56.04938249583003],[-5.297510815629807,56.06530981723948],[-5.283448097165259,56.08918531303744],[-5.257125095246034,56.09747080952784],[-5.255302503565076,56.113327851796505],[-5.236762686961015,56.12840804193631],[-5.19215074146513,56.149897259264115],[-5.140913999703702,56.158426777980445],[-5.10844077692857,56.18066141406781],[-5.110242154671349,56.197039783215],[-5.072726479147419,56.23428842103043],[-5.046684254355839,56.23407558096432],[-4.989549719505483,56.245355151670495],[-4.98500700097357,56.2342870946349],[-5.032058993980917,56.22330499796762],[-5.070649050773447,56.19695101012307],[-5.084044987316374,56.17553861474479],[-5.080423776820835,56.168608916654335],[-5.101899559071476,56.1559547745225],[-5.152686651461817,56.137601098928904],[-5.170094530714748,56.13790374440757],[-5.205563328579262,56.125629101396534],[-5.206021611908454,56.108419646056134],[-5.219698596705707,56.09593163681284],[-5.264280386528444,56.07123746811256],[-5.284335124473643,56.054666522269194],[-5.301532474176355,56.02364936491053],[-5.341908988694853,55.99508177982867],[-5.345974575581062,55.967429187829865],[-5.329594040249039,55.95485263152924],[-5.347922535839432,55.92764730018968],[-5.341631500558523,55.88974803805893],[-5.312416360950927,55.876082856912745],[-5.315623377334146,55.85812228954547],[-5.2477151419104455,55.8399676393368],[-5.200789242725155,55.83401999412268],[-5.208697918150633,55.856320532127846],[-5.242217460640318,55.894395637386374],[-5.2398305670950345,55.902069602772684],[-5.209651666421972,55.91628379526343],[-5.194436981126194,55.93647414781501],[-5.1735685266348135,55.93202425662499],[-5.13419474895981,55.91580210895531],[-5.112191813780473,55.90255897757774],[-5.07843373372431,55.89758749270474],[-5.073691933067385,55.90620574802199],[-5.082459282352803,55.938519895546584],[-5.093076175371755,55.953751716221376],[-5.068526630922524,55.9522040184302],[-5.040544463929508,55.88182269716918],[-5.044882349272654,55.870813414104084],[-5.020512239652269,55.86540882376057],[-4.988132432249874,55.86441045026465],[-4.952877318609768,55.89539501476566],[-4.933647490217958,55.943074761021784],[-4.9100515137540475,55.960113306227576],[-4.915806323887904,55.976285467239805],[-4.944113595646448,55.980813020072056],[-4.963154125426256,55.99175045430711],[-4.949116343594425,55.99787666327509],[-4.901088998859964,55.98318570677967],[-4.89513566308991,55.99731892330908],[-4.90747561173745,56.044801672651126],[-4.878813380220106,56.083508352348275],[-4.87583614670104,56.09413902922093],[-4.899874175362066,56.10369697584561],[-4.911447259238692,56.11881795795337],[-4.899992464026537,56.146085632067],[-4.917700970807375,56.16402012708823],[-4.907382080482046,56.171774539463364],[-4.882587843394241,56.141581714130616],[-4.891255919843848,56.125239698925306],[-4.882279627926515,56.10405623030226],[-4.857861029642598,56.10372764672435],[-4.853277339692376,56.11277957308404],[-4.8287261958934184,56.12788556960651],[-4.826529850957602,56.141403625390495],[-4.780046019332311,56.18992144287742],[-4.7678101191852935,56.18692023094599],[-4.811075199407135,56.142735308543756],[-4.819809282489303,56.12486976538512],[-4.838991793958564,56.11350577384855],[-4.881254241123648,56.04942376109141],[-4.86600517046782,56.03178581565103],[-4.867075469423139,56.01355424457289],[-4.852131992261242,56.000022391008656],[-4.853418147991784,55.99028150045522],[-4.835129004561706,55.98359735329451],[-4.768553303985473,55.987470843314355],[-4.774149987344238,56.0019077871389],[-4.792865985784228,56.000840437759855],[-4.822210266821732,56.02914149252218],[-4.841813695611625,56.058819772305505],[-4.8206051746162615,56.055531914142485],[-4.774818453891803,56.012681863754786],[-4.724638654331981,56.0011739447644],[-4.700194258769046,55.99170248898569],[-4.693789811863507,55.97859824505626],[-4.666455668917454,55.95837048524385],[-4.654655071822104,55.96024331235034],[-4.587766002071139,55.9397474142487],[-4.562567098965707,55.939951016966106],[-4.530936032954024,55.92267392022851],[-4.571902152450279,55.92318113334789],[-4.622951665391382,55.93304093942204],[-4.670480814291475,55.93306992100422],[-4.725512502990057,55.94435483126102],[-4.749032238062523,55.94623322374371],[-4.759124652183901,55.95458358826915],[-4.791745689841255,55.963428992151506],[-4.821147001538488,55.96197422019801],[-4.831242487807442,55.955316037119275],[-4.87882460142034,55.94231589883876],[-4.874863554189024,55.92178950966229],[-4.8814534892209265,55.90303440322575],[-4.8987099498691515,55.89116933271734],[-4.889494697800164,55.88236788061625],[-4.8874607533845555,55.8467212646387],[-4.892203485882255,55.838780878231184],[-4.886664528141042,55.816532041828886],[-4.869706138449515,55.798400411955534],[-4.85520401592873,55.774217697865716],[-4.857363345936165,55.74688557444217],[-4.875557543673437,55.72952121129782],[-4.902339506396289,55.72292779655999],[-4.905515899092186,55.69917596112088],[-4.863023226924111,55.68407610906179],[-4.815081930874049,55.647778738214434],[-4.8165331617076745,55.64165447262225],[-4.75267196200353,55.62926776732367],[-4.710166388161894,55.612550207415836],[-4.671683559407379,55.58919819217075],[-4.657940692616526,55.569494959926175],[-4.658955653738615,55.53878616470836],[-4.634658908759074,55.519755104664874],[-4.6201834200297265,55.498249307304896],[-4.631905144760094,55.47382392709029],[-4.64407835540073,55.47057786335878],[-4.64895736828043,55.44378028836681],[-4.689202204868436,55.432760470092354],[-4.713029570763103,55.432888288782515],[-4.753042657270872,55.416357986526215],[-4.769585750338025,55.40057565036988],[-4.769328840124305,55.37272369985711],[-4.77552478503987,55.35935222774849],[-4.805861900452232,55.349901922016656],[-4.810647059185739,55.33887395788106],[-4.845548989959836,55.325822006331045],[-4.83761109781503,55.31127257136325],[-4.8375388184009935,55.27788563468879],[-4.863085484136714,55.243297994117],[-4.860096047468148,55.2273678055182],[-4.909915710562583,55.199054796503425],[-4.941527479535429,55.16413814483294],[-4.9918142125545435,55.14343417406723],[-5.002182211482309,55.108031949997475],[-5.012125722707811,55.09017882724537],[-5.02809659714148,55.080839953431884],[-5.051277220272012,55.05304319699437],[-5.060176570090178,55.02513158346863],[-5.038016984601784,54.994845481984015],[-5.031466075840121,54.9748133037488],[-5.0190356859554885,54.970256055474515],[-4.995992275019534,54.93630073220792],[-4.990538773368468,54.918603082115936],[-5.018076327496815,54.90544022509655],[-5.035527085337345,54.90859508870868],[-5.068334987041295,54.933441729191095],[-5.0731488893252745,54.96546385539434],[-5.0640249225421465,54.968261559129694],[-5.076044927628545,54.99606921392855],[-5.090698256285222,55.0128773115622],[-5.10898797912122,55.018119011702304],[-5.168871960560282,55.00018466363405],[-5.186448309104309,54.97457239515576],[-5.178804047179901,54.96409528387028],[-5.186830547204214,54.95186550210187],[-5.185103500927483,54.91523205209032],[-5.145078403359054,54.87115464609125],[-5.148909110421065,54.862235820718176],[-5.136629814469791,54.849987070667346],[-5.103281215668276,54.82919527942163],[-5.084314888035635,54.82538250109234],[-5.076863851640607,54.81542369535489],[-5.053646789620502,54.80986365981505],[-5.031458733913252,54.79033432707887],[-5.001255920044316,54.77294635248211],[-5.004301102979357,54.75508628127055],[-4.986766365490755,54.74993053206688],[-4.992576685133871,54.73498410405701],[-4.957617235053076,54.72878772611255],[-4.9669540637656535,54.71758468340605],[-4.950329483896811,54.69882193602515],[-4.972600409999103,54.689741587265445],[-4.964176190111804,54.66686972694237],[-4.933354595932037,54.64843324463035],[-4.889593272042177,54.63922878623879],[-4.882271932501567,54.668836257621294],[-4.866777329270602,54.68191212379279],[-4.8955591167208174,54.692265165531275],[-4.927512396206348,54.749511945995565],[-4.940353493357114,54.76600054103991],[-4.938787282770743,54.776728397945256],[-4.960725137770641,54.80268487245421],[-4.933549182817118,54.83380571346684],[-4.854502162356032,54.85678190763925],[-4.8479927787363435,54.86916776087171],[-4.80674298234751,54.85848462379622],[-4.78652816926709,54.83566451288899],[-4.708672571158639,54.823876761833645],[-4.679553955672611,54.80390363947158],[-4.6255606295763485,54.782641341478424],[-4.6007212621981965,54.77690349167005],[-4.585415070945312,54.765300736454606],[-4.571708174452707,54.73818587633589],[-4.54511815365924,54.73318940107264],[-4.540909851690141,54.72308892684387],[-4.481168456146255,54.699020758023394],[-4.45737548513434,54.69623726727277],[-4.419932751134139,54.68266760248978],[-4.392133292289992,54.67749196126754],[-4.365199159979083,54.691048997447915],[-4.351341143461467,54.70564746669685],[-4.363431362301294,54.71801315223554],[-4.366883176404263,54.741823542715544],[-4.354970589674398,54.76592962820138],[-4.362135693754922,54.79577954764965],[-4.341967297090196,54.800515862926574],[-4.3545272628236935,54.81336065461883],[-4.406865701322019,54.824443569365236],[-4.418388050214814,54.84138719959889],[-4.420224080597964,54.88685960647792],[-4.389438796422119,54.89745797311258],[-4.382160112306768,54.880636588085814],[-4.3515603261607385,54.858985953262035],[-4.303659974590858,54.84342251914057],[-4.266348785480731,54.835409186250715],[-4.230782006803287,54.85494995199612],[-4.214454070810049,54.83500669611741],[-4.21040447959804,54.81567526752888],[-4.181512188727629,54.80757518769077],[-4.179447703544515,54.792441284767335],[-4.138810061425683,54.77590226113088],[-4.111598998463578,54.777528700831795],[-4.094999729847055,54.765450139320585],[-4.088183182360299,54.80285829728403],[-4.0913335551901495,54.81435417905541],[-4.068610465501399,54.83091520405039],[-4.048151804745879,54.82075666263201],[-4.048332216169201,54.808212340988405],[-4.064435726159116,54.79201775367516],[-4.065332924658696,54.781697967863074],[-4.044742756288779,54.76986247246256],[-4.006018795929785,54.77455628679003],[-3.984372657932213,54.76853452099492],[-3.9634412029302997,54.77192857137878],[-3.9346341707943284,54.788098813112114],[-3.8432043549485915,54.81501457607179],[-3.8343219663111454,54.82640814412852],[-3.8630431782857015,54.84712096236641],[-3.82618300783144,54.8614724376747],[-3.8215334679629906,54.87706687517719],[-3.7786119527291127,54.85419864581655],[-3.741417588023912,54.86492509847065],[-3.7230007953666613,54.88099448475112],[-3.648597011288666,54.879579732515765],[-3.597128634646664,54.872325010796224],[-3.5944918459329798,54.88440223525808],[-3.5756202267617967,54.89251650049206],[-3.5635997753442843,54.90570662462058],[-3.572370332471281,54.92362876927359],[-3.5889979886019816,54.92992685817685],[-3.5779822392232035,54.962195570591184],[-3.5761770441004486,54.98065135377554],[-3.52267181894959,54.96538025580005],[-3.4867408008363667,54.96560801938251],[-3.451384566228524,54.976290521125804],[-3.432836369920108,54.99159541618388],[-3.408467389251911,54.97440393619191],[-3.3657866338809157,54.97118170703676],[-3.3285360574169607,54.97865293222844],[-3.270440676854151,54.96556949647763],[-3.2565593678835083,54.97253304540579],[-3.2056439646531656,54.97626137416082],[-3.146122300313919,54.96444739909534],[-3.120933795654647,54.97576007410339],[-3.0763846527088763,54.98015285333323],[-3.057817479917639,54.99001110808257],[-3.057811352512516,54.99165191898456],[-3.0544618467442626,54.992559382543945],[-3.049453998789836,55.0093895163764],[-3.0302350566782077,55.024640543786106],[-3.0436204787765972,55.05496770043746],[-2.958590705975996,55.0492893538839],[-2.9373768272776433,55.0606544733041],[-2.9172971047301637,55.07807334738266],[-2.899859108107304,55.076983768667084],[-2.8713235139609057,55.10027639493166],[-2.852091578807825,55.108483130255586],[-2.8127729940477106,55.136161788309536],[-2.7349539806829926,55.164542496723804],[-2.703471536702839,55.17317025890079],[-2.686143922844106,55.19078745342455],[-2.6668093696886648,55.221577653142994],[-2.6346512458378593,55.22546216652563],[-2.6302233450649504,55.24478888418079],[-2.644344601500672,55.25821566091729],[-2.6092324665121387,55.28324568714762],[-2.573357272625668,55.296882124613106],[-2.5430989305118388,55.319590218844645],[-2.5176922919887414,55.3246625440548],[-2.488513007873224,55.35183259006935],[-2.444399582723572,55.359181527705026],[-2.41499001481533,55.35892015975477],[-2.3995146790965607,55.34827242782159],[-2.3400944888224595,55.366088554949904],[-2.334734327538311,55.383153608110625],[-2.344718462910478,55.39944735082573],[-2.3356221809152364,55.40820669758278],[-2.3132464468222977,55.40678793305613],[-2.2606038892475784,55.4329328290619],[-2.2312742750150827,55.428428041125656],[-2.1942118545193794,55.445256906499296],[-2.18440570572818,55.464084137794565],[-2.2009361409774852,55.47501498598244],[-2.2022252083013663,55.48824214168512],[-2.228838223729967,55.50951860076328],[-2.232241558762512,55.54483015422037],[-2.2530690084011744,55.56139204141046],[-2.2854258189584784,55.57772094075074],[-2.287745749656825,55.60104955660876],[-2.3281436264797435,55.6274106117478],[-2.324695937101898,55.64316825195888],[-2.298943949912925,55.64712799996465],[-2.2598035141300166,55.64457547283272],[-2.22691631691637,55.663126045748605],[-2.218652035010051,55.67590904261022],[-2.1805897499150144,55.70327688128072],[-2.176988751888112,55.71837801856972],[-2.1517430675145093,55.72250905163302],[-2.136541311527927,55.7403866945255],[-2.118323244115533,55.74119154401543],[-2.119158549379187,55.74261174268107],[-2.1151538824011764,55.7484950989042],[-2.1069040381296666,55.751587063677725],[-2.1103096924753264,55.75813595144913],[-2.103263451140831,55.76227339283855],[-2.085735546324837,55.76274794961002],[-2.086114495664564,55.793048610077214],[-2.0344084078593987,55.811118428002445]]],[[[-3.112961772155303,58.69327049307289],[-3.1318822318642185,58.68061760147083],[-3.108782310232503,58.670501256501794],[-3.100595222313525,58.684653045936116],[-3.112961772155303,58.69327049307289]]],[[[-3.0657925113482856,58.84469242279502],[-3.068688618167347,58.84939869133417],[-3.121327468920387,58.8429420297626],[-3.1477150104313703,58.828081173885195],[-3.138848097504665,58.81676675925714],[-3.107100731534544,58.8144140698812],[-3.0842564588948083,58.82221081643424],[-3.110746148505844,58.831274099951095],[-3.0818683273725798,58.84354990483116],[-3.0657925113482856,58.84469242279502]]],[[[-3.3541523412689456,58.93228887694157],[-3.4164980365223254,58.91113430611726],[-3.4344859352338566,58.87133951785906],[-3.391060514948049,58.87085069991339],[-3.378748676037681,58.859650317407635],[-3.3699908842689625,58.83720820676866],[-3.355204067185777,58.83123868880398],[-3.3224982686105022,58.80531076615607],[-3.323214918997854,58.79822129647937],[-3.2893380237139236,58.77606056190645],[-3.2285888144429036,58.785334946909806],[-3.188154960615854,58.777051639351654],[-3.1387530790388714,58.784029052654745],[-3.138605899823759,58.80211686785914],[-3.2071854164330023,58.80088497163102],[-3.2247028947918794,58.7861944827697],[-3.256732429974849,58.78561611954671],[-3.2494636328694564,58.79893417661697],[-3.1844813363047786,58.814424534313424],[-3.1785207668882314,58.82581121902997],[-3.2169715374462045,58.862051328199705],[-3.2105344338833812,58.87567078206683],[-3.2318693152450337,58.88716306098455],[-3.285395099712744,58.90514829778479],[-3.318298190991004,58.90926436013965],[-3.328852008186655,58.92889389113234],[-3.3541523412689456,58.93228887694157]]],[[[-3.308441144622469,58.94070780489026],[-3.3082070494977356,58.926306426228805],[-3.285058820046742,58.919886800618364],[-3.267982167371824,58.924012577730515],[-3.308441144622469,58.94070780489026]]],[[[-2.802489873731704,59.087371330145224],[-2.8400024808489284,59.07679432023887],[-2.8376522950793803,59.06532950306298],[-2.869956124315124,59.05669189909712],[-2.9056969577475993,59.06679753058868],[-2.933942861832863,59.03038083750928],[-2.8783949682484664,59.03280619646053],[-2.835971939740103,59.02546754929941],[-2.805605605833193,59.02855710888546],[-2.824214889289516,59.04696736509572],[-2.801675384485509,59.068619286672366],[-2.802489873731704,59.087371330145224]]],[[[-2.9655604695623707,59.09015591838421],[-2.9929565165865313,59.08640877689718],[-2.9730567368857432,59.072557549264005],[-2.951589142454666,59.073868140895854],[-2.9655604695623707,59.09015591838421]]],[[[-2.963232664282456,59.12775252939741],[-2.9861549674075794,59.12088972771572],[-2.969301541473106,59.11091416600738],[-2.951395911588987,59.11843064037092],[-2.963232664282456,59.12775252939741]]],[[[-3.198456594040294,59.15426037952718],[-3.2410796992291138,59.15222610749593],[-3.2778233187511314,59.14053688058262],[-3.3113579948899936,59.1388021136767],[-3.320584760821325,59.12273477645297],[-3.349263166526492,59.11176688114872],[-3.353103667012335,59.0836044808357],[-3.3493785563440137,59.061661990527504],[-3.357543037995724,59.04401641338796],[-3.349572764642287,59.03771380717825],[-3.3661972606794737,59.01522658710165],[-3.368014065526981,58.998541387526124],[-3.3517335781915527,58.972296900335735],[-3.35573539046236,58.96486383515813],[-3.3306406725884163,58.95500286535752],[-3.3006231400956225,58.9575860552515],[-3.266778366972013,58.96680728982973],[-3.230386714212773,58.96707730229917],[-3.2352025543932976,58.94319000216436],[-3.2225115759130945,58.92593992721843],[-3.2025679217510707,58.91218650958948],[-3.1869631365179925,58.91864973326637],[-3.1374019410132092,58.91624748152909],[-3.110737126257013,58.93183847673618],[-3.078410745456606,58.929841548435846],[-3.066194424762218,58.93602813379781],[-3.0144701518092556,58.94293596067008],[-2.9834028454926247,58.962659465455594],[-2.968589393129795,58.95947338679763],[-2.9736441829950455,58.94332564804333],[-2.9327399397133047,58.90258564398939],[-2.9286761047627947,58.890373339180194],[-2.8972953095373377,58.89529701905386],[-2.9158847486082244,58.87244076113646],[-2.9127690112485403,58.856923444395214],[-2.9388421078498532,58.86075696152765],[-2.963359421271174,58.85155493921994],[-2.9079314260863827,58.83878523996386],[-2.962403710437656,58.8268690833877],[-2.962177955536599,58.83598210701609],[-3.003836605994099,58.82676222622897],[-3.005170660934715,58.81146520585725],[-3.021987793712411,58.80517182285813],[-2.9826571678225706,58.783395370049455],[-2.9843598698532734,58.74756524136988],[-2.965458198785906,58.74133145700235],[-2.962448464182194,58.72998575380578],[-2.9186433865879633,58.734954288259225],[-2.9116423285767628,58.75592520550778],[-2.9396721588435692,58.767136530520844],[-2.920126352944012,58.78625000830613],[-2.9059495092258825,58.81410256218947],[-2.890720102239097,58.8203519195827],[-2.877464334832033,58.844947249720484],[-2.8908779295225218,58.85787499835777],[-2.888427909134173,58.874033711318916],[-2.89968515727263,58.8840702866993],[-2.883243102038265,58.90013304844948],[-2.846331038996848,58.888677163370424],[-2.821630508245827,58.88691175211589],[-2.7802473892593875,58.91597073736688],[-2.763458447642045,58.91312195650799],[-2.747860055424535,58.92376318080552],[-2.7124402258166938,58.9206388251082],[-2.7187626436814343,58.93638377420024],[-2.706295556166966,58.95732134446648],[-2.708051905104665,58.972946332473015],[-2.8053302015252473,58.947797396144395],[-2.7862835233858276,58.940503645252925],[-2.804422399975232,58.92914025549105],[-2.8280026139499332,58.93246846324376],[-2.8286667572581408,58.94685818163366],[-2.841130654101296,58.957593704651835],[-2.823010253758858,58.96585435167757],[-2.7915159004991077,58.968934274823184],[-2.7958493454966797,58.986360930577376],[-2.825528751348385,58.980775994796865],[-2.8554774427957685,58.98614420299449],[-2.8733270374450863,58.96989542412595],[-2.892821154280456,58.96284251778147],[-2.9188953305519694,58.96499125744975],[-2.912036757029585,59.00586131463651],[-2.9443689904330395,59.005578114024594],[-2.947740648525236,58.99033165817567],[-3.0087395891819884,59.01027660815142],[-3.035567664556995,59.0100129801551],[-3.054685567017409,58.99350479359133],[-3.1146120576126406,59.00645132934349],[-3.0531737663218377,59.03603922249306],[-3.0352536751785,59.04731540122777],[-3.0213253313548907,59.038011581344165],[-3.0010371379916645,59.0647717069591],[-3.0078407856390514,59.07756815197359],[-3.0441943497672117,59.089231759910184],[-3.0508133021124904,59.111349339982645],[-3.1137275340767996,59.12330012127049],[-3.154119531543513,59.13869385258599],[-3.1779480508450875,59.14261116049025],[-3.198456594040294,59.15426037952718]]],[[[-2.6298623454753356,59.161019334410646],[-2.6648425249133703,59.14974719541581],[-2.6436350585020967,59.13294182994296],[-2.6229160179446285,59.12503787180307],[-2.629648936138061,59.11013223174957],[-2.6701626377949705,59.108663426480824],[-2.69030002419532,59.07961935668625],[-2.6526095611850824,59.07547163005751],[-2.643999966436738,59.08572114950737],[-2.65771203915046,59.10025399973973],[-2.632096402624624,59.107695879695214],[-2.606936393284737,59.098153502024985],[-2.6006088691295526,59.08775719372288],[-2.607632010159655,59.07299521296521],[-2.5464413253785714,59.08205237378207],[-2.529063808613481,59.09106543852469],[-2.5501286192189334,59.101104654591104],[-2.5645032930009153,59.12030923313309],[-2.595731544020493,59.1157473766865],[-2.6036173616458247,59.13805275040621],[-2.635740475090978,59.15574119090052],[-2.6298623454753356,59.161019334410646]]],[[[-2.9261845556744954,59.17010411514286],[-2.9407358530931567,59.166123428172334],[-2.941357897320669,59.148279576702436],[-2.9205443197838554,59.12751450149321],[-2.9080523560887257,59.16366363740743],[-2.9261845556744954,59.17010411514286]]],[[[-3.0760461370908163,59.1998380960891],[-3.118358741871534,59.172641436400696],[-3.1130162610960146,59.16049865465981],[-3.076806085423648,59.137897633119934],[-3.0401813405350064,59.126467300893076],[-2.9960059946336286,59.12724915054559],[-2.9655570137035165,59.13506542689212],[-2.978809799059522,59.16317889382182],[-2.9658558253038088,59.17531389491067],[-2.9781876909501084,59.18697309813227],[-3.0083699229504486,59.17757058684434],[-3.05001940044884,59.18371290978336],[-3.0486139142776256,59.19565718634015],[-3.0760461370908163,59.1998380960891]]],[[[-2.7550391723276206,59.24986425327479],[-2.788451849427174,59.23777471071167],[-2.791013280425381,59.21391447798722],[-2.778071265566393,59.208202942898076],[-2.7837379093893353,59.187765184098495],[-2.8265825109191076,59.175820705868496],[-2.7721613944183323,59.14455760732569],[-2.7558524303810388,59.15739119352462],[-2.7593400345597576,59.18916471244761],[-2.7336496752987745,59.22313891161976],[-2.7628272994271055,59.231810921025314],[-2.7550391723276206,59.24986425327479]]],[[[-2.4178476769227695,59.2902527545233],[-2.4257896909833385,59.31256176129019],[-2.446679409518894,59.30388734673269],[-2.446304328829422,59.29339086631775],[-2.479524865064955,59.28935250314334],[-2.529952557307472,59.266565874482666],[-2.5737935173591406,59.26071016844743],[-2.5748601932504616,59.274996326722366],[-2.5528391667322,59.29064022940729],[-2.5979281803683603,59.2931980490561],[-2.614677845122137,59.28287157150777],[-2.59300177602361,59.26884492438561],[-2.601912793880395,59.25963979986783],[-2.6290569007426323,59.25397430567183],[-2.6590716997477912,59.239084736232755],[-2.6642013070557904,59.22810097531583],[-2.696114983223434,59.221038107783365],[-2.7018424772181637,59.2078090042392],[-2.6729749986847593,59.2026014475216],[-2.6425698349179707,59.221701297976104],[-2.638464853128054,59.234156542156015],[-2.5703672625050924,59.244908792467804],[-2.53708646560575,59.23539306812941],[-2.5279584569833653,59.24863007007035],[-2.5105645223598336,59.252883364512755],[-2.4736697699168615,59.27919657587589],[-2.4335277574662424,59.28345845654019],[-2.4178476769227695,59.2902527545233]]],[[[-2.955208944204645,59.359693658730386],[-2.9767002345964757,59.3531899849008],[-2.979333949578757,59.33591087920132],[-3.0081098299088476,59.32698809134362],[-3.0658508737524754,59.32309750324069],[-3.0231268858176183,59.30516867817462],[-3.02491682913495,59.27780079238175],[-2.9818780919355663,59.26581957093789],[-2.9504665958626277,59.27201318408876],[-2.966954488225552,59.287001397529664],[-2.928207688174153,59.285589221928106],[-2.888222280619206,59.25771791233712],[-2.839683421657384,59.24932192065474],[-2.8561552647867714,59.26853620576292],[-2.8842211439019763,59.27362561240093],[-2.882630361668638,59.28585752123662],[-2.9239507863737897,59.30432121502305],[-2.9563521324704816,59.307769556722725],[-2.955208944204645,59.359693658730386]]],[[[-2.8788865146767075,59.38543421006245],[-2.8906945283917396,59.382716227762344],[-2.897350181476643,59.361761927939625],[-2.911091476852949,59.34963412796995],[-2.9080305685893704,59.33623159753268],[-2.882782149750806,59.326239304750416],[-2.8772646786911245,59.34125617789102],[-2.8887928553542355,59.3537804111642],[-2.8680524392137094,59.376073288573586],[-2.8788865146767075,59.38543421006245]]],[[[-2.3819754430367497,59.392725817619066],[-2.4309487850101053,59.38020244646165],[-2.4437755680153512,59.36189683476795],[-2.4203777002246243,59.34760905666042],[-2.4070761940326775,59.3602259656301],[-2.4096153705140004,59.37621584226452],[-2.3804183009761197,59.38480559969777],[-2.3819754430367497,59.392725817619066]]],[[[-1.6069215880236318,59.55323480831637],[-1.6385474868525765,59.550295287783285],[-1.6552550806575321,59.516904922469045],[-1.6347577772619588,59.5122580191956],[-1.6069215880236318,59.55323480831637]]],[[[-1.2995844656235105,60.0970163177239],[-1.332295608393263,60.07749307477557],[-1.3247602522656328,60.050738065766886],[-1.3047470450821728,60.08112339318824],[-1.2995844656235105,60.0970163177239]]],[[[-1.3152599881456573,60.11714880996872],[-1.3298713759862943,60.105401854280736],[-1.3285402516101228,60.09140618901591],[-1.3550818923568653,60.079124448434925],[-1.353420971731552,60.062301559344704],[-1.3162198126996383,60.09601230535552],[-1.3152599881456573,60.11714880996872]]],[[[-2.0734529979822,60.15762103845152],[-2.1121619012974957,60.14591002741615],[-2.1166752729920817,60.133955326063855],[-2.090989935126799,60.128013572104415],[-2.086657291285432,60.119527004472026],[-2.0535685335217337,60.11395075595388],[-2.050346629748407,60.14799966478913],[-2.0734529979822,60.15762103845152]]],[[[-1.0357276403872544,60.15446919483508],[-1.0231042887227109,60.13398187049594],[-1.0047250094679552,60.149768249628195],[-1.0357276403872544,60.15446919483508]]],[[[-1.0808122229227233,60.18842166165373],[-1.0892140915144837,60.17868769592189],[-1.129917624358352,60.18412414545297],[-1.1470579338478506,60.17355287281217],[-1.11279285355628,60.14891413623713],[-1.1264067059344849,60.137968999640975],[-1.1225630768199917,60.1215301863777],[-1.0813018507778418,60.106631971235146],[-1.0689211742875324,60.11320372770293],[-1.0685735908076466,60.12902299741659],[-1.0522166153112766,60.14170717262653],[-1.050346369013091,60.160680791392956],[-1.0808122229227233,60.18842166165373]]],[[[-1.587078262519127,60.21006614523669],[-1.6047624148636512,60.20192437467398],[-1.5860999422966664,60.191755273824256],[-1.5631335925582326,60.19458182156307],[-1.587078262519127,60.21006614523669]]],[[[-1.4726203737073116,60.34127671649037],[-1.4876657997546836,60.33428265523447],[-1.4728717478703592,60.31101103443378],[-1.4507128726643512,60.32278162301389],[-1.4726203737073116,60.34127671649037]]],[[[-1.6795542694386187,60.34173851617241],[-1.7320262950363463,60.3456431084082],[-1.7374342487591234,60.337748259943936],[-1.7188190818946785,60.319790179004976],[-1.6919140097602703,60.31533871243146],[-1.664696296396202,60.333720636445854],[-1.6795542694386187,60.34173851617241]]],[[[-0.9132935705216524,60.38368760699222],[-0.936152781350693,60.37669165617294],[-0.9703428133937342,60.37910361852854],[-0.9738574010774491,60.371271238423766],[-1.003904821841219,60.366340406171645],[-1.0220004059597818,60.345688735085815],[-1.0387698148054425,60.33891381012215],[-1.0049759039348038,60.32637704284567],[-0.9787698929943514,60.33136842987587],[-0.9736816528831455,60.341386053232014],[-0.9501970899955111,60.350875311753946],[-0.9132935705216524,60.38368760699222]]],[[[-1.4257854112057364,60.38861177089408],[-1.4507563591987558,60.385483961857595],[-1.4756411153895501,60.37429882680268],[-1.4517158219991066,60.34856964456534],[-1.4099694676889152,60.34617737069653],[-1.3810056356950524,60.35835482820806],[-1.3824216099373434,60.37616359809284],[-1.4257854112057364,60.38861177089408]]],[[[-0.8663017737905571,60.63266196039993],[-0.8990764070267052,60.62062082686243],[-0.9268538226718332,60.62741457104311],[-0.9458547200030096,60.613953493777544],[-0.9141206168559037,60.58387119809487],[-0.9085516083199533,60.57162804424398],[-0.8874259964779341,60.5620033937683],[-0.8635906013804047,60.56682668781643],[-0.8757748502906532,60.58132772100664],[-0.8596622796111005,60.5935917440384],[-0.8028801807028756,60.57282158852229],[-0.7708348128900718,60.59234892064829],[-0.7658220048705444,60.60448264015008],[-0.7946611911714025,60.61102854548918],[-0.8246548293064366,60.60794684777142],[-0.8320292129304375,60.62652471821209],[-0.8663017737905571,60.63266196039993]]],[[[-1.307662680838962,60.636816810299],[-1.3499939131799676,60.62044906761793],[-1.3496548412259897,60.609960812282424],[-1.3756737729046915,60.60674154445991],[-1.41834135568551,60.61564256492337],[-1.4452678354250552,60.58806306331034],[-1.434249755294228,60.5747330409152],[-1.4725281408701238,60.56064994288112],[-1.4932617647686888,60.54623446444362],[-1.4873929598002729,60.52117656257387],[-1.5183034748600177,60.53168402818435],[-1.519408856399982,60.54767330732936],[-1.534324964848612,60.55546843610149],[-1.5598112722203876,60.54519246288033],[-1.5767307740591503,60.50390612297157],[-1.6128947696234273,60.50708016758529],[-1.6304463638756754,60.48149648867998],[-1.595198713873555,60.47671469105403],[-1.5483941116653857,60.489804975161036],[-1.523740479381745,60.47855090357891],[-1.496466159999815,60.48367199072923],[-1.5116456824780984,60.46208212204092],[-1.4696183892974441,60.46037102684701],[-1.4493360652142497,60.44428781015466],[-1.457293564988503,60.42950098397529],[-1.452732249319198,60.416010806519374],[-1.4157416771613505,60.40445141063119],[-1.4098306325010246,60.386571213357044],[-1.382621518360397,60.377123667433864],[-1.3673403859080924,60.390748197403205],[-1.3496098751028158,60.381918657480625],[-1.3509180999704629,60.36786642409528],[-1.3019823787019116,60.36977109170269],[-1.3068770169074397,60.358703309777376],[-1.3409687416270841,60.35742458098677],[-1.370176495551505,60.33671001942528],[-1.3662702245036913,60.30658004004491],[-1.422970740680605,60.32514234110018],[-1.4551543802562277,60.317538344496626],[-1.4499517803279536,60.30828538263044],[-1.481339475603466,60.303093297570065],[-1.5107236045056829,60.318993409307005],[-1.5506193103403207,60.30599381350413],[-1.5737301647388566,60.28769045389523],[-1.6062842113725635,60.3077992533243],[-1.6866518494023348,60.30094806394611],[-1.7027008655996683,60.28913675543879],[-1.6851172896973081,60.28108281560523],[-1.6841598239149969,60.269731479416876],[-1.699681630000197,60.25619028386759],[-1.684237569385585,60.236301191254],[-1.655055865960573,60.22684491308782],[-1.6490891447489808,60.216915393115656],[-1.6126371072269372,60.20992322948152],[-1.6024370711119127,60.22086787634149],[-1.5376033592906388,60.21555406347073],[-1.505491255595778,60.22842741681012],[-1.5041540647872262,60.20857571704351],[-1.5283715125727968,60.20728464644084],[-1.5460416793014713,60.1982147553014],[-1.539844708059434,60.18230496686674],[-1.510229921961492,60.17394379973838],[-1.5105483036797271,60.164659506489755],[-1.4702983350304102,60.15908800243408],[-1.4504768497475116,60.17124877000871],[-1.4209135107909938,60.16454136389403],[-1.4079672619121582,60.17759353864923],[-1.396565822768612,60.20564189464694],[-1.3024904571118419,60.22705548024267],[-1.3155853250014278,60.190574290903534],[-1.3255391235414928,60.17537721010496],[-1.2957186587788216,60.169475564285825],[-1.3030149211072586,60.13850472044909],[-1.2702068817775378,60.12560333190039],[-1.2807462003603063,60.09310992379761],[-1.3028810910275606,60.06052868464801],[-1.3060631419588178,60.03942967035992],[-1.321351481924724,60.0190866706172],[-1.320845492369752,60.00833136747569],[-1.3468359120784388,59.996978207724524],[-1.3301544059544246,59.972196718473505],[-1.3382751241904531,59.953956606175716],[-1.3618637323205427,59.945099258748485],[-1.368408795203326,59.916993870794286],[-1.3922641678294998,59.91313469138928],[-1.3754886606891081,59.88875370538336],[-1.3188791270032059,59.897518419457526],[-1.3063119613454917,59.881652084679565],[-1.286352189186193,59.87518811858052],[-1.27202480858028,59.88567187731831],[-1.2696359970816125,59.9051218031927],[-1.2856035094214895,59.915470100911435],[-1.2593526417019938,59.934685063500844],[-1.2544803387629142,59.9558976195356],[-1.2708138402294233,59.97932155921583],[-1.2575663369286743,59.992776110752516],[-1.2096630537101785,59.996434895924615],[-1.2330917139174935,60.026088380533224],[-1.1850781754924535,60.04075902375823],[-1.2130814921652069,60.06543237436451],[-1.206897814315218,60.08982307053014],[-1.2197102644288156,60.09708596831041],[-1.1760464195644367,60.129703650214545],[-1.1724705355740093,60.139964079065216],[-1.142156044506049,60.15353913710642],[-1.1538256394873123,60.17341347462815],[-1.1578628938502937,60.19823482153379],[-1.1786306247619982,60.19250088808132],[-1.1973748003157372,60.210437358310266],[-1.1958053195566545,60.243820361563685],[-1.203418247385888,60.26325299182701],[-1.1722971956321664,60.25814173811206],[-1.179453955591582,60.24559184803818],[-1.1565069172488693,60.242200310485345],[-1.144449471100903,60.25446045268974],[-1.1211394345313344,60.26325189110333],[-1.1598864735033838,60.2807026066751],[-1.116375982468415,60.30285371782226],[-1.0990975396024898,60.30368651756642],[-1.0989055540896526,60.321330449211075],[-1.1235631367482128,60.32360082265311],[-1.1751730067596153,60.346760032808135],[-1.131238856681077,60.35016186681354],[-1.1181745807301304,60.34529920275091],[-1.078777136595717,60.3578228927605],[-1.0744160876982847,60.37058962024308],[-1.0908603327046917,60.38767158299955],[-1.107915906660106,60.39388367396364],[-1.123010954519511,60.3773404244373],[-1.1411788187560277,60.38342628315258],[-1.1216362608492656,60.401530682145534],[-1.0978282655699143,60.40584507338088],[-1.0554731528546815,60.431903102820144],[-1.0641971669234456,60.44756117722419],[-1.0998412832339841,60.42653798170892],[-1.0969111167159338,60.41829879043944],[-1.1357660241482552,60.41280639547682],[-1.14005863002705,60.40011995802464],[-1.1607072337461581,60.38935568874909],[-1.1766784487310136,60.41320013964913],[-1.1669622197411895,60.42219498888174],[-1.1769165783908353,60.437197701352154],[-1.178377180124134,60.460617560158454],[-1.1942856460349422,60.46336739395813],[-1.2063222079055145,60.483748327674334],[-1.227131674123548,60.49447795712612],[-1.269313821574189,60.476796386099906],[-1.3007683236043723,60.4717096369213],[-1.3009201211494872,60.462448898641355],[-1.2746588921386504,60.45665882101706],[-1.2588514511806468,60.44505952845029],[-1.2789227383531265,60.4379995808305],[-1.2954401644944284,60.44387809717933],[-1.3340891982535699,60.43526498880268],[-1.344090546771624,60.426690511708486],[-1.3544990458392518,60.39967494788035],[-1.3837018928304512,60.39748774119843],[-1.3546693865466501,60.43847550720584],[-1.3201470131141035,60.45168985935445],[-1.3331725912127754,60.46183735480522],[-1.3277275398740165,60.480283647016314],[-1.311020945409565,60.48484041781566],[-1.335072112568508,60.506820797626304],[-1.352198934213672,60.53949732086748],[-1.3215099493514129,60.53671429190264],[-1.3151789483287308,60.54439577161166],[-1.31701041871848,60.585245913086716],[-1.3007285676278924,60.62061051774684],[-1.307662680838962,60.636816810299]]],[[[-1.0732544749826316,60.73160601393773],[-1.1279147932851061,60.72683715644943],[-1.1231308978478254,60.716316702666184],[-1.1353517564271896,60.70469726852026],[-1.1284308938477803,60.679233544608785],[-1.1465568735068667,60.64539558264779],[-1.16629263402928,60.650008827858336],[-1.1875916995680318,60.63394683229777],[-1.2008459097484938,60.595458969061056],[-1.189218116675869,60.58100967111483],[-1.2023885042137024,60.56695196249352],[-1.1838023293669964,60.56213260976885],[-1.1894879648089045,60.54704939693519],[-1.1732175471900597,60.520300783658335],[-1.1656816366169247,60.49734901441347],[-1.1518385137040295,60.48793725946216],[-1.0686346248096352,60.489690138415384],[-1.035550247489352,60.49947120886792],[-1.0242391282466337,60.518770789368965],[-1.0379682466758424,60.54749903295704],[-1.0137739671994481,60.54874581581224],[-1.0040234104303558,60.56849472937051],[-1.0307706256936056,60.59705085706566],[-1.0191503859441686,60.61656250174128],[-1.0167517008415827,60.638594210192394],[-0.9962467300481953,60.6416241489445],[-0.9893165431091282,60.65321433258692],[-0.9973539739283108,60.66867126582023],[-0.9990073908388645,60.69803383010256],[-1.0139558717612869,60.721017565654314],[-1.0419655382196829,60.722603283806556],[-1.0732544749826316,60.73160601393773]]],[[[-0.873650898209841,60.844605826756535],[-0.8960374750090617,60.84208062356168],[-0.8949605519661344,60.83064453648284],[-0.9549198653799683,60.7913248798408],[-0.9343106217603511,60.78339773993402],[-0.9457214277842809,60.74392151581649],[-0.9607443890783662,60.74391301052377],[-0.9569018991042809,60.721501165367606],[-0.9806099116471838,60.718027595463816],[-0.9704572678644715,60.69892342583404],[-0.9811025115337065,60.68869261626224],[-0.9678271927474357,60.67782093122459],[-0.9386696589332779,60.67413178916917],[-0.9044417098790868,60.68331781858073],[-0.8538438878310572,60.67412434273579],[-0.8344927492481578,60.68298446994446],[-0.8707150339319278,60.70220567743608],[-0.8585467004331612,60.71835004759712],[-0.8393372165661848,60.7237207015085],[-0.8138205521122391,60.742489837604964],[-0.8415246685094113,60.76060012511728],[-0.8027924164168688,60.75846699083007],[-0.8209150315058995,60.780953572979],[-0.7807959014402044,60.78019450839773],[-0.7790302579749478,60.798701129960236],[-0.8044130924378331,60.81000349202054],[-0.7799347472444598,60.81912075577085],[-0.8000713504393185,60.834367627599754],[-0.8464935366357861,60.835482985103475],[-0.873650898209841,60.844605826756535]]]]},"properties":{"CTRY24CD":"S92000003","CTRY24NM":"Scotland","CTRY24NMW":"Yr Alban","BNG_E":277744,"BNG_N":700060,"LONG":-3.97094,"LAT":56.17744,"GlobalID":"fc1644e2-d18c-441b-93b2-7bb4e970dace"},"id":3},
{"type":"Feature","geometry":{"type":"MultiPolygon","coordinates":[[[[-5.30060427854654,51.7451600526038],[-5.310757027180824,51.73270365754669],[-5.292997829941769,51.72830470987901],[-5.2830892350996805,51.74152448448966],[-5.30060427854654,51.7451600526038]]],[[[-5.337032342637622,51.877700630108755],[-5.353282027988954,51.86376988755423],[-5.332592832365389,51.8561228104597],[-5.337032342637622,51.877700630108755]]],[[[-3.085567180602505,53.2566272540951],[-3.0894926557818225,53.25671133546605],[-3.091033557723567,53.25529492850567],[-3.0955737672927297,53.25545395779198],[-3.1003618983195804,53.25952568268084],[-3.1092831577227904,53.257873809655756],[-3.1032306287381695,53.25416871263319],[-3.094642754981817,53.244880224095425],[-3.06563481191929,53.22946862505278],[-2.9348214151650396,53.18231825287019],[-2.920490646859064,53.18289897758453],[-2.9495097156144032,53.211263965410176],[-2.9925598803474904,53.23299952704063],[-3.036064074882885,53.25179061819852],[-3.0826865878680434,53.25565710142642],[-3.0830947722772417,53.25579458045836],[-3.085567180602505,53.2566272540951]]],[[[-4.647247724460941,53.32081046424379],[-4.680819284167653,53.32222986391528],[-4.696605778040495,53.30707591491818],[-4.660329531868249,53.28572060037549],[-4.622044426391243,53.275589127380634],[-4.597554772114782,53.240328209853125],[-4.56824872814414,53.24383674975683],[-4.558674609046553,53.25409777682359],[-4.598527210842723,53.2866151853174],[-4.596054512282376,53.30555773640171],[-4.647247724460941,53.32081046424379]]],[[[-2.920385453744962,53.182203131055694],[-2.9338282445911683,53.181304185332124],[-3.0693200366065443,53.22972935272408],[-3.161556556519173,53.268367086403735],[-3.201218019112495,53.2935974610562],[-3.2732172927159495,53.32064589830467],[-3.298326307116116,53.33206322905347],[-3.308212018384929,53.35407635924661],[-3.3611061696183318,53.353846693429865],[-3.44698149944214,53.33317495230567],[-3.488474634388733,53.32600587174174],[-3.5575440154812425,53.301999885395105],[-3.600966961666845,53.291581941652765],[-3.63444781586416,53.294555727312165],[-3.6545566297385217,53.29215586967929],[-3.714848949900505,53.29479672278018],[-3.7387013777269527,53.30544090281405],[-3.7391065380700828,53.31411876486889],[-3.7643403351861053,53.31864849085772],[-3.7783271901012236,53.329061871155396],[-3.81880175461889,53.32277479981807],[-3.8330040615313163,53.33801068201214],[-3.8685071151022155,53.34271986173037],[-3.8795315718440007,53.33714472787054],[-3.8445235688380315,53.31899930524929],[-3.837856687091975,53.295427951593936],[-3.880088183903532,53.28940393016031],[-3.9317409451083596,53.26916725108673],[-3.9834811725216204,53.25945447745026],[-4.031115027224235,53.23739213031748],[-4.083483391640738,53.229251594213544],[-4.0940273136910035,53.23592720491936],[-4.1223652959212265,53.23705754339676],[-4.160379000040259,53.219770859173686],[-4.193992173009678,53.21293267247971],[-4.209449580392989,53.20165108863486],[-4.208099745964916,53.18720843045111],[-4.257901337028546,53.16105283319027],[-4.27884547506007,53.13944646475625],[-4.311693931479388,53.12737270636099],[-4.311647038130353,53.105341087650004],[-4.321059485804166,53.1017721197127],[-4.339112292532755,53.12211236082216],[-4.3469248584441385,53.10578632654094],[-4.33795423295912,53.0883946739267],[-4.339064461550632,53.05407044895694],[-4.353690254397851,53.03330327734812],[-4.389819901619146,53.01343442303107],[-4.406960707204376,52.999708967322],[-4.436339416150414,52.998933736989706],[-4.460228632905687,52.98206639798465],[-4.467863301848194,52.97016315325855],[-4.520145570276457,52.94006398021334],[-4.578234263851717,52.93838995679582],[-4.594020068077388,52.92689825981738],[-4.617699416869558,52.92225213988923],[-4.631564078808988,52.90631147267829],[-4.648448312351782,52.90610773236438],[-4.674457187992533,52.875524634047466],[-4.686758306118172,52.87609741962033],[-4.696341403061282,52.859284318426944],[-4.7261565399319005,52.85349369355628],[-4.7218863604635715,52.83835140595959],[-4.751586552080765,52.81568142656832],[-4.766778008421418,52.793919319236586],[-4.744463041102936,52.78351457554215],[-4.726121989836024,52.79030375907249],[-4.72074361465808,52.80284821577199],[-4.6922861312032325,52.79954476457082],[-4.661296034722202,52.8061388741114],[-4.6427661421482656,52.80022455683576],[-4.624502809537617,52.80958691149891],[-4.61118009172572,52.824484820437256],[-4.581039968800835,52.82100371015756],[-4.536105292460103,52.8002073561753],[-4.5424901510657945,52.786899666449614],[-4.528018539630354,52.777685527755615],[-4.514841935155384,52.79294969602685],[-4.486768872134738,52.79446606528717],[-4.497095691374044,52.80990911345495],[-4.5019263600057995,52.83094061231334],[-4.465041040117319,52.86778365223407],[-4.416871404929617,52.887344867677456],[-4.375468725809744,52.8963760345772],[-4.3266458265918635,52.89193463186879],[-4.325020399384251,52.904646232846204],[-4.300296792012207,52.910688739839436],[-4.266736365794615,52.910239935699956],[-4.217735875582979,52.91887478650359],[-4.177794057226836,52.907757849704524],[-4.1520521349242765,52.9063465847652],[-4.118154769729477,52.921716898890175],[-4.102998557480065,52.909007382681786],[-4.085447845578284,52.9195251943091],[-4.073834571876022,52.91163920284428],[-4.0864730864435375,52.90194615168952],[-4.1396297931197275,52.89656621897372],[-4.146342989235714,52.884326513280875],[-4.127990567809477,52.86382488750109],[-4.1194166923235676,52.84507407320179],[-4.11977801963679,52.825483261243484],[-4.146973894881284,52.81904489303272],[-4.150052667293448,52.80733660353843],[-4.132940400004071,52.79047694845734],[-4.081403709530093,52.74774041846079],[-4.057542517570609,52.71768699701654],[-4.036580269613088,52.72094548445463],[-4.021349937255412,52.735253396069155],[-3.986559397489402,52.73948054275957],[-3.999422873772777,52.72357493865924],[-4.05143202896314,52.70375024554964],[-4.057388152697782,52.687189293029],[-4.0948513138376414,52.66848940151572],[-4.117168347589072,52.63972749544957],[-4.128961221464496,52.61166955720427],[-4.105553517936884,52.59955591071262],[-4.106585358724601,52.590979567184064],[-4.070197703323133,52.54324669769822],[-4.060586692571295,52.54117111822817],[-4.014320230780156,52.547397934939816],[-3.962067616600774,52.56027826691096],[-3.965439102364915,52.54492627464779],[-4.020320380244553,52.523759419096876],[-4.058836521427416,52.528776260053306],[-4.0529353581100525,52.479641965546854],[-4.061959290081358,52.47659426720361],[-4.082404717138437,52.438579261852034],[-4.089125122069426,52.400791540338524],[-4.110914789257737,52.37417733898689],[-4.127440841291819,52.338864425935704],[-4.170348361567578,52.29526559948074],[-4.184084749743779,52.29005132531566],[-4.207498056161735,52.26364461199383],[-4.233722839299012,52.25153488136597],[-4.261059550862723,52.245924508114996],[-4.324949033178898,52.21359960345501],[-4.354988767430805,52.21074163079684],[-4.361082638185895,52.2183612342761],[-4.416246336604307,52.18901405662011],[-4.428908315656058,52.17817083368084],[-4.488129231631807,52.153737804066516],[-4.518583952604021,52.13497332689151],[-4.548158748218529,52.13510042617324],[-4.569223866492676,52.144403576147866],[-4.585851910143892,52.137722711206386],[-4.6056021596735865,52.14033777946811],[-4.6433377878999105,52.13811101316467],[-4.689216349600365,52.121350667695594],[-4.675404509999483,52.09309220157397],[-4.730054634180875,52.11790965912324],[-4.741416198014358,52.09861835176574],[-4.7616392976951305,52.0783980118926],[-4.78540589299366,52.06143747521742],[-4.828698100041849,52.053610174175326],[-4.845242581377234,52.04244115999467],[-4.834186510256444,52.02212302750723],[-4.8851827952600475,52.020344531384005],[-4.892780380960269,52.029919562704904],[-4.936094424783048,52.00671589893392],[-4.98701426546165,51.999001396674906],[-4.986510741463682,52.02119966103836],[-5.0390619837038,52.02779121142515],[-5.072102176488696,52.02945618353167],[-5.087540539098291,52.01815027856818],[-5.07255237932822,52.00394601640171],[-5.090344173731332,51.995014488138246],[-5.086361914845557,51.967971195135945],[-5.108804019320079,51.9613437276738],[-5.137367127205626,51.96351788216511],[-5.158860126710395,51.947859034269804],[-5.197744659766998,51.947959635156245],[-5.209645740485933,51.93271669475606],[-5.230056540745089,51.930899541360574],[-5.2530279696261735,51.91716434566816],[-5.291614662504987,51.913298539995004],[-5.303501566042084,51.903499452047974],[-5.312917748356198,51.859867905167995],[-5.266948298459763,51.8716627779257],[-5.229387294294994,51.87320882777751],[-5.177042898389334,51.86367118789408],[-5.1338459522673965,51.86263502337402],[-5.116764967794773,51.843648725245174],[-5.116819741072393,51.82741761822468],[-5.1032154887902434,51.80496500063594],[-5.106306400523763,51.77611682181611],[-5.119647396770211,51.768260185500196],[-5.160262655936938,51.77211341053492],[-5.205254736886279,51.738119488042294],[-5.246256461285162,51.7381062166359],[-5.23619320790267,51.72561751745472],[-5.215035592449416,51.72367389748733],[-5.188444369377782,51.70928307223469],[-5.183083941832704,51.6861913362066],[-5.157876954309721,51.68773041011197],[-5.15650673978264,51.71281311431624],[-5.104598471436187,51.72049317025912],[-5.074583660847495,51.70624977802853],[-5.034189400565648,51.71115790561111],[-4.984848081764172,51.69936228655167],[-4.958845564914621,51.69746365485976],[-4.984292483446105,51.68348178672528],[-5.0274609832393296,51.694626243917185],[-5.051147599780539,51.693859881071226],[-5.045459939142973,51.67658771432651],[-5.078435820175441,51.67922125912794],[-5.080117246397621,51.689841899249345],[-5.109915547358589,51.69228210539041],[-5.1231623213749105,51.682471794148974],[-5.100771208463188,51.66723238910434],[-5.064972103400695,51.66331689888109],[-5.05032051443584,51.64108612486918],[-5.062076386095998,51.62926264511925],[-5.007552281197863,51.608559110350186],[-4.989530274059306,51.61280618752876],[-4.9447628202068215,51.59709549381308],[-4.930305864624312,51.59869020717616],[-4.901045647608652,51.6142878218633],[-4.901021870973192,51.62419089159376],[-4.860754580782563,51.647098431674664],[-4.827565810726824,51.647245288142166],[-4.8065164169351915,51.639040676049774],[-4.780857836886122,51.63640660557807],[-4.756818534070544,51.65367480225815],[-4.720830429139155,51.65164392849567],[-4.697463591426791,51.68509182798108],[-4.684993115856841,51.69620972107863],[-4.697876083437253,51.71112193445066],[-4.686396686122252,51.72244624466537],[-4.654038232917321,51.732960216992026],[-4.610698532703722,51.73813480601942],[-4.5786710593732,51.73426512884278],[-4.558995865935859,51.74197350482229],[-4.463192964040086,51.73167498141143],[-4.424127430911453,51.74056594257762],[-4.444919465816517,51.759330226341355],[-4.446436143907762,51.769391459894486],[-4.407258062741496,51.756928047298025],[-4.3721075474940365,51.767999191047984],[-4.375572530027668,51.74746950156929],[-4.364186733515334,51.73722423156405],[-4.321571434045885,51.73452204493642],[-4.323548957627512,51.720897494288096],[-4.35624378577771,51.728298228899206],[-4.379646281631904,51.727340806327206],[-4.356377477206959,51.701387065088554],[-4.323951889779328,51.67875435812153],[-4.283067861191231,51.66759510123988],[-4.252962815811079,51.67881614093629],[-4.218504850660048,51.68532485077263],[-4.182315977907553,51.6807189637032],[-4.153336065616511,51.65546167223563],[-4.081914975542825,51.66377476925394],[-4.113442252039012,51.64970174360098],[-4.12049643804457,51.641645717986975],[-4.158450708832719,51.634310055047806],[-4.169556792270873,51.624269039412226],[-4.22449306726917,51.628659559335695],[-4.24547942816899,51.647582722391945],[-4.255020767737712,51.630854814849215],[-4.2861774220652205,51.61377151528306],[-4.306176827177295,51.608455653100506],[-4.290229588138101,51.583858656720956],[-4.290550591121825,51.569804044954445],[-4.271474405357128,51.55536288803649],[-4.236028481919255,51.54186290913303],[-4.215409460739567,51.541094258241145],[-4.161009070959222,51.55525454197621],[-4.144275752152286,51.56758611319153],[-4.1169687461706,51.57020849889273],[-4.074203164542047,51.56220459228748],[-4.0062922778138335,51.56765283099569],[-3.991980747163002,51.59907262595514],[-3.96123606308854,51.611639566332244],[-3.9287148498820663,51.613456904514315],[-3.9184487128554637,51.609446847786586],[-3.8935202702139824,51.618819422938174],[-3.8511397198698964,51.61842098144412],[-3.844117502211784,51.6085797015125],[-3.804251041175856,51.58367694569303],[-3.779745967590943,51.559936149074936],[-3.7628124000937295,51.53808074343767],[-3.7436672459157427,51.50070562025206],[-3.724081112195473,51.48878710169944],[-3.720810488673451,51.4796804757224],[-3.6786293180074217,51.47529598359108],[-3.6589014084484397,51.480045080695014],[-3.641811585108572,51.47080660739986],[-3.6303608657409248,51.45549988960714],[-3.5988809281764684,51.44215245661252],[-3.558946586586036,51.40132667393366],[-3.5199569981329675,51.4000376700597],[-3.447932098402826,51.38802740009763],[-3.4104469049971624,51.38678128297091],[-3.4052037681319516,51.38147870252446],[-3.3572343232940023,51.38393313581958],[-3.341476862628202,51.38108234866472],[-3.31072694813547,51.39268368809645],[-3.2706096261024933,51.38979684464521],[-3.2222528033799533,51.403581122317],[-3.1968726840913377,51.39958656777642],[-3.1705222112243434,51.40585573635246],[-3.1708129575231734,51.427216817520126],[-3.1566551970895738,51.451658193657515],[-3.140987841251657,51.46276886605099],[-3.1231805906641132,51.48918812051515],[-3.084310625251209,51.499399552720135],[-3.004473357038206,51.53050586259845],[-2.978034813725381,51.542410160423636],[-2.9572002705582006,51.53589913853352],[-2.9080206182184933,51.53274809089409],[-2.8450789032170305,51.54566073611685],[-2.7560799697694436,51.57871262916085],[-2.7128097831993845,51.582274019330285],[-2.69401108970905,51.59898680464389],[-2.668837653104958,51.609065224524414],[-2.657944780123266,51.62208105557382],[-2.680453512295693,51.64933368728148],[-2.6851387920679373,51.668363635707436],[-2.6612382543896964,51.67124833382246],[-2.6740061970210167,51.682987560586845],[-2.6688194651042947,51.70580271323215],[-2.679581553656402,51.71393078416006],[-2.68680341909899,51.73203230549384],[-2.669531532088207,51.74272634133975],[-2.6627761230489297,51.75359897392553],[-2.680448729614464,51.768925062545456],[-2.671470129114492,51.79502055071939],[-2.678299490857754,51.80331338912015],[-2.6588596425614517,51.81144768411671],[-2.6576071394960645,51.831523757558344],[-2.682612571492393,51.83775949917696],[-2.6933627606322994,51.83386730549546],[-2.716098397245987,51.84072968993947],[-2.7388454697645863,51.83661125998396],[-2.7787953963333596,51.86585331376737],[-2.7693582636452376,51.88027186423727],[-2.7969908998254174,51.888406971081814],[-2.8211293334085665,51.905425581300115],[-2.8754180355394876,51.93308178515128],[-2.9280437016997065,51.91388544940485],[-2.9684214229069523,51.904532933403026],[-2.976659672697058,51.92748391308431],[-2.999236970716921,51.923451584564226],[-3.025921877911987,51.957264178051055],[-3.057022498259943,51.97525445795519],[-3.099192748729485,52.02267936357208],[-3.0864855255985058,52.04113625163907],[-3.0907745541239366,52.0508186071484],[-3.116407078757994,52.065826403287645],[-3.125888562251034,52.07830355750455],[-3.1187915715242434,52.08880863839953],[-3.1226737964052598,52.103140994529596],[-3.107206797783405,52.10481603490037],[-3.1067119239184695,52.11873166266507],[-3.1419151003686205,52.12785886048361],[-3.13586833860576,52.13789991809121],[-3.0936862540795294,52.14429746216605],[-3.094381804274504,52.15520315796025],[-3.122427136096176,52.16341074612625],[-3.096695616097999,52.180463955960164],[-3.1000508020834276,52.20220932323299],[-3.0836517098142737,52.21014263976966],[-3.0703738221623174,52.22922799875683],[-3.044146837783452,52.239295289164076],[-3.0455996175051854,52.25306156844687],[-3.0055025195059133,52.26426074213738],[-2.965597067552264,52.261999267959276],[-2.9650945821948134,52.274317747690006],[-2.9946791756277,52.27341005746343],[-3.011733910400316,52.27743191292059],[-3.003751196080721,52.3113243659602],[-2.9616516784765983,52.33592301361948],[-2.9546523269671994,52.34914186928319],[-2.974504326546814,52.3546878099559],[-3.0413267647597957,52.34432611046783],[-3.0599298999025435,52.34799599889036],[-3.091740892288207,52.3624894586607],[-3.1038772077988006,52.37362658147809],[-3.1279717645718077,52.383403723003745],[-3.1544455181287137,52.38770172597904],[-3.1605803981096035,52.399915628527054],[-3.1989993653152755,52.41694590115727],[-3.21954039165708,52.421232661224415],[-3.2306656138146947,52.43049326630615],[-3.23319618186827,52.451469308066],[-3.1944291172133994,52.47638886069649],[-3.1805908367520135,52.473821735389954],[-3.140386029538422,52.49165220154645],[-3.113547153656719,52.49823352011711],[-3.055790525110102,52.49995793600025],[-3.0334796896494876,52.50378527938941],[-3.0323808300009,52.52371640471089],[-3.0050772831819414,52.52944627426381],[-2.9976061617159795,52.563828789990254],[-3.014442494039453,52.57548256950575],[-3.0364535192602715,52.57178933605078],[-3.049916495594911,52.56067745576905],[-3.087276927456405,52.55131661302369],[-3.08261912978222,52.53620891705996],[-3.1114960388748867,52.54134885993236],[-3.1393586006829977,52.58510763199898],[-3.117338911873363,52.58636123061623],[-3.0992018013527307,52.597941365983125],[-3.093623946158458,52.60932425369823],[-3.067825973053058,52.630521155419856],[-3.0695939094286335,52.64582950719196],[-3.0511270840345293,52.64735563760471],[-3.0426757912926807,52.68680469375811],[-3.0224883295152263,52.70665336220146],[-3.0203073301360255,52.72170970353223],[-2.984937513762919,52.722837748739266],[-2.9707602430678826,52.73482401049164],[-2.9923210432318967,52.73938238909745],[-3.009770942736803,52.750332197639366],[-3.0106221502327886,52.76163019579223],[-3.057927600169921,52.7736709796509],[-3.071576636008472,52.77014844430014],[-3.091695353235305,52.786737459501914],[-3.13129129664713,52.78754685223116],[-3.1584262199296824,52.7934736967112],[-3.167887790615387,52.819252203072196],[-3.1512604712187002,52.842550251902196],[-3.161434081988,52.84801042415542],[-3.127713419357802,52.867088445008704],[-3.1524164216747956,52.87873311934184],[-3.147503779843516,52.89015461193122],[-3.1168951768834696,52.899678931511986],[-3.1085072119219506,52.920053735505064],[-3.096047489307048,52.93030106799697],[-3.0765143508617148,52.92546491442598],[-3.0313964676585567,52.93141054026392],[-3.009856253725084,52.956020897310246],[-2.982022884458471,52.95918296568363],[-2.9349651960353618,52.94179112496359],[-2.9081884094840507,52.942069829151116],[-2.898292611574494,52.95025994293312],[-2.8402179785591906,52.94190655713481],[-2.8384969740557255,52.932168684064415],[-2.81302775725425,52.91492577476196],[-2.800479173314072,52.89550029201837],[-2.7553282214408172,52.92461359405808],[-2.7285434518396103,52.92516383058889],[-2.7265881652465973,52.981763371066066],[-2.7585326144413047,52.98611516504588],[-2.766857433150068,52.99466007164614],[-2.8010440040074616,52.99092874612085],[-2.8348988578731564,52.99864239985552],[-2.8440624456761303,53.01765236105146],[-2.8610446313026037,53.02283255523764],[-2.8557153316890203,53.03723970063468],[-2.8757217042345222,53.081505976653446],[-2.8991480398575735,53.094099724483584],[-2.8838779665998495,53.11132792941388],[-2.9033907746736536,53.11178190344641],[-2.9449792975708493,53.12226228386555],[-2.9638121361739658,53.132742062927704],[-2.9846396214883915,53.15857950734578],[-2.927840156698345,53.17139503029347],[-2.920385453744962,53.182203131055694]]],[[[-4.423316984895114,53.42866962025752],[-4.458024239013203,53.41566514921238],[-4.483747740555995,53.41976105169737],[-4.493893180071791,53.41166591547267],[-4.573477964090789,53.40409394807164],[-4.56762502329445,53.3851127166124],[-4.555260351240228,53.3747132268178],[-4.566984163411641,53.34403328246569],[-4.582910336995677,53.3256576637968],[-4.56122405653498,53.313666950076126],[-4.556392569664068,53.29808540830373],[-4.587737841816734,53.28106743153289],[-4.56624349253194,53.27209099142514],[-4.552909829235372,53.24868117504059],[-4.503945751502752,53.215225271897886],[-4.504079100811308,53.187036602201786],[-4.457967116207898,53.17919329748926],[-4.447825556092817,53.16111216992659],[-4.4183172322406765,53.16274312533204],[-4.40622574600345,53.1437045104624],[-4.379768196496714,53.14120767480048],[-4.360125666611402,53.131950085896236],[-4.34239430673271,53.13410010186268],[-4.336089069163708,53.148056816765425],[-4.318139694417709,53.144169955817986],[-4.282441110826684,53.15589400535403],[-4.244939964098715,53.17925430633644],[-4.216044756605932,53.18956670066628],[-4.214632163644504,53.20473404544686],[-4.1782119924177765,53.22374767631594],[-4.08733696998542,53.26316662746939],[-4.086150174462065,53.274834085458714],[-4.07186545916866,53.28952634281843],[-4.045904652115868,53.305001182992214],[-4.071128692867353,53.31215625142124],[-4.118964778069216,53.319239911655565],[-4.147747080096891,53.304267264532285],[-4.171999620593829,53.30306468986165],[-4.201309526287032,53.29542812531609],[-4.214504947130897,53.298780879526724],[-4.204252783013622,53.3137921529861],[-4.219095554727957,53.31900379956128],[-4.237752001737528,53.35707535904369],[-4.276349335957443,53.37104385021714],[-4.270117550258326,53.386620168020364],[-4.274042416957257,53.402332939216436],[-4.297256912737511,53.41416773236172],[-4.325269907677634,53.41834474130431],[-4.355446112954468,53.41464396455747],[-4.379440272899333,53.42602796641024],[-4.423316984895114,53.42866962025752]]]]},"properties":{"CTRY24CD":"W92000004","CTRY24NM":"Wales","CTRY24NMW":"Cymru","BNG_E":263405,"BNG_N":242881,"LONG":-3.99418,"LAT":52.06742,"GlobalID":"7b4dd34f-3d7e-46fe-9012-5343355d4feb"},"id":4}
]}