{"type":"FeatureCollection","features":[{"type":"Feature","properties":{},"geometry":{"type":"MultiLineString","coordinates":[[[-1.2991351,51.8388916],[-1.2949773,51.7927189],[-1.2384292,51.7058058],[-1.2469859,51.6171723]],[[-0.076338,51.3942401],[-0.1402516,51.3622167],[-0.222039,51.3538658],[-0.3358709,51.2925334],[-0.2995443,51.1945124],[-0.336161,51.1506237],[-0.319165,51.1237043],[-0.3245658,51.078213],[-0.3171953,51.0686441],[-0.2207946,51.113467],[-0.161068,51.1160505],[-0.1581973,51.0778977],[-0.105494,51.0167961],[-0.1221728,50.9619535],[-0.1040397,51.0091662],[-0.1608058,51.0853363],[-0.1704879,51.2289999],[-0.1483755,51.265767],[-0.1504039,51.3006401],[-0.0959977,51.3499567],[-0.0859787,51.3878239],[-0.1711363,51.4545423],[-0.1444745,51.4949704]],[[-1.030277,51.4718243],[-1.1276417,51.5113002],[-1.1359557,51.5492887],[-1.1835895,51.5889722],[-1.2865204,51.6199417],[-1.570663,51.6104744],[-1.8080224,51.5551186]],[[-0.1140573,51.5034661],[-0.1254786,51.4830809],[-0.1806675,51.4624018],[-0.2688807,51.4679891],[-0.3377237,51.4483843],[-0.3306918,51.4229186],[-0.2573089,51.4037651],[-0.3403415,51.3806932],[-0.3573586,51.3403349],[-0.4361546,51.2788917],[-0.5810706,51.244458],[-0.5777501,51.2200541],[-0.6249938,51.1809869],[-0.6415988,51.1421675],[-0.7119316,51.091497],[-0.8836042,51.0489532],[-0.9570584,50.9879407],[-0.9479801,50.9205222],[-0.9770243,50.8541812],[-0.6422916,50.8306589]],[[-1.8387755,51.5420682],[-1.9019331,51.5346388],[-1.9714805,51.5574418],[-2.0922372,51.5471414]],[[-1.1088172,50.7967204],[-1.0718368,50.796965],[-1.0534272,50.8345242],[-0.9770243,50.8541812]],[[-0.6762513,50.7868605],[-0.6760688,50.7868714]],[[-0.1272303,51.5321037],[-0.1404587,51.550623],[-0.1981379,51.5491154],[-0.2370453,51.5768988],[-0.246135,51.6097842],[-0.3239362,51.6964758],[-0.3239574,51.7771269],[-0.3586622,51.8348927],[-0.4946566,51.9290552],[-0.4918249,51.9852367],[-0.5138692,52.0362628],[-0.4778242,52.1322633],[-0.5221846,52.1784878],[-0.5369876,52.2295836],[-0.674799,52.3011903],[-0.7450729,52.4290574],[-0.9021229,52.4691578],[-0.908683,52.5000457],[-0.9385132,52.5202534],[-1.1243701,52.5823473],[-1.4511547,52.521356],[-1.532938,52.5222152],[-1.5954285,52.4993231],[-1.6507915,52.521043],[-1.7637606,52.5173877],[-1.9019828,52.4779996],[-1.8501105,52.5015098],[-1.7314942,52.519943],[-1.6801087,52.5483102],[-1.686424,52.6642311],[-1.7091746,52.7022897]],[[-3.2363371,53.3041603],[-3.0140724,53.2047684],[-2.9316088,53.1792088],[-2.8919831,53.1966402]],[[-2.4323636,53.0889261],[-2.4317655,53.088092]],[[-2.1153208,52.7967982],[-1.9603113,52.7869387],[-1.7104052,52.641249],[-1.6133488,52.6280472],[-1.4565764,52.5211255],[-1.438747,52.4754161],[-1.3723611,52.4286601],[-1.1985256,52.356522],[-1.1237142,52.30586],[-1.0745427,52.2273653],[-0.9087432,52.1699667],[-0.7435638,52.0093697],[-0.7192467,51.9512067],[-0.6804192,51.9318112],[-0.6538349,51.8351406],[-0.611022,51.7855817],[-0.4479741,51.7232552],[-0.3867773,51.6563875],[-0.3798437,51.6191989],[-0.2957569,51.5514649],[-0.2385643,51.5304424],[-0.1555752,51.5429061],[-0.1344144,51.5279379]],[[-3.3765157,50.8945591],[-3.2372039,50.9859506],[-3.1615963,51.0206349],[-3.1039439,51.0231744]],[[-0.3012627,51.4631062],[-0.3012941,51.4632576]],[[-4.2589439,55.8587282],[-4.2587331,55.8583127]],[[-1.6211897,49.6334734],[-1.6212222,49.6333766]],[[-4.7323257,56.004085],[-4.7326213,56.0040377]],[[-0.6600195,51.5240814],[-0.9688185,51.4590592]],[[-2.2305614,53.4772618],[-2.1998893,53.4599292],[-2.1620443,53.3939868],[-2.1199996,53.3763624],[-2.1633476,53.4056674]],[[-2.1971171,51.2686317],[-2.1794519,51.2708276],[-2.2276061,51.2590128],[-2.2036068,51.2634132],[-2.2058981,51.2367335],[-2.1782248,51.2075506],[-2.050138,51.1498107],[-1.8907107,51.1184492],[-1.8459867,51.0809287],[-1.9309952,51.0850716],[-2.2614047,51.0376475],[-2.4491518,50.9955175],[-2.5108804,50.945284],[-2.6139342,50.9239797],[-2.5109501,50.9452891],[-2.4616575,50.9889076],[-2.4199537,51.0009292]],[[-2.2309382,53.4769022],[-2.2309525,53.4768787]],[[0.6409457,51.8068729],[0.7866271,51.8819712],[0.9558889,51.9106242],[1.0766294,51.959884],[1.0954134,52.0087948],[1.1474753,52.034769],[1.1499264,52.0475655],[1.1057488,52.0739374],[1.0967882,52.1155759],[1.0002194,52.1898095],[0.9867088,52.2253365],[1.1597318,52.4179851],[1.2139608,52.5176154],[1.2637464,52.5524897],[1.2907723,52.6051378],[1.3157254,52.6186582],[1.3069529,52.6265857]],[[-0.1134756,51.5015623],[-0.1119974,51.5024994]],[[-1.6213411,49.6333922],[-1.6183727,49.6269225]],[[-0.0856428,51.5041931],[-0.0857102,51.5040395]],[[-0.1254529,51.5303752],[-0.1251036,51.5304828]],[[-0.133037,51.5285581],[-0.1331204,51.5285303]],[[-0.1343737,51.5284067],[-0.1338879,51.528143]],[[-0.1236033,51.5311248],[-0.1055492,51.5794497],[-0.1112494,51.5548458],[-0.1061521,51.5791969],[-0.1690763,51.6412695],[-0.2218417,51.7486627],[-0.182773,51.8433256],[-0.1869084,51.8662713],[-0.2719398,51.9643115],[-0.2615687,52.0889371],[-0.2823071,52.1405943],[-0.2695899,52.1964812],[-0.1904402,52.3362767],[-0.1975305,52.3798707],[-0.2344599,52.4366663],[-0.2440177,52.5659565],[-0.2744582,52.6046011],[-0.4645445,52.7104107],[-0.5302726,52.801576],[-0.6105007,52.8563759],[-0.6378026,52.9025995]],[[1.8639742,50.9567014],[1.8398029,50.9504107],[1.8481509,50.9342811],[2.0012549,50.8859456]],[[-1.8923347,52.478674],[-1.8923177,52.4787026]],[[-0.2880897,51.467895],[-0.27082,51.4990805],[-0.297618,51.4636113]],[[-3.5652406,50.4331988],[-3.5453386,50.471438],[-3.585757,50.5003702],[-3.5987498,50.5320628],[-3.5990032,50.4978602],[-3.6652491,50.467445],[-3.6867725,50.4373022]],[[-1.0872495,51.268817],[-0.6175048,51.305233],[-0.448247,51.3655544],[-0.3316871,51.3826808]],[[-6.2490978,53.3516061],[-6.2490472,53.3515848]],[[-6.2934109,53.3465292],[-6.2934269,53.3463571]],[[-1.4935085,53.6772284],[-1.5017266,53.6718344]],[[-8.5289415,52.6403975],[-8.3914799,52.5859471]],[[-0.1132399,51.5032168],[-0.1133805,51.503298]],[[-0.1128755,51.5030064],[-0.1130016,51.5030792]],[[-0.1122259,51.5026313],[-0.112372,51.5027157]],[[0.0102534,51.376464],[-0.0508508,51.3956332],[-0.016528,51.4593789],[-0.0508553,51.3955175],[0.0101965,51.3763777]],[[0.5209293,51.2779872],[0.6239588,51.266392],[0.790007,51.2081657],[0.8557465,51.1678098],[0.8657079,51.1468465],[0.2726675,51.1912401],[0.2810513,51.1530238],[0.2629955,51.1300963],[0.3050094,51.0906346],[0.3221569,51.0504062],[0.3718294,51.0158713],[0.4494373,51.0072236],[0.4685984,50.9869347],[0.4632366,50.9579391],[0.46741,50.9905693],[0.4493892,51.0071967],[0.3717984,51.0158359],[0.3218135,51.0571396]],[[-2.0263705,53.3623578],[-2.1099456,53.3745458],[-1.9140804,53.3359809],[-1.7724405,53.3747029],[-1.6240999,53.305579],[-1.5129874,53.3321331],[-1.5220368,53.3212585]],[[-6.3371138,52.2510301],[-6.4294867,52.2847679],[-6.4656486,52.3438569]],[[-3.3766777,50.8943924],[-3.410397,50.819406],[-3.4763045,50.795456],[-3.5462268,50.7491252],[-3.5439387,50.7325643]],[[-4.2582459,55.8595678],[-4.2802989,55.8474858],[-4.3912287,55.8558708],[-4.5124949,55.8326891],[-4.6112157,55.7910219],[-4.7072251,55.7119613],[-4.708534,55.6540538],[-4.6757563,55.6136788],[-4.6565207,55.5439316],[-4.6138499,55.5051942],[-4.62568,55.4582239]],[[-4.2589917,55.8587266],[-4.2804809,55.8475102],[-4.3922673,55.8558079],[-4.5125154,55.8327177],[-4.611271,55.7910439],[-4.7043679,55.716078],[-4.7086065,55.6540456],[-4.6758974,55.6138202],[-4.6565714,55.5439217],[-4.6138973,55.5051936],[-4.6259261,55.4582382]],[[0.5192965,51.6147743],[0.3582304,51.6399661],[0.329495,51.630596]],[[-2.2304851,53.4773801],[-2.2250819,53.4760811]],[[-1.1594929,52.8920821],[-1.1795471,52.8495539]],[[1.2868056,51.9451211],[1.0472295,51.9493338],[1.0767435,51.9598911],[1.095478,52.0087786],[1.1515296,52.0453805],[1.1066682,52.0727391],[1.0968486,52.1155864],[1.0002629,52.1898272],[0.9867801,52.2253352],[1.1597878,52.417974],[1.2140039,52.5175908],[1.2634747,52.552131],[1.2908252,52.6051217],[1.3157254,52.6186582]],[[-1.4616574,53.3776553],[-1.4616844,53.3758044]],[[-1.4620376,53.3785455],[-1.4153591,53.4160452],[-1.467906,53.468914],[-1.4127151,53.513889],[-1.447769,53.5466501],[-1.4891398,53.557312],[-1.4778414,53.5561366]],[[-1.4621614,53.3785823],[-1.4611092,53.3805054]],[[-3.5323489,50.7267267],[-3.3386962,50.7793442],[-3.2496003,50.782256],[-3.1650986,50.8061538],[-3.1170839,50.800682],[-3.0804668,50.768271],[-3.0417935,50.7604028],[-2.93494,50.840136],[-2.818602,50.8755015],[-2.6782978,50.8868383],[-2.6139342,50.9239797]],[[1.0507604,49.4806874],[1.0280595,49.5280554],[0.9547951,49.5483652],[0.945022,49.5708895],[0.8517069,49.6364276],[0.4883384,49.591726],[0.4159193,49.6032841],[0.288505,49.5374744],[0.133069,49.4944562]],[[-2.5797403,51.4478266],[-2.5787217,51.4506222]],[[-1.2286743,54.5780405],[-1.3195672,54.5535194],[-1.2274749,54.5775393]],[[1.6093469,50.7148719],[1.6058857,50.6926428],[1.6742917,50.6529277],[1.6181236,50.5891687],[1.6170876,50.5509014],[1.6443907,50.511165],[1.6558659,50.3363138],[1.7046929,50.1834383],[1.8060612,50.123491],[1.8360245,50.0764359],[2.0672117,49.9814467]],[[-3.0140835,53.0345935],[-2.9146922,53.1822629]],[[-8.1732488,51.9212376],[-8.2695766,51.9154696],[-8.2387396,51.917744]],[[-8.1702172,51.9210174],[-8.1808138,51.9209483]],[[-0.1141987,51.503544],[-0.1152908,51.4997051]],[[-0.113979,51.5034226],[-0.1138328,51.5033415]],[[-0.1137637,51.5033032],[-0.1151372,51.4993687]],[[-2.2303618,53.4775748],[-2.2304035,53.4775025]],[[-0.1408149,50.8291065],[-0.0809822,50.8630424],[0.016425,50.8708261],[0.0458653,50.8564112],[0.1218687,50.8562261],[0.2768924,50.8028168],[0.5769079,50.8583416],[0.6139789,50.8921374],[0.6122911,50.921187],[0.7010093,50.9330669],[0.7652433,50.9720522],[0.8729265,51.0904504],[0.8782919,51.1413969],[0.8728812,51.0904572],[0.8153595,51.0319264]],[[-1.6163223,54.9686343],[-1.5822556,54.8886528],[-1.5807708,54.8238416],[-1.5632124,54.8058575],[-1.5782703,54.783141]],[[-2.5161396,52.7012732],[-2.4599235,52.6981303],[-2.1291398,52.6002823],[-2.1243209,52.609562],[-2.1210655,52.5873756]],[[-3.5436165,50.7315516],[-3.4654233,50.7379184]],[[-2.5806607,51.4484209],[-2.5635704,51.4601166],[-2.5684557,51.496803],[-2.5573434,51.5138521],[-2.5344533,51.513892],[-2.5454399,51.5141939]],[[-2.9785679,53.4074032],[-2.9294173,53.4006261],[-2.8880098,53.3577633],[-2.9293543,53.400613],[-2.9785416,53.4076238]],[[-0.0856229,51.5042126],[-0.085686,51.5040615]],[[-1.8082671,51.554971],[-1.8378872,51.5423115]],[[-2.7471829,52.6945105],[-2.8485545,52.6788081],[-3.0305346,52.7022176],[-3.0868007,52.6854846],[-3.142187,52.6549981],[-3.1616282,52.5801421],[-3.3340855,52.5062845],[-3.4279457,52.5137437],[-3.6383144,52.6145691],[-3.7451376,52.6243354],[-3.850772,52.5972026],[-4.040495,52.5166677],[-4.0466834,52.4824166],[-4.0244862,52.4628845],[-4.0329477,52.4136161],[-4.0816235,52.4139377]],[[0.1693,51.3933988],[0.05931,51.400749],[0.1696041,51.39342]],[[1.3069103,52.6265585],[1.3156852,52.620616]],[[-4.2583283,55.8591823],[-4.2590424,55.8553214]],[[1.1540038,51.7940967],[1.1823974,51.832348],[1.1643883,51.8469565],[0.9572092,51.8563398],[0.9140207,51.8988313],[0.8884221,51.9011697]],[[0.7946169,51.5313219],[0.7958833,51.530865]],[[-6.2770873,53.3661363],[-6.308291,53.3434147]],[[-0.0721365,51.4177859],[-0.1064799,51.4385827],[-0.0461481,51.4907551],[-0.0377378,51.4821805],[-0.0570626,51.4217803],[-0.0887987,51.3834852],[-0.0374506,51.4667458],[-0.0520801,51.4887293],[-0.0946579,51.5043554]],[[-1.4927177,53.6773754],[-1.5003473,53.6729187]],[[-4.2584938,55.859092],[-4.258776,55.8560614]],[[-1.5467336,54.5203344],[-1.5468725,54.5203418]],[[-0.1229552,51.5310074],[-0.122245,51.5423002],[-0.1227399,51.5311033]],[[-0.122915,51.5310079],[-0.1230202,51.5347047]],[[-1.440955,49.4704178],[-1.4871699,49.5085355],[-1.5616693,49.501844],[-1.6723408,49.5582407],[-1.6797864,49.5862004],[-1.6189447,49.6293407]],[[-1.2900937,54.558751],[-1.3039736,54.5583158]],[[-2.27262,53.3648867],[-2.2455936,53.3624495],[-2.2725895,53.3652433]],[[-2.9667758,54.9163439],[-2.9480732,54.8995997],[-3.0599565,55.0126953],[-3.1643541,55.0284765],[-3.2304954,55.0645913],[-3.2964811,55.0655894],[-3.3850748,55.163913],[-3.4065014,55.2638827],[-3.5026234,55.3443963],[-3.5367362,55.3965353],[-3.6485684,55.4340854],[-3.646345,55.4656221],[-3.6881302,55.4769923],[-3.6839955,55.5140875],[-3.6025254,55.6047204],[-3.635861,55.6293944],[-3.6345495,55.6658297],[-3.661858,55.6887406],[-3.5220358,55.8420573],[-3.4508334,55.884494],[-3.5220669,55.8420763],[-3.6468442,55.6957692],[-3.6663863,55.690537]],[[-5.1953426,50.2537576],[-5.1824271,50.2654056],[-5.0787103,50.2570357],[-4.9218371,50.3196355],[-4.8128349,50.3430181],[-4.7119957,50.3421906],[-4.6663779,50.3899668],[-4.6639725,50.421008],[-4.6809397,50.4348208],[-4.6350381,50.4553907],[-4.4985456,50.4544512],[-4.3041324,50.3929112],[-4.2079739,50.4076283],[-4.304126,50.3929371],[-4.4985282,50.4544851],[-4.5618137,50.4528829]],[[-8.5006166,54.2241241],[-8.4814695,54.2721365]],[[-1.0935657,53.9582587],[-1.0940056,53.9594939]],[[-1.0936476,53.9579644],[-1.0935649,53.9579563]],[[-1.0932729,53.9574544],[-1.3873926,54.2413337],[-1.4910637,54.4116155],[-1.5503238,54.4633554],[-1.5468096,54.5217057]],[[0.5195393,51.6148634],[0.5692686,51.590636],[0.6353174,51.6067712],[0.6844426,51.5969269],[0.6353423,51.6067578],[0.5692581,51.5906054],[0.5208801,51.6139963]],[[-2.4334883,53.0899481],[-2.4344289,53.0914544]],[[-2.4323133,53.0889357],[-2.4310156,53.0865933]],[[-2.3263868,54.3214736],[-2.3186928,54.3315258],[-2.351056,54.3725677],[-2.3424517,54.3935258],[-2.365283,54.4508689]],[[-4.6319645,53.3097855],[-4.5596331,53.278089],[-4.4923118,53.2251086],[-4.3768909,53.1956053],[-4.1938896,53.2194152],[-4.250687,53.222316],[-4.2838374,53.204192],[-4.3768636,53.1956252],[-4.4922881,53.2251368],[-4.5595775,53.2780943],[-4.6298522,53.308599]],[[0.3300147,51.4415807],[0.3185884,51.4466572]],[[-2.1815929,53.0081414],[-2.1547311,52.9063259],[-2.193232,52.8828093],[-2.1557749,52.9089564],[-2.0399941,52.8442231],[-1.9876967,52.788428],[-2.1109316,52.7955851],[-2.1454769,52.816796],[-2.1916057,52.8672193],[-2.2553902,52.90246],[-2.2701669,52.9392393],[-2.4095692,53.0491887],[-2.4295181,53.0837705],[-2.409612,53.0491696],[-2.2702061,52.9392311],[-2.2507617,52.8966968],[-2.1916518,52.8671981],[-2.1455072,52.816776],[-2.1116239,52.7957034],[-2.038935,52.7900127]],[[-2.1150251,52.7964232],[-2.1243209,52.609562]],[[-2.4327529,53.08868],[-2.4319319,53.0873182]],[[-1.1761572,52.7190125],[-1.1333917,52.6674726]],[[-1.1842656,52.7287731],[-1.195771,52.7740099]],[[-1.2990936,51.8392925],[-1.2994468,51.9185846],[-1.2747723,51.9867656],[-1.2939109,52.0398134],[-1.3297632,52.0634056],[-1.3242406,52.1253154],[-1.4216246,52.2233905],[-1.5046268,52.25325],[-1.5341969,52.2844753]],[[-1.5349867,52.2847224],[-1.5045965,52.2532791],[-1.4229029,52.2252795],[-1.3256677,52.1284029],[-1.3296702,52.0633321],[-1.2809729,52.0210915],[-1.2640148,51.9643503],[-0.8515306,51.7307142],[-0.8305391,51.6817673],[-0.7939491,51.6455819],[-0.6854736,51.6073176],[-0.608917,51.6101428],[-0.389304,51.5547816],[-0.1806263,51.5467726],[-0.1629147,51.523161]],[[-1.7848595,53.6482052],[-1.800566,53.6265325],[-1.7688301,53.5963706],[-1.6887285,53.5870967],[-1.7300835,53.5959261]],[[-1.139641,53.5214302],[-1.1396631,53.5236938]],[[-1.1401119,53.5224309],[-1.1402511,53.5224367]],[[-1.1401583,53.5212302],[-1.1683461,53.5058143],[-1.1429125,53.5163402]],[[-8.4571778,51.901623],[-8.5113068,51.9394425]],[[-8.4577041,51.9016815],[-8.4571891,51.9016525]],[[-0.1242331,51.5079264],[-0.0957002,51.5042036],[-0.1247301,51.507768]],[[-0.2519729,52.5770905],[-0.2485351,52.5721868]],[[-0.1271031,51.5321444],[-0.1292842,51.5348943]],[[-0.1250835,51.5304895],[-0.128723,51.5350769]],[[0.0732735,51.5428823],[-0.0452495,51.5865351],[-0.1541259,51.5560909],[-0.131884,51.5411401],[-0.0060975,51.5483036],[-0.0603828,51.5844141],[-0.0139091,51.7425367],[0.018627,51.7698341],[0.1452411,51.7939606],[0.1667218,51.8798527],[0.2289114,51.9102757],[0.2007241,52.0545018],[0.1351053,52.1570621],[0.0289711,52.1131046],[-0.0204437,52.056676],[-0.2654508,51.9598301],[-0.1867104,51.8663133],[-0.1827194,51.8433154],[-0.2217266,51.7486823],[-0.1681558,51.640048],[-0.1054825,51.5780363],[-0.122245,51.5423002]],[[0.01949,51.4325343],[-0.00233,51.4530924],[0.0702374,51.3928476],[-0.0060476,51.4116608]],[[-5.5324253,50.1217639],[-5.4669412,50.1422618],[-5.420534,50.1850669],[-5.2275179,50.231956],[-5.1824006,50.2653776],[-5.0876999,50.2554955],[-4.9218348,50.3195969],[-4.8128188,50.3429896],[-4.7119721,50.3421614],[-4.6663339,50.3899609],[-4.6723666,50.442611],[-4.5805274,50.4531537]],[[-0.0814969,51.5178958],[-0.081756,51.517946]],[[-0.0824085,51.5180724],[-0.0563325,51.526143],[-0.0750519,51.5842414],[-0.0438236,51.6825482],[-0.0242669,51.6997986]],[[-0.081433,51.5178834],[-0.0810268,51.5177945]],[[-0.082344,51.5180619],[-0.0562804,51.5261424],[-0.071025,51.6054578],[-0.0137624,51.7426613],[0.0186465,51.7698017],[0.1452798,51.7939378],[0.1670404,51.8647344]],[[-0.0807988,51.517754],[0.1789661,51.5737399],[0.3274307,51.6269963]],[[-0.1773709,51.5164157],[-0.2179194,51.5250775],[-0.1768676,51.5166764]],[[-0.1771918,51.5165159],[-0.1826325,51.5184647]],[[-5.195528,50.2536453],[-5.2834132,50.2143103],[-5.4205737,50.1850858],[-5.4990916,50.1288195]],[[-0.1253028,51.5304252],[-0.1252673,51.5304378]],[[-0.1249172,51.5305363],[-0.1265161,51.532668]],[[-0.1263957,51.532704],[-0.129088,51.5360308]],[[-0.1351711,51.5282603],[-0.1380846,51.5307724]],[[-0.1334952,51.5283145],[-0.1578526,51.5431582],[-0.2403258,51.5308374],[-0.295556,51.5515521],[-0.3811782,51.6210968],[-0.3965748,51.6652315]],[[-0.1334355,51.5283376],[-0.137646,51.530934]],[[-1.5347868,54.7136501],[-1.6046481,54.7412369],[-1.6068634,54.7667515],[-1.5631535,54.8058794],[-1.5807041,54.823854],[-1.5822149,54.8887455],[-1.6190089,54.967096]],[[-1.5347721,54.7134327],[-1.5271247,54.6735498],[-1.5016695,54.6549366],[-1.5193522,54.6149901],[-1.5586521,54.5964408],[-1.541025,54.561392],[-1.5468871,54.5176217]],[[-0.0906354,51.5109536],[-0.0903772,51.5110342]],[[-0.090264,51.5110118],[-0.0259249,51.4788076],[0.1221798,51.4910582],[0.1908159,51.4671211]],[[-0.0907626,51.5109748],[-0.0920328,51.5081072]],[[-0.090412,51.5110406],[-0.0917737,51.5082814]],[[-0.1242625,51.5079044],[-0.096688,51.5041562],[-0.1167926,51.505088]],[[-0.1245516,51.5078615],[-0.1244393,51.5078419]],[[-0.1241337,51.5079948],[-0.1204139,51.5063201]],[[1.6104832,50.7161299],[1.6082533,50.713326]],[[-4.2585498,55.8590904],[-4.260091,55.8519481]],[[-0.1713109,51.4650101],[-0.1494767,51.4732278],[-0.1726735,51.4573347],[-0.1426912,51.4399414],[-0.1387529,51.4205846],[-0.1609686,51.396665],[-0.1568846,51.3735964],[-0.1884216,51.360301],[-0.0865758,51.3858924]],[[-3.1022039,51.0234406],[-2.9509046,51.0535243],[-2.7699316,51.0400535],[-2.7169458,51.062902],[-2.6740467,51.0558182],[-2.4344034,51.1158346],[-2.3458898,51.1753905],[-2.2849571,51.2439582],[-2.1783684,51.2708808],[-2.1972537,51.2685733],[-2.2141156,51.338988],[-2.3128379,51.346001],[-2.3202991,51.3985459],[-2.1413988,51.4371705],[-2.0322495,51.5141237],[-1.9061875,51.5352703]],[[-4.260096,55.8517544],[-4.3255668,55.8132217],[-4.4012119,55.802238],[-4.3255455,55.813194],[-4.2600782,55.8511787]],[[1.0508069,49.4806858],[1.0306204,49.5263753],[0.9548243,49.5483939],[0.9450559,49.5709129],[0.8456046,49.6366676],[0.4883315,49.5917627],[0.4159047,49.603312],[0.2884574,49.5374918],[0.1361661,49.4952513]],[[0.7115528,51.5417498],[0.6844426,51.5969269],[0.711603,51.5417526]],[[-0.1436263,51.495191],[-0.1440547,51.4949044]],[[-0.1443256,51.4949428],[-0.1477872,51.4909801]],[[-0.1442841,51.4949336],[-0.1488254,51.4733374],[-0.1725455,51.4600817],[-0.1381201,51.4213907],[-0.1609258,51.3966476],[-0.1568446,51.3735722],[-0.1882773,51.3602929]],[[-2.6062777,51.4339739],[-2.5645542,51.45779],[-2.576279,51.4802904],[-2.5616132,51.5239952],[-2.4356969,51.5206979],[-2.5344533,51.513892]],[[-2.9869125,51.5937663],[-3.0066187,51.5792089],[-2.9978953,51.5902471]],[[-2.9868434,51.5938519],[-2.9632777,51.6234221],[-3.01218,51.6437685],[-3.0206748,51.6919549],[-2.9721346,51.7465793],[-2.9719896,51.7786926],[-3.0076388,51.8081089]],[[1.1411478,51.0955376],[0.9713823,51.1051604],[0.8533404,51.1547278],[0.901024,51.1304971]],[[-1.5310556,54.9573854],[-1.5234022,54.9738103],[-1.5303096,54.960074]],[[-1.3771136,51.3981421],[-1.1758451,51.3957864],[-1.0676715,51.4342854],[-1.0023555,51.4392689],[-0.9794546,51.4598696],[-0.9953235,51.4618827]],[[-1.3778487,51.3983044],[-1.544376,51.411573],[-1.6258737,51.3586217],[-1.6740971,51.3697268],[-1.7851572,51.3375268],[-1.9663756,51.3206832],[-2.0079218,51.2924778],[-2.1783791,51.2709071]],[[-1.4196448,53.493171],[-1.4188992,53.4943485]],[[-3.1888318,55.951834],[-3.188845,55.9518574]],[[-1.6180252,54.9684493],[-1.6177294,54.9683761]],[[-0.0291886,53.5621445],[-0.2925614,53.6096735],[-0.4204732,53.5699205],[-0.3333746,53.3896294],[-0.4320475,53.259649],[-0.5364367,53.2251362],[-0.4709463,53.2168366],[-0.3673956,53.1137487],[-0.3924451,52.9988035],[-0.2507673,52.9187377],[-0.1858847,52.8549978],[-0.1553179,52.7982649],[-0.2921361,52.6194948],[-0.2473943,52.5687506],[-0.1224239,52.5494242],[0.093808,52.5594948],[0.2828956,52.4242168],[0.2919204,52.4053261],[0.2616157,52.3852365],[0.2023358,52.268199],[0.1311823,52.1753137]],[[-0.1131627,51.5013874],[-0.1132569,51.501434]],[[-0.1118558,51.5024176],[-0.1138243,51.5010886]],[[-0.1134276,51.5033252],[-0.1151799,51.4970791]],[[-0.1128373,51.5029843],[-0.1146502,51.5006801]],[[-0.1131798,51.5031821],[-0.1130528,51.5031088]],[[-0.1126183,51.5028574],[-0.114623,51.5006411]],[[-0.1124243,51.5027459],[-0.2227915,51.411141],[-0.4490736,51.3652787],[-0.5745245,51.3118989],[-1.3842209,51.238504],[-1.6655086,51.1553535],[-1.7799204,51.0796628]],[[-0.1135778,51.5016257],[-0.1143327,51.50074]],[[1.177123,49.4951916],[1.3322995,49.6023832],[1.3891048,49.6317817],[1.4238158,49.6319224],[1.5005941,49.6161639],[1.530786,49.6257856],[1.6650651,49.5821114],[1.7293437,49.4970755]],[[1.1770767,49.4952133],[1.331846,49.6022943],[1.1303603,49.6398703],[0.9625275,49.6444368],[0.8659132,49.6307102]],[[-0.9737659,51.4588914],[-0.9737554,51.4589616]],[[-1.8380142,51.5423173],[-1.7753893,51.5687829],[-1.5706768,51.6105068],[-1.2545402,51.6145692]],[[-0.3014971,51.4127806],[-0.2579861,51.4034664],[-0.3080076,51.3907967]],[[-0.0816816,51.5179348],[-0.0800261,51.5206528]],[[-0.0905955,51.5109473],[-0.0916439,51.5086878]],[[-0.0902283,51.5110053],[-0.0917457,51.5082354]],[[-0.1441756,51.4943531],[-0.1456521,51.4929663]],[[-0.1452479,51.4946678],[-0.1452922,51.4946757]],[[-0.1454426,51.4947152],[-0.1454878,51.4947271]],[[-0.0779238,51.5115247],[0.0628122,51.5443495],[0.4214799,51.5681232]],[[-0.0779696,51.511417],[0.0770914,51.5412427],[0.043597,51.5494082]],[[-2.0925468,51.5470159],[-2.4362391,51.5206088]],[[-3.0031154,51.8286878],[-3.0080287,51.8095856]],[[-2.9999175,51.841276],[-2.9867075,51.8835323]],[[-2.9864521,51.8836703],[-2.8086853,51.9768019],[-2.75255,52.0235573],[-2.6950773,52.0430456],[-2.715364,52.0666832],[-2.6894893,52.0893366],[-2.7161658,52.1199508],[-2.7167418,52.1874375],[-2.738537,52.260161],[-2.7011433,52.3609174],[-2.8272504,52.4211226],[-2.8399007,52.4505809],[-2.8156634,52.4905076],[-2.8260165,52.5096194],[-2.7800312,52.5773041],[-2.7733743,52.6399993],[-2.7478121,52.6933786]],[[-1.3765605,52.5344993],[-1.1366425,52.5821125]],[[0.3300791,51.6303047],[0.3317495,51.6320893]],[[-1.7821343,51.5668527],[-1.9846272,51.6274305],[-2.0587335,51.7106527],[-2.1016822,51.7236284],[-2.1867096,51.7177062],[-2.2225321,51.7460253],[-2.2856878,51.7522018],[-2.2309482,51.8627182],[-2.1065,51.893582],[-2.0892969,51.9233066],[-2.1101721,52.0506284],[-2.1631329,52.1476783],[-2.0814195,52.2992862],[-2.1560536,52.2700511],[-2.1438508,52.270068]],[[-1.28974,54.5587791],[-1.2363607,54.5793453]],[[-0.0947012,51.6634571],[-0.0925317,51.6611995]],[[-0.2502342,52.573848],[-0.2497187,52.5732557]],[[-0.2503571,52.5739937],[-0.2520668,52.5766644]],[[-7.5990117,52.9015009],[-7.8234982,52.785569],[-7.8287573,52.6646921],[-7.8215254,52.6786152]],[[-2.2276476,53.4770475],[-2.1900362,53.4713094],[-1.9891285,53.3558942],[-2.1909456,53.4714614],[-2.0718587,53.4839071],[-2.190628,53.4714566]],[[-2.2306421,53.4771366],[-2.2306705,53.4770919]],[[-5.5326706,50.1218636],[-5.5301915,50.1239756]],[[-8.5001002,54.2029619],[-8.5042675,54.1732832]],[[-2.8806369,53.1969972],[-2.7348309,53.1325477],[-2.5445438,53.1157879],[-2.4312578,53.0863846]],[[-2.8793214,53.1964831],[-2.8756133,53.1954043]],[[-0.2884582,51.4674267],[-0.3013169,51.4633673]],[[-0.1336621,51.5459117],[-0.1441947,51.5518702],[-0.122724,51.5413691]],[[-0.1317424,51.543668],[-0.1314772,51.5433763]],[[0.004728,51.44642],[0.0078664,51.4503585]],[[-0.6407065,51.5226155],[-0.4232176,51.5031024],[-0.4361994,51.5046004]],[[2.0168617,50.9527558],[1.8625977,50.9348517]],[[-7.346828,53.5236437],[-7.3425809,53.5226178]],[[-2.5465233,51.5143153],[-2.5342215,51.5138678]],[[-0.0750013,51.5457604],[-0.0786249,51.5245751],[-0.0579047,51.5183063],[-0.0461481,51.4907551]],[[-2.0643604,53.4839974],[-2.0731546,53.4839781]],[[-1.8638194,50.7272944],[-1.9631915,50.7166656],[-2.0130667,50.7284325],[-2.1445459,50.6802456],[-2.2433302,50.6813533],[-2.3237163,50.7017582],[-2.2433448,50.6813242],[-2.1445605,50.6802163],[-2.0055727,50.7295919],[-1.9631599,50.7166409],[-1.6806936,50.7521539],[-1.5789877,50.8097927]],[[-1.9826105,52.3947793],[-1.9363711,52.4138636],[-1.9734938,52.4033597],[-2.0038255,52.3497478],[-2.0814195,52.2992862]],[[-1.2363575,54.5793757],[-1.2452607,54.5791479]],[[1.1261512,51.09695],[1.1543975,51.0969663],[1.1301678,51.0943413]],[[-4.1384189,53.2233088],[-4.1357873,53.2225061]],[[-1.2635874,51.7434242],[-1.2702197,51.7539115]],[[-1.2668254,51.7468494],[-1.2945822,51.7923267],[-1.2990771,51.8388887]],[[-0.9715115,51.4586656],[-0.8333918,51.4851077]],[[-1.9493262,52.495548],[-1.9028553,52.4784441]],[[-1.9498506,52.4956647],[-2.0777531,52.5347883],[-2.1174266,52.586851]],[[-0.7352439,51.9965558],[-0.9108534,52.1730258],[-0.918674,52.2663126],[-1.0855839,52.2942205],[-1.1154739,52.323802],[-1.3494324,52.4213745]],[[-0.7351919,51.9965632],[-0.7431422,52.0090722],[-0.676543,51.9265],[-0.6536928,51.8351596],[-0.6187413,51.7965151],[-0.5833172,51.7703764],[-0.4634765,51.7327393],[-0.3937549,51.6621272]],[[-0.7738529,52.0337947],[-0.9085712,52.1700411],[-0.9222063,52.2020127],[-0.9070174,52.2360636],[-0.9186396,52.2663341],[-1.0858411,52.2943525],[-1.1154617,52.3238384],[-1.2914976,52.3869902],[-1.4344266,52.4717555],[-1.4563969,52.5211928],[-1.6131479,52.6281297],[-1.7068575,52.640104],[-1.9531782,52.7845036],[-1.9950064,52.7896807],[-2.0047045,52.8172481],[-2.0399804,52.8442613],[-2.1572165,52.9100077],[-2.176258,53.0013783],[-1.9037028,52.8915478],[-1.5466754,52.8604366],[-1.6921925,52.7660416],[-1.7192113,52.7306302],[-1.7092155,52.7023679]],[[-0.3013001,51.4632866],[-0.298245,51.4635515]],[[-3.5652188,50.4329703],[-3.545284,50.4714311],[-3.5943224,50.5223056]],[[-2.2305873,53.4772216],[-2.2011754,53.4613999],[-2.1629988,53.4040339],[-2.2127635,53.4704742],[-2.2014063,53.4614934]],[[-0.1053626,51.5457294],[-0.0751679,51.543001]],[[-4.1357652,53.2225333],[-4.1380825,53.2232198]],[[-1.412132,50.9073233],[-1.4741833,50.9211424],[-1.4867909,50.9888977],[-1.53706,51.0301264],[-1.6706908,51.0435095]],[[-0.1629642,51.5231522],[-0.1806567,51.546744],[-0.3893161,51.5547479],[-0.6089357,51.6101184],[-0.6854785,51.6072878],[-0.7939988,51.6455635],[-0.8467535,51.7053],[-0.8515635,51.7306846],[-0.9531874,51.7777278],[-1.1092352,51.8877081],[-1.2537824,51.9574056],[-1.2802299,51.9995578]],[[-2.197678,51.2681312],[-2.1972537,51.2685733]],[[-0.1022821,51.3788657],[-0.1005102,51.3811871]],[[-0.0750608,51.5457616],[-0.1060168,51.5455574]],[[0.8919948,51.9005574],[0.9124752,51.8987496],[0.9571964,51.8563189],[1.1643676,51.8469232],[1.1823324,51.8323215],[1.1559013,51.7960888]],[[2.0400767,49.7671282],[1.9722414,49.7824191],[1.8629161,49.745356],[1.7633945,49.6749066],[1.6408573,49.6256924],[1.5491682,49.6392705],[1.5005565,49.6161912],[1.3891008,49.6318144],[1.331846,49.6022943]],[[2.0400858,49.7670952],[1.9720252,49.7823409],[1.8629314,49.7453232],[1.7634279,49.6748814],[1.640854,49.6256576],[1.5507707,49.6392585],[1.530786,49.6257856]],[[-0.6434426,52.9067249],[-0.6675429,52.9274712],[-0.8222694,52.949948],[-1.0875676,52.9602885],[-0.9184143,53.0576358],[-0.8048271,53.0905975],[-0.7977588,53.0783174],[-0.8045592,53.0901356]],[[-2.886583,53.7871163],[-2.8737948,53.7870516],[-2.8942582,53.7881309]],[[-2.8692476,53.7873392],[-2.7107094,53.7599979]],[[-1.8388497,51.5420874],[-1.8978926,51.5343646],[-1.9444289,51.5532504],[-2.0330793,51.5564926],[-2.4356969,51.5206979],[-2.4363272,51.5316798],[-2.3933361,51.6084378],[-2.4172364,51.6834044],[-2.3006884,51.7386117],[-2.2826216,51.7717086],[-2.2794821,51.745952],[-2.2225559,51.7459975],[-2.1867142,51.7176704],[-2.101707,51.7235959],[-2.0527317,51.7075234],[-1.9867098,51.6285437],[-1.7890188,51.5643634],[-1.8068596,51.5558562]],[[0.1847446,51.2704927],[0.1835366,51.2721538]],[[0.1811115,51.2780093],[0.1977828,51.3036534],[0.3817073,51.300983],[0.5759892,51.2762739],[0.7892627,51.2084114],[0.8556845,51.1677811],[0.8565865,51.1478666]],[[-2.7069202,53.7541459],[-2.821386,54.0810719],[-2.7494178,54.1490848],[-2.7349447,54.190894],[-2.7496584,54.260107],[-2.712745,54.3415527],[-2.5928322,54.3652187],[-2.5858178,54.3872221],[-2.6179906,54.4577718],[-2.6697902,54.5020875],[-2.6854335,54.5783915],[-2.7143571,54.6277653],[-2.7645548,54.6478855],[-2.7587475,54.6651572],[-2.8224221,54.7666009],[-3.0319927,54.987189]],[[-3.0491513,53.8220838],[-2.990833,53.84852],[-2.9415793,53.7996243],[-2.7129461,53.7616549],[-2.6681683,53.6470256],[-2.7097931,53.7594577]],[[-0.0722046,51.417945],[-0.0694167,51.4170258]],[[-2.2133461,53.4709683],[-2.2015339,53.4618283]],[[-0.1728961,51.4645309],[-0.0745279,51.468931],[-0.1064799,51.4385827]],[[2.0012732,50.8859082],[1.8566851,50.935476]],[[-1.1087839,50.7965838],[-1.0691841,50.7994908],[-1.0833367,50.7974919]],[[-1.1088595,50.7968311],[-1.1044662,50.7965591]],[[-0.6752829,50.7878281],[-0.643797,50.8304131]],[[-0.5459956,50.81021],[-0.5749658,50.8282869],[-0.6416371,50.8308295]],[[-0.5460499,50.8100786],[-0.5725077,50.8274723]],[[-0.5463818,50.810382],[-0.5492277,50.8110742]],[[-0.1414943,50.8291534],[-0.168267,50.8347352]],[[-0.1408579,50.8291136],[-0.080987,50.8630712],[0.0131983,50.8707669],[-0.0220064,50.9145587],[-0.1222496,50.961827],[-0.1634228,50.8937664],[-0.1532961,50.8397724],[-0.1672376,50.8345454]],[[-0.1338278,51.5281729],[-0.1570408,51.543085],[-0.2404128,51.530821],[-0.2955923,51.5515346],[-0.3802031,51.6197884],[-0.3866773,51.6564254],[-0.4478115,51.7232243],[-0.6109261,51.7856224],[-0.6537424,51.8351528],[-0.6766986,51.9264651],[-0.7191599,51.9512398],[-0.7431935,52.0090523]],[[-2.9879217,54.9444626],[-3.0068483,54.9662823],[-2.8224888,54.7665882],[-2.7588162,54.6651486],[-2.7658824,54.6489542],[-2.7144419,54.6277843],[-2.6855031,54.578388],[-2.6698519,54.5020997],[-2.6180562,54.4577578],[-2.5858701,54.3871951],[-2.5824595,54.3723992],[-2.6084486,54.3596455],[-2.7127961,54.3415805],[-2.7497267,54.2601128],[-2.7350062,54.1908932],[-2.749484,54.1490962],[-2.8214406,54.0810766],[-2.7065509,53.7526231]],[[-1.7046233,51.0420292],[-1.7818933,51.0752026],[-1.7048806,51.04199],[-1.5480531,51.0341141],[-1.4958168,50.9938768]],[[-0.8817505,53.7017253],[-0.9889669,53.6019173],[-0.8840135,53.7008687],[-0.7470221,53.7470377]],[[-2.4545336,50.6155271],[-2.4629776,50.6746088],[-2.4323039,50.7094082],[-2.5663423,50.7774065]],[[-2.4544862,50.6155434],[-2.4572813,50.6182457]],[[-2.5156277,53.4662918],[-2.33458,53.4855509],[-2.2127635,53.4704742]],[[0.2815539,50.769588],[0.2768924,50.8028168]],[[0.2816257,50.7695421],[0.276828,50.803086],[0.2570647,50.8193209],[0.0131983,50.8707669]],[[-1.2701747,51.7539162],[-1.2708296,51.7556847]],[[-0.6759914,50.7868544],[-0.6743572,50.7895001]],[[-1.8040038,51.0706038],[-1.6655249,51.1553874],[-1.4950922,51.2106164]],[[-6.3038999,53.3471198],[-6.3066936,53.3439044]],[[-6.2976701,53.3459287],[-6.3076033,53.3435491]],[[-6.4678599,53.335992],[-6.5209569,53.3239888],[-6.4644481,53.3358527]],[[-6.3444982,53.3376965],[-6.5025249,53.3330931],[-6.829915,53.1752183],[-6.9061703,53.1632231]],[[-3.0145222,53.0341645],[-3.0696759,52.9710302],[-3.0529414,52.9112188],[-2.9642868,52.8427962],[-2.7780571,52.7608799],[-2.7486668,52.7113471]],[[-2.0262131,53.3623332],[-1.9920387,53.3575902]],[[-0.7330849,53.1531183],[-0.7452358,53.1466352]],[[-0.7461504,53.1461542],[-0.8048271,53.0905975],[-0.8151003,53.1758799],[-0.9163557,53.2761835],[-0.9232829,53.3034441],[-0.9617327,53.3258928],[-0.9426585,53.3123709]],[[-1.6384858,52.3949924],[-1.5210159,52.4015335],[-1.2374576,52.3754152]],[[-1.029048,51.4712101],[-0.9665912,51.4587322],[-0.9794546,51.4598696]],[[-2.8844585,53.1985348],[-2.931613,53.1792436],[-3.0140467,53.2048082],[-3.3487048,53.3470301],[-3.5862927,53.2938738],[-3.8857288,53.2873865],[-4.0946534,53.2148229],[-4.1938896,53.2194152]],[[-3.2370323,53.3044386],[-3.3575481,53.3467029],[-3.5862532,53.2938294],[-3.8857076,53.2873598],[-4.0946398,53.2148033],[-4.1768056,53.2142589]],[[1.1545911,51.7943483],[1.1563733,51.796433]],[[-8.19979,52.5009311],[-8.1995832,52.5013962]],[[-8.5589936,52.3964973],[-8.2161394,52.4918779],[-7.8287573,52.6646921]],[[-8.5590229,52.3965247],[-8.2161552,52.4918994],[-8.1899823,52.5104905]],[[-1.4097897,53.383971],[-1.3279051,53.3444094],[-1.4098191,53.3839411],[-1.4563944,53.3836735],[-1.4348008,53.3863918]],[[-1.4104947,53.3841373],[-1.4341079,53.3864405]],[[-1.4332464,53.3865234],[-1.3219078,53.4585145],[-1.3626243,53.4290507]],[[-0.7329371,53.153194],[-0.6745253,53.1835473],[-0.5840032,53.2035249],[-0.5586172,53.230604],[-0.5364367,53.2251362]],[[1.368743,51.3844126],[1.4293279,51.3653993],[1.4315105,51.3491663],[1.3561746,51.3290495],[1.2406617,51.3354783],[1.0983255,51.2966323],[0.97336,51.2428819],[0.886772,51.1403705],[0.8712764,51.1452723],[0.8868008,51.1403481],[0.973409,51.24287],[1.0983461,51.2965999],[1.2407112,51.3354469],[1.3387637,51.3278477],[1.4029665,51.3403644]],[[-1.081141,52.7010115],[-0.9839867,52.7527389],[-0.7868737,52.7630235],[-0.7219605,52.6965773],[-0.7322775,52.6781964],[-0.695911,52.6262804],[-0.7323403,52.6782102],[-0.7220263,52.696584],[-0.7869118,52.7629903],[-0.9839695,52.7526999],[-1.0810897,52.700984],[-1.1296844,52.6238278],[-1.0859258,52.6761892],[-1.0847462,52.7000581],[-1.1197426,52.7399255],[-1.2460704,52.8187282],[-1.2674657,52.8767348],[-1.2461233,52.8187117],[-1.1215536,52.7411334],[-1.0846504,52.6997527],[-1.0859818,52.676201],[-1.1301487,52.6227182],[-1.1235538,52.5818204]],[[-1.0091163,53.594315],[-0.9889669,53.6019173]],[[-1.0094813,53.5941822],[-1.1160511,53.5828899],[-1.2057023,53.6749199],[-1.2630644,53.7064475],[-1.0433568,53.6909274],[-0.8840135,53.7008687]],[[-0.1270592,51.5321557],[-0.1404322,51.5506493],[-0.1983747,51.5492046],[-0.2363511,51.5761921],[-0.2460705,51.6097816],[-0.324743,51.6982743],[-0.3239142,51.7771346],[-0.3572823,51.8332615],[-0.4021892,51.877217],[-0.4949834,51.9296866],[-0.4917671,51.9852308],[-0.5137929,52.0362635],[-0.4786608,52.1195821]],[[-0.1268872,51.5321495],[-0.1292928,51.5355205]],[[-2.2245268,53.4757753],[-2.2264625,53.4763235]],[[-8.5473805,53.3329661],[-8.2465318,53.335379]],[[-0.0730681,51.3999324],[-0.0373941,51.4665852],[-0.0810089,51.5023352]],[[-0.0110133,51.5361098],[-0.0035587,51.5426497]],[[-5.5327271,50.1218903],[-5.527952,50.1252089]],[[-6.6643452,55.1360966],[-6.6637346,55.1352394]],[[-5.6711463,54.6589475],[-5.7523426,54.6682729],[-5.8368089,54.6428627],[-5.8869509,54.6050016],[-5.9226772,54.6034545]],[[-5.6720422,54.6584727],[-5.6710658,54.6588932]],[[-5.7096026,54.7530303],[-5.7580632,54.8125927],[-5.8076706,54.8276808],[-5.8174197,54.847289],[-5.7987273,54.8479452]],[[-6.829218,53.4180244],[-6.8852103,53.4167994],[-6.985378,53.4700293],[-7.1493141,53.4923237]],[[-6.2997114,53.3460219],[-6.2934418,53.3464618]],[[-0.1033598,51.5108451],[-0.0954626,51.4778951],[-0.1100523,51.4633557],[-0.0488743,51.4661735],[-0.0064343,51.412363]],[[-0.1033122,51.5108448],[-0.0954216,51.4778776],[-0.110045,51.4633249],[-0.0980624,51.4656473],[-0.0985442,51.4969541],[-0.1281271,51.5336493]],[[-0.1329769,51.5289872],[-0.1330332,51.5289615]],[[-2.8011694,54.8502219],[-2.8711,54.8834671],[-2.914509,54.8859221],[-2.7948712,54.8872627],[-2.5694539,54.9907729],[-2.505328,54.9675637],[-2.3943181,54.9675629],[-2.2636395,54.971223],[-2.1960678,54.9992861],[-2.0877474,54.9714392],[-2.1960948,54.9993185],[-2.2636502,54.9712584],[-2.3943206,54.9675988],[-2.5053005,54.967596],[-2.5694909,54.9908019],[-2.7949671,54.8872759],[-2.9325698,54.8905032]],[[-2.8010492,54.8501605],[-2.7655144,54.826036],[-2.7746213,54.7928823],[-2.69239,54.7432315],[-2.6271328,54.6639108],[-2.5127549,54.6133104],[-2.420216,54.4751248],[-2.3652639,54.450961]],[[-2.3652167,54.4508812],[-2.3423717,54.393526],[-2.3510103,54.3725871],[-2.3182754,54.3282126],[-2.3582418,54.3026047],[-2.3646113,54.2848339],[-2.3423227,54.2557175],[-2.3737537,54.2157893],[-2.3047404,54.1529652],[-2.2738003,54.0971807],[-2.2806717,54.0311452],[-2.023036,53.9576921],[-2.0224898,53.9380917],[-1.971687,53.902746],[-1.8252988,53.8410471],[-1.688941,53.8395141],[-1.5616298,53.7925857],[-1.6922333,53.8399065],[-1.8253311,53.8410167],[-1.9716954,53.9027105],[-2.0225506,53.9380941],[-2.0235376,53.9578378],[-2.1264007,53.9809014],[-2.1812323,54.0102403],[-2.2547976,54.0164768],[-2.2849352,54.0367662],[-2.2719357,54.0897945],[-2.3028903,54.1504533],[-2.3660899,54.2075879]],[[-2.3268819,54.3212565],[-2.3582845,54.3026148],[-2.3645424,54.2842951],[-2.3423747,54.2557187],[-2.373858,54.2185417]],[[-3.934464,56.1196476],[-3.9676557,56.1907579],[-3.9405658,56.2251753],[-3.8533126,56.2552091],[-3.7673847,56.2622072],[-3.6112458,56.3309511],[-3.4325386,56.3638041],[-3.4396986,56.391899]],[[-0.7559471,53.743421],[-0.8763773,53.7040507]],[[-1.2672043,53.7387847],[-1.2209534,53.7791239],[-1.2635351,53.7438837]],[[-1.2990355,51.8392897],[-1.2801491,51.9990702]],[[-6.2773386,53.3661972],[-6.4322015,53.3846443],[-6.4641247,53.3712219],[-6.6013611,53.3764903],[-6.687679,53.4108651],[-6.837252,53.414742]],[[1.6080133,50.7128526],[1.5995507,50.7366827],[1.6145605,50.7699522],[1.7587432,50.8108189],[1.8127039,50.8454298],[1.7789525,50.8684104],[1.8130596,50.8870934],[1.8071573,50.9101367],[1.8481019,50.9342965]],[[0.1763679,51.3940711],[0.2044091,51.3633491],[0.1888033,51.3320138],[0.1977828,51.3036534],[0.1887387,51.3320152],[0.2043444,51.3633506],[0.1763484,51.3940447]],[[-2.6260151,53.5395599],[-2.6068459,53.5147902],[-2.6352418,53.5442513],[-2.6074448,53.5158191]],[[-2.5157859,53.4662825],[-2.825523,53.410575],[-2.9780256,53.4080008]],[[-2.8990677,53.7891313],[-2.9447385,53.8014175],[-2.9892567,53.8481427],[-3.0491195,53.8220604]],[[-8.5018447,54.049482],[-8.4173047,53.9793463],[-8.3094,53.9675686]],[[-2.3653301,54.4509486],[-2.4202774,54.4751056],[-2.5128047,54.613289],[-2.6271736,54.6638815],[-2.6924379,54.7432086],[-2.7746659,54.7928571],[-2.7655767,54.8260334],[-2.8711285,54.8834351],[-2.9229058,54.8858302]],[[-4.260039,55.8519448],[-4.2599678,55.8527584]],[[-4.260041,55.8517488],[-4.2601452,55.8511238]],[[-0.1461442,51.4923073],[-0.1338275,51.4664747],[-0.1432839,51.4950263]],[[-8.5004122,53.7647701],[-8.4790437,53.7587171],[-8.4891994,53.7625696]],[[-0.1231246,51.5310128],[-0.1229787,51.5338097]],[[-6.2824095,54.8629871],[-6.2922969,54.7873674]],[[-6.0880652,54.7027166],[-6.1422859,54.6970032],[-6.2124058,54.7192193]],[[-8.4855236,54.2718836],[-8.4919425,54.2680301]],[[-2.8728215,53.787118],[-2.8737948,53.7870516]],[[0.8498025,49.6366612],[0.8513851,49.6365793]],[[-1.1395581,53.5246738],[-1.1396429,53.524818]],[[-4.1438288,50.3777543],[-3.9621535,50.4082911],[-3.8873199,50.3939455],[-3.8590786,50.4011042],[-3.8372982,50.4286482],[-3.6916278,50.4340654]],[[-3.1916056,55.9519167],[-3.1941621,55.9512935]],[[-1.0754121,52.2284278],[-1.1237544,52.3059367],[-1.1984942,52.3565501],[-1.372326,52.4286882],[-1.4387022,52.4754299],[-1.456748,52.5214225],[-1.6131996,52.6281011],[-1.708621,52.6406391],[-1.8710071,52.7414802],[-1.9876967,52.788428],[-1.8711627,52.7414851],[-1.711217,52.641667],[-1.6132925,52.6280699],[-1.444334,52.5017657]],[[-1.0744954,52.2273806],[-0.908707,52.1699881],[-0.8806015,52.1436303],[-0.7435233,52.009359],[-0.7192033,51.9512233],[-0.6804951,51.931966],[-0.6537922,51.8351463],[-0.61098,51.7855995],[-0.4479735,51.7233007],[-0.3867224,51.6564083],[-0.3794038,51.6188092],[-0.2957238,51.5514814],[-0.2397171,51.5306438],[-0.1572667,51.5430328],[-0.1388907,51.5313677]],[[-0.1780276,51.5182074],[-0.1948311,51.5198223],[-0.1814743,51.5186209]],[[-1.7163491,52.7158144],[-1.6863651,52.6642307],[-1.6778462,52.5552706],[-1.7406017,52.5185831]],[[-1.7164411,52.7159712],[-1.7133783,52.7414366],[-1.6702535,52.7836848],[-1.5356338,52.8648615],[-1.3893222,52.8487771],[-1.2979608,52.8629889],[-1.2747694,52.8826347],[-1.4526927,52.9094467],[-1.4687411,52.9337437],[-1.4635399,52.9191279]],[[-0.3012747,51.4631642],[-0.298149,51.4635145]],[[-1.1432847,52.9473113],[-1.0875676,52.9602885],[-1.1622479,52.9438232],[-1.1898997,52.9595229],[-1.2772173,52.9494414],[-1.2897363,52.9670065],[-1.2726194,52.9066566],[-1.2459668,52.8974372],[-1.2607272,52.894918]],[[-1.3863463,52.5335377],[-1.5329349,52.5221838],[-1.5953997,52.499297],[-1.6746899,52.5212074],[-1.7546716,52.5185215]],[[0.1595387,52.2258319],[0.1306801,52.180068],[0.1351053,52.1570621]],[[-1.4409818,49.4704603],[-1.4871571,49.5085666],[-1.5616624,49.5018766],[-1.6722922,49.5582513],[-1.6797376,49.5861885],[-1.6185057,49.6272165]],[[-0.0811785,51.5178271],[-0.0799552,51.5199638]],[[-0.0819842,51.5179902],[0.1787673,51.5736508],[0.3265745,51.624201],[0.1790496,51.5736089],[0.0658932,51.5582205]],[[-0.0809656,51.517781],[-0.0794074,51.5209813]],[[0.0655496,51.5583272],[-0.007815,51.5385274]],[[-0.7469987,53.7470037],[-0.4514683,53.7161088],[-0.346147,53.7439172]],[[-4.39066,55.8560117],[-4.2983339,55.8484947]],[[-0.1233979,51.5311209],[-0.1233496,51.5311192]],[[2.0671701,49.981428],[1.8359854,50.0764132],[1.8156114,50.1114657],[1.7046415,50.1834348],[1.6558143,50.3363069],[1.644339,50.5111628],[1.6170401,50.5508873],[1.6180763,50.5891846],[1.6742393,50.6529272],[1.6225357,50.6848278]],[[-2.7664905,53.3562665],[-2.8803953,53.3537511],[-2.9265097,53.3937128],[-2.8824037,53.3544724],[-2.744885,53.3559676],[-2.72138,53.3263075],[-2.7448604,53.3560003],[-2.8880098,53.3577633],[-2.5912948,53.3920838],[-2.4547412,53.4295291],[-2.593228,53.3918441],[-2.8883691,53.3579736]],[[-0.0858124,51.5039051],[-0.0418631,51.4776415]],[[-3.936621,51.6326699],[-3.9370959,51.6443874],[-3.8944621,51.6594166],[-3.809619,51.6670476],[-3.822147,51.6311663],[-3.7338023,51.5340821],[-3.5982552,51.5224086],[-3.563944,51.5027868],[-3.4245715,51.5363314],[-3.3711436,51.5162421],[-3.3271089,51.4781761],[-3.1640404,51.4791194],[-3.0119923,51.5516859],[-3.001779,51.5872737]],[[-0.0953826,51.5042505],[-0.0412916,51.4768043],[-0.0544784,51.427221]],[[-0.0857894,51.5039224],[-0.081036,51.5023107]],[[-0.1342663,51.479769],[-0.1148819,51.5003529]],[[-2.9785805,53.4075342],[-2.978591,53.4075065]],[[-0.3461872,53.7440441],[-0.3461971,53.7440746]],[[-0.4479036,51.3963453],[-0.3394013,51.4384612]],[[-2.5515988,53.2482514],[-2.5519347,53.2481795]],[[-2.2303403,53.4776059],[-2.2262038,53.4766256]],[[0.2671828,51.1245305],[0.2781357,51.1823226]],[[1.807635,50.917037],[1.8193296,50.9295406],[1.8073312,50.9169982]],[[-2.9325984,54.8904814],[-2.9306529,54.8889487]],[[-0.4454212,51.4596963],[-0.4602784,51.4693122]],[[-0.1761204,51.5167457],[-0.1810431,51.5186142]],[[0.3233113,51.4364624],[0.3092569,51.4543135],[0.3317701,51.4407321],[0.1976495,51.4511924],[0.2098533,51.4499212]],[[-0.0795913,51.5199387],[-0.0807541,51.5177449]],[[-0.4451015,51.4595207],[-0.4532241,51.4569321]],[[-0.1330172,51.4801702],[-0.1146656,51.5005124]],[[-0.176152,51.5167276],[-0.1805549,51.5185828]],[[-0.1523602,51.5558126],[-0.1502955,51.5553915]],[[-0.0323412,51.4766311],[-0.0377378,51.4821805]],[[-2.0983045,57.1432102],[-2.0983511,57.143193]],[[-4.2209528,57.4812051],[-4.1599109,57.4760513],[-4.0845369,57.4928031],[-4.0654538,57.4828548],[-4.2103998,57.4824155],[-4.0477905,57.5370038],[-4.0628734,57.5300266]],[[-0.1263567,51.5327124],[-0.1289575,51.5371497]],[[-0.1445228,51.4949862],[-0.1482978,51.4901825]],[[-0.1765898,51.5168398],[-0.1766342,51.5168183]],[[-0.1768301,51.5166956],[-0.2351815,51.5256419],[-0.4261063,51.5034292]],[[-0.1771699,51.5165281],[-0.1851102,51.5186547]],[[-0.4905452,51.4721111],[-0.4602968,51.4693379]],[[-0.4905293,51.472298],[-0.4837255,51.4723114]],[[-0.1770018,51.5165941],[-0.184503,51.5186569]],[[0.6109764,51.3665626],[0.5582227,51.3869628],[0.5267966,51.3780502],[0.4937732,51.3970729],[0.4539948,51.3781089],[0.2855019,51.3995022],[0.3182317,51.422168],[0.347019,51.4179778],[0.3104952,51.4533824]],[[-1.6177518,54.9684002],[-1.6191446,54.9671993]],[[-0.1235588,51.5311242],[-0.1058111,51.578647],[-0.1685747,51.6405637],[-0.221779,51.7486744],[-0.1974849,51.8130989]],[[-0.1231747,51.5310147],[-0.1231547,51.5344227]],[[-7.313099,54.9927807],[-7.3127415,54.9935577]],[[-0.1346379,51.4796459],[-0.1905672,51.4607317],[-0.2687677,51.4679774],[-0.3382399,51.4481202],[-0.5394543,51.4317798],[-0.5641018,51.39746],[-0.595086,51.3852633],[-0.681131,51.4068742],[-0.8415594,51.4089302],[-0.8048519,51.3470842],[-0.7451436,51.3060016],[-0.7221311,51.2558384],[-0.5802333,51.2352735],[-0.7220804,51.2558489],[-0.7450786,51.3060173],[-0.8048277,51.3470997],[-0.8415168,51.4089469],[-0.6791165,51.4067102],[-0.5950803,51.3852902],[-0.564163,51.3974731],[-0.5394434,51.431805],[-0.3192866,51.4559133]],[[-8.3002247,51.8487404],[-8.3250682,51.8573705],[-8.318779,51.9099756],[-8.4533768,51.9024075],[-8.2695766,51.9154696]],[[-0.1994746,51.8892077],[-0.2073257,51.9015415]],[[-4.2576002,55.8597015],[-4.2574482,55.8596693]],[[-2.2726547,53.3649546],[-2.2681122,53.365641]],[[-0.1342482,51.5280091],[-0.1388343,51.5312197]],[[-4.2232908,57.4796325],[-4.2103998,57.4824155]],[[-0.1335704,51.5287365],[-0.1602103,51.5429078]],[[-0.1193731,51.596588],[-0.1101973,51.5833744]],[[-5.5328423,50.121941],[-5.5291045,50.1247232]],[[-0.1770416,51.5165727],[-0.1810393,51.5183855]],[[-3.9408846,51.6254327],[-3.9383325,51.6387302],[-4.2578888,51.6836044],[-4.3172603,51.7342533],[-4.3631073,51.7401607],[-4.3737394,51.7588633],[-4.3128715,51.8367027],[-4.3184521,51.8493059],[-4.5747212,51.8146616],[-4.8875036,51.8531584],[-4.9627087,51.7975394],[-4.9542429,51.805403]],[[0.0051894,51.4459634],[0.0078636,51.4503188]],[[-0.049533,52.5522696],[-0.1223783,52.5493915],[-0.2528852,52.5779732]],[[-0.2523411,52.5771893],[-0.2867152,52.6260296],[-0.2886542,52.6134384],[-0.4644298,52.710452],[-0.5296928,52.8011123],[-0.610444,52.8563974],[-0.6364072,52.9016675],[-0.610444,52.8563974]],[[1.2596932,51.9459265],[1.0749256,51.9429233]],[[-4.6257102,55.4582341],[-4.6241321,55.4597959]],[[0.3306248,51.4413885],[0.4529609,51.4347059],[0.5014928,51.3976497],[0.4539891,51.4344325],[0.3317701,51.4407321]],[[-1.2073524,54.6867735],[-1.2127478,54.7060719],[-1.2525835,54.7197125],[-1.3152121,54.7760547],[-1.3152452,54.8056368],[-1.3576338,54.847287],[-1.3870923,54.930583],[-1.4498024,54.9584944],[-1.5564746,54.9516322],[-1.6076576,54.9662361],[-1.6276892,54.947546],[-1.756388,54.9783893],[-1.9264093,54.945117],[-2.0886955,54.9716267]],[[-1.6682735,55.1681786],[-1.6324017,55.1857907],[-1.6127479,55.2304005],[-1.6482699,55.2553572],[-1.6544785,55.2788592],[-1.6522002,55.3286581],[-1.6224181,55.3734008],[-1.6412199,55.4000942],[-1.6219551,55.4309651],[-1.6702518,55.5080969],[-1.8452417,55.6256961],[-1.8757202,55.6651022],[-2.01078,55.7612572],[-2.0093785,55.7857416],[-2.0771401,55.8436554],[-2.1343415,55.8317676],[-2.3168592,55.8844843],[-2.3658591,55.9405413],[-2.5208371,55.9989745],[-2.5102603,55.9969911]],[[-0.9715045,51.4586959],[-0.9656965,51.4585078]],[[-0.971547,51.4587809],[-0.8415168,51.4089469]],[[-0.1125883,51.5028406],[-0.2244719,51.4105704],[-0.449116,51.3652983],[-0.5745493,51.3119325],[-1.0827775,51.2696157]],[[-1.1088043,50.7966803],[-1.1046684,50.7965985]],[[-8.5191148,51.9401034],[-8.4603439,51.9023641]],[[0.0207593,51.4317094],[0.0654542,51.3981134]],[[-1.1956821,52.7741078],[-1.184206,52.7287611],[-1.1584769,52.7024145]],[[-0.1341306,51.5287035],[-0.1369078,51.5305065]],[[-0.0492051,52.5522776],[0.0937949,52.5594646],[0.2828546,52.4241972],[0.2918838,52.4053476],[0.262717,52.3868277],[0.2128933,52.2872112],[0.1568545,52.2211106]],[[-2.3925373,53.1518989],[-2.4347447,53.0926306]],[[-0.1450843,51.4946223],[-0.148098,51.490935]],[[-0.1450457,51.4946112],[-0.1470977,51.4919615]],[[-7.2444671,52.6547404],[-7.1816667,52.6381989],[-7.148542,52.5308009],[-7.1882378,52.4704506]],[[-7.2444946,52.6547143],[-7.2414851,52.6540731]],[[-3.1877171,55.9522383],[-3.1840425,55.9525552]],[[-4.2512465,55.8621228],[-4.2509517,55.8622487]],[[-0.1607687,51.1581805],[-0.1606666,51.1584099]],[[-2.7069619,53.7541419],[-2.7066139,53.7529296]],[[-0.1413635,50.8291434],[-0.166635,50.8344023]],[[-2.173684,52.1574698],[-2.2100317,52.1965045],[-2.1540439,52.2724122],[-2.214698,52.3231059],[-2.2385493,52.3842851],[-2.1599545,52.4158169],[-2.1329476,52.4546691],[-2.0370341,52.4743609],[-1.994672,52.5009768],[-1.9293619,52.4963895],[-1.8101411,52.444461],[-1.7166925,52.3172952],[-1.6813084,52.2969941],[-1.5335243,52.2844117]],[[1.8499629,50.9533336],[1.8463206,50.9429621]],[[0.1210182,51.4911182],[-0.0530533,51.51999],[-0.1702946,51.5117627],[-0.2120027,51.5241519]],[[0.1210457,51.4912252],[-0.0446375,51.5177075],[-0.0103362,51.5363061]],[[-0.0805615,51.5177058],[-0.0796329,51.5201926]],[[-2.5804591,51.4479599],[-2.5799612,51.4465626]],[[-2.9868154,51.5937417],[-2.9631772,51.6234255],[-3.0120564,51.6437168],[-3.02089,51.6864676],[-2.9720812,51.7465667],[-2.9722185,51.7794146],[-3.0079689,51.8095875],[-2.9890582,51.882065],[-2.805241,51.9775763],[-2.7525172,52.0235324],[-2.6967816,52.0397304],[-2.7153718,52.0674645],[-2.6975222,52.0781237]],[[-0.0766787,51.3940326],[-0.0878111,51.391203]],[[2.0202852,50.8196114],[1.9060438,50.8327664],[1.8363761,50.8624369],[1.8140732,50.8990324],[1.8135755,50.8888186]],[[2.0202888,50.8195713],[1.8813202,50.8413464],[1.8363216,50.8624173],[1.784272,50.921333],[1.8068099,50.9161666],[1.8253492,50.9343742],[1.833047,50.926853],[1.8113839,50.9157317],[1.78381,50.921668],[1.811298,50.915638],[1.8341344,50.9327499],[1.787416,50.920209]],[[-1.4852789,54.9774997],[-1.5237737,54.9734601]],[[-1.1427002,52.9475147],[-1.1406932,52.9475074]],[[-0.1243151,51.532374],[-0.1234327,51.5343656]],[[-1.1935406,52.7798842],[-1.2060154,52.8042675],[-1.1827916,52.8426069]],[[-6.2491595,53.3516317],[-6.1929795,53.3087859],[-6.0964423,53.2718244],[-6.1151512,53.2320753],[-6.0781334,53.1894422],[-6.0756935,53.1567727],[-6.0380985,53.0917955],[-6.0511046,52.9883489]],[[-0.1366451,51.5304997],[-0.1336149,51.5287165]],[[-8.2382426,51.9177605],[-8.1812206,51.9209282]],[[-5.7986998,54.8477611],[-5.8078572,54.8505288]],[[-6.2934072,53.3463015],[-6.2998911,53.3458041]],[[-8.3046444,51.8479666],[-8.3251175,51.8573862],[-8.324182,51.9111196]],[[-6.5232517,53.3225808],[-6.5209569,53.3239888]],[[-2.2358183,51.8644971],[-2.2309482,51.8627182]],[[-2.0697754,53.4838366],[-2.2119722,53.4966036],[-2.2750145,53.4841619],[-2.2536511,53.4747197],[-2.3106015,53.455059],[-2.4547412,53.4295291]],[[-0.0819261,51.517979],[-0.0800872,51.5206635]],[[-5.9400453,54.59521],[-5.9399325,54.5951588]],[[-5.9398869,54.595136],[-6.0435242,54.5143211]],[[-5.9397311,54.5950635],[-6.0334593,54.5165842],[-6.2719368,54.4912961],[-6.447573,54.4239502],[-6.3695212,54.3465874],[-6.3690052,54.1987332],[-6.3389741,54.1383952],[-6.3941977,54.0946969],[-6.3717231,54.0609433],[-6.4116063,54.0169712],[-6.4256969,53.8575864],[-6.3218079,53.7797259],[-6.3368241,53.7126633],[-6.2702539,53.6977842],[-6.2135234,53.6338464],[-6.1164334,53.5711106],[-6.1478471,53.5102142],[-6.1494777,53.400633],[-6.1477875,53.5102122],[-6.1163837,53.5711211],[-6.2130499,53.6335133],[-6.2702158,53.6978138],[-6.3374831,53.7144189]],[[-5.9397711,54.5950834],[-5.942945,54.5930423]],[[-5.9396202,54.5950106],[-5.9421926,54.5933756]],[[-5.9395768,54.5949881],[-5.9394767,54.5949405]],[[-0.1241434,51.5323358],[-0.1234918,51.5344115]],[[-0.1436392,51.4943107],[-0.1341275,51.4666974],[-0.1011801,51.452452],[-0.1022275,51.4678385]],[[-0.1433243,51.495038],[-0.1434111,51.4951407]],[[-0.4439968,51.3984673],[-0.3444077,51.4351015]],[[-1.2607175,51.740344],[-1.2383474,51.7057445],[-1.2367041,51.6093762],[-1.244619,51.6208762]],[[-3.940857,51.6254157],[-3.938037,51.6287217]],[[-1.4622477,53.37704],[-1.4615621,53.3798904]],[[-6.8081015,53.1855231],[-6.4996308,53.3338218],[-6.3579795,53.3355729],[-6.4634921,53.3357635]],[[-4.1392938,53.2235166],[-4.1386671,53.2233753]],[[-3.1900605,55.9520491],[-3.1940618,55.9512667]],[[-3.1900296,55.951999],[-3.2749623,55.9329129],[-3.3329833,55.9455808],[-3.4051488,56.0233008],[-3.3914104,56.0412639],[-3.1724601,56.07038],[-3.1675873,56.1104226],[-3.1259319,56.1277398],[-3.1216326,56.1792961],[-3.1414173,56.2442118],[-3.1175999,56.2801164],[-2.9770282,56.3248657],[-2.8908245,56.3786966],[-2.9763856,56.4126843],[-2.9926646,56.4496733],[-2.9713042,56.4564967]],[[-2.9712688,56.4564695],[-2.6829131,56.5074327],[-2.5934161,56.5555817],[-2.5963314,56.5991705],[-2.4619591,56.6908718],[-2.5963743,56.5991941],[-2.5934735,56.555607],[-2.6829363,56.507467],[-2.9779808,56.4545695]],[[-3.1899773,55.9519068],[-3.1947016,55.9510801]],[[-4.2515121,55.8621491],[-4.226284,55.9032975],[-3.9771333,55.979599],[-3.8544759,55.9961367],[-3.7227644,55.9854849],[-3.8337587,56.0125068],[-4.222228,55.9048311],[-4.2501629,55.8645392]],[[-4.2513018,55.8621298],[-4.2503325,55.8643732]],[[-3.4397554,56.3918862],[-3.4719592,56.4333969],[-3.4714809,56.4668014],[-3.4413037,56.4902832],[-3.4682213,56.5308155],[-3.533265,56.5334288],[-3.6176983,56.5636182],[-3.6414487,56.6293588],[-3.7156674,56.6974968],[-3.7626761,56.7134282],[-3.7735547,56.7424714],[-3.8456558,56.7649439],[-3.9623276,56.7672999],[-4.0223483,56.7931221],[-4.2033599,56.8240691],[-4.2457799,56.8499134],[-4.2576168,56.8774797],[-4.2390928,56.9137071],[-4.2451805,56.9367344],[-4.1811746,56.9807122],[-4.1554876,57.0358235],[-4.0946488,57.0711356],[-4.0494319,57.0785821],[-4.059681,57.0767813]],[[-4.2514645,55.8630992],[-4.2503627,55.864329]],[[-2.0981688,57.1432606],[-2.0969852,57.1408618]],[[-6.2960263,53.3464169],[-6.3050805,53.3446877]],[[-6.296062,53.3464689],[-6.2960605,53.3465459]],[[-3.1870367,55.9524732],[-3.1839281,55.9526349]],[[-4.2576579,55.8596993],[-4.2578327,55.8597253]],[[-4.2580821,55.859695],[-4.2582189,55.857909]],[[-4.258043,55.8596956],[-4.2578951,55.8597232]],[[-4.2587819,55.8583118],[-4.259091,55.8557864]],[[-3.1899584,55.9518706],[-3.3189635,55.9263258],[-3.3974657,55.9343033],[-3.3157626,55.9266959],[-3.2230806,55.9444154]],[[1.7293906,49.497089],[1.6830089,49.57161],[1.531485,49.6258138]],[[-3.1911483,55.9515217],[-3.3196293,55.9000477],[-3.4514822,55.8842941]],[[-1.9807195,52.3969353],[-1.9270254,52.4167677],[-1.9377993,52.4492863],[-1.8965496,52.4780072]],[[-1.8363852,52.4532367],[-1.9656375,52.5058335],[-2.1329107,52.4546516],[-2.1599513,52.4157754],[-2.2424494,52.3723078],[-2.2146388,52.3231099],[-2.1562862,52.2699691]],[[-4.2515633,55.8621555],[-4.2505931,55.8640675]],[[-4.625976,55.4582526],[-4.6243299,55.4596554]],[[-3.1894035,55.9517685],[-3.1936537,55.9512241]],[[-4.2510068,55.8622534],[-4.2504107,55.8641065]],[[-4.7326367,56.0040063],[-4.6288609,55.9522045],[-4.4278907,55.912408]],[[0.7959126,51.530893],[0.4990861,51.5597819],[0.4247783,51.5234462],[0.4123275,51.4835139],[0.3673189,51.4576656],[0.3244398,51.4760739],[0.2421586,51.4771719],[0.187257,51.5187025],[0.0770914,51.5412427]],[[-0.0779551,51.5114471],[-0.0626425,51.5114514]],[[-0.0780103,51.5113387],[-0.0615748,51.5115044]],[[-0.081246,51.5178443],[-0.0798833,51.5205738]],[[-4.2234077,57.4796802],[-4.2182471,57.4818394]],[[-2.1198344,52.5874417],[-2.0772503,52.5345149],[-1.9031795,52.4783319]],[[-3.8429319,56.0507191],[-3.9325583,56.117895]],[[-2.199711,51.2663223],[-2.2058515,51.2367343],[-2.1803079,51.2090373],[-2.1153533,51.1787659],[-2.0500935,51.1498203],[-1.8906737,51.1184752],[-1.8476225,51.0812463],[-1.7859902,51.0775562]],[[-4.0009216,55.830456],[-4.0011912,55.8308833]],[[-0.1773327,51.5164371],[-0.1813467,51.5183438]],[[-0.1341899,51.5286871],[-0.1373451,51.5306892]],[[-0.0037476,51.5426982],[-0.0120827,51.5419451]],[[-7.1183875,52.2664882],[-7.14184,52.2835999],[-7.177829,52.3866781],[-7.2084902,52.412945],[-7.1897324,52.4643432]],[[-2.2725709,53.3652184],[-2.2676111,53.3657316]],[[-4.6295561,53.3087256],[-4.6284481,53.303659]],[[-2.7486299,52.7113632],[-2.7470133,52.710138]],[[-4.4166861,52.8880187],[-4.1391226,52.931091]],[[-2.2305152,53.4773335],[-2.2257761,53.4762988]],[[-2.4327007,53.0886908],[-2.4314885,53.0867419]],[[-5.0412406,51.714688],[-4.996479,51.7432835],[-5.0114192,51.774427],[-4.9627087,51.7975394]],[[-1.5371083,52.2845185],[-1.5408607,52.2846949]],[[-0.1410108,50.8291176],[-0.163365,50.8937527],[-0.123006,50.960516],[-0.0220026,50.9145004],[0.0132681,50.8707488]],[[-0.1410631,50.8291208],[-0.1558164,50.8479891]],[[-0.5460113,50.8101792],[-0.5502384,50.8114779]],[[-2.4542811,50.6155576],[-2.4570612,50.618044]],[[-0.9737427,51.4589916],[-0.9762598,51.4593813]],[[-2.9780396,53.4079739],[-2.8255108,53.4105398],[-2.5907227,53.4557447]],[[-1.90059,52.478104],[-1.896051,52.4780501]],[[-0.1344012,51.5283954],[-0.1381605,51.5310141]],[[-2.2304286,53.4774677],[-2.1909456,53.4714614]],[[-2.4334454,53.0899564],[-2.6716218,53.1346048],[-2.7348096,53.1325827],[-2.8516784,53.1900699],[-2.8994608,53.1913717]],[[-4.3052552,51.8536942],[-4.5747239,51.8146954],[-4.8866202,51.8529347]],[[-4.3053271,51.8535766],[-4.3736927,51.7588608],[-4.3630798,51.7401879],[-4.3172332,51.7342716],[-4.257893,51.6836308],[-3.9367884,51.6336651]],[[-1.7804912,51.5673349],[-1.7890188,51.5643634]],[[-3.9344164,56.1196631],[-3.9329474,56.1182836]],[[-4.3258776,55.8827209],[-4.3205835,55.8970274],[-4.3368907,55.905435],[-4.4286143,55.9124614],[-4.2970638,55.8633877],[-4.1544476,55.8535394],[-3.9535273,55.8661247],[-3.8986785,55.8890062],[-3.7658937,55.8810987],[-3.5529904,55.8987109],[-3.3954344,55.9344591]],[[-4.3138852,55.8776742],[-4.2963797,55.863312],[-4.1309931,55.8545584],[-3.953577,55.8661596],[-3.8987993,55.8890218],[-3.7658964,55.8811389],[-3.5530234,55.8987541],[-3.3984062,55.934229],[-3.5236475,55.9783578],[-3.6278388,55.974203],[-3.8412477,55.9963614],[-3.9016146,55.9859075]],[[-0.4950811,51.9681192],[-0.4960466,51.938378],[-0.4182449,51.8832634]],[[-0.2119027,51.5241906],[-0.1701781,51.5119034],[-0.0446375,51.5177075]],[[-0.02983,51.661938],[-0.0603229,51.5854779],[-0.0590202,51.523862]],[[-0.9239842,51.4600414],[-0.7180998,51.5192286],[-0.7306398,51.5169981]],[[-0.5111548,52.1652712],[-0.4769757,52.1303877],[-0.5133819,52.0362671],[-0.493645,52.0020671],[-0.4950811,51.9681192]],[[-2.2844621,53.4802635],[-2.3656192,53.4842938],[-2.5896822,53.455865]],[[-2.2917977,53.4619559],[-2.4552252,53.4293844]],[[-3.9360383,56.1212282],[-3.9677396,56.190803],[-3.9406049,56.2252176],[-3.8533412,56.2552463],[-3.7673748,56.2622398],[-3.6112772,56.3309876],[-3.432586,56.3638349],[-3.4384577,56.3899163]],[[-3.4187687,56.3845953],[-3.3098476,56.3745487],[-3.0855998,56.4513856],[-2.979023,56.4542983]],[[-2.4187696,51.8288563],[-2.2750076,51.8726138],[-2.2401819,51.8671435]],[[-2.218855,51.8622596],[-2.2309537,51.8626817],[-2.218855,51.8622596]],[[-0.4644873,52.7104315],[-0.2744186,52.6046239],[-0.2435695,52.5581329],[-0.2886542,52.6134384]],[[-2.618883,53.366097],[-2.6533029,53.3342109],[-2.6303283,53.285077],[-2.5051574,53.2028692],[-2.4312937,53.0867536],[-2.4899128,53.1854627]],[[-2.1576226,52.2689124],[-2.1560536,52.2700511]],[[-1.5257349,51.8816048],[-1.5975123,51.8688772],[-1.6714388,51.9448597],[-1.7104688,52.018566],[-1.7844287,52.0822947],[-1.843569,52.1033186],[-1.9426141,52.0975388],[-2.1715611,52.1568566],[-2.2075084,52.2010745],[-2.2807982,52.1726365],[-2.3170595,52.1353661],[-2.3249383,52.0937288],[-2.4028499,52.044629],[-2.6967028,52.0789417]],[[-0.1886021,51.3602632],[-0.1884216,51.360301]],[[-0.0870635,51.3899888],[-0.0869222,51.3870789]],[[-0.1372374,51.4202855],[-0.0769782,51.3937416]],[[-0.138787,51.4252931],[-0.1372374,51.4202855]],[[-1.3477283,51.8105279],[-1.2947548,51.7924188]],[[-1.3941298,51.8326385],[-1.3477283,51.8105279]],[[-1.3695521,53.1114978],[-1.4202851,53.2202971],[-1.4190183,53.2553064],[-1.3451317,53.2858509],[-1.3279051,53.3444094]],[[-1.2645895,52.8707914],[-1.2459581,52.8187633],[-1.1187894,52.7393228],[-1.0831472,52.6963852]],[[-1.530879,52.866382],[-1.3892662,52.8488186],[-1.298025,52.8630148],[-1.2748091,52.8826914],[-1.4613604,52.9124956]],[[-1.3405148,53.0736053],[-1.3695521,53.1114978]],[[-1.4202314,53.2202954],[-1.3652399,53.09516],[-1.340455,53.0736045],[-1.3291577,53.0132903],[-1.2904252,52.9694881],[-1.2673472,52.8763709]],[[-0.389894,51.3176486],[-0.4507742,51.2725967],[-0.5819644,51.2391515]],[[-0.0130249,51.458399],[-0.00233,51.4530924]],[[-2.3499877,51.3825593],[-2.4318471,51.3903159],[-2.5782987,51.4508243]],[[-1.3139093,53.4645216],[-1.3219078,53.4585145]],[[-0.1465731,51.4749391],[-0.1905817,51.4606601],[-0.2457388,51.467575]],[[-1.112947,51.2669352],[-1.2534808,51.2061086],[-1.3097514,51.1008626],[-1.3514108,50.964093],[-1.3886954,50.921023],[-1.3426897,50.8759706],[-1.2929287,50.8859436],[-1.1897307,50.8517242],[-1.0428116,50.838826],[-1.0540744,50.8340535]],[[-1.2586261,51.1947924],[-1.2260435,51.2288309],[-1.085229,51.2688966]],[[-1.3261075,51.0505715],[-1.2586261,51.1947924]],[[-0.9000803,51.4387781],[-0.9509032,51.4579008]],[[-0.8547706,51.4204275],[-0.9000803,51.4387781]],[[-0.3484232,51.3630295],[-0.389894,51.3176486]],[[-2.5616132,51.5239952],[-2.71953,51.585],[-2.9855015,51.5911646]],[[-2.5407258,51.4455608],[-2.4318187,51.3903461],[-2.3546148,51.3784857],[-2.2611608,51.4173025],[-2.1395545,51.439045],[-2.032294,51.5141514],[-1.9116621,51.5367956]],[[-4.1741825,55.8198574],[-3.8621936,55.8003885],[-3.8106411,55.8176916],[-3.688344,55.8212633],[-3.4524604,55.8840723]],[[-1.5773602,50.8125498],[-1.5033808,50.8444869],[-1.5250038,50.8919638],[-1.5003305,50.9145203],[-1.4175473,50.9074512]],[[-1.6179178,50.7797992],[-1.5722675,50.8175486]],[[1.0559084,51.0921924],[0.9374741,51.1123055],[0.8716687,51.1449489],[0.9373721,51.112186],[1.0912233,51.0912073]],[[0.5007594,51.3448647],[0.4557091,51.3916857],[0.347019,51.4179778]],[[0.2833027,51.3999929],[0.1589664,51.3921727],[-0.0031325,51.4085351],[0.0165689,51.4000875],[0.0699907,51.3930153],[-0.0547782,51.4900213]],[[-0.0917753,51.4412929],[-0.1338275,51.4664747]],[[-0.0573346,51.4211797],[-0.0012451,51.4079004]],[[-0.0289341,51.6680117],[-0.02983,51.661938]],[[-0.2845514,51.0866051],[-0.2208177,51.1134963],[-0.1610816,51.1163939],[-0.1607999,51.0879824]],[[-0.5329893,50.8244644],[-0.372878,50.818737],[-0.1731909,50.8356364]],[[-0.3324388,51.2751628],[-0.3333509,51.2982385],[-0.2652867,51.3361368],[-0.2347565,51.4059189],[-0.1984045,51.4282306]],[[-0.3317811,51.2708839],[-0.3324388,51.2751628]],[[-0.3096554,51.2334197],[-0.3317811,51.2708839]],[[-2.7823011,51.5840637],[-2.7150351,51.5907806],[-2.6638484,51.6185102],[-2.6686322,51.6430746],[-2.4514541,51.752428],[-2.4558742,51.8044325],[-2.4187696,51.8288563]],[[-0.0315367,51.5291952],[0.0043299,51.5457244]],[[-0.6531215,52.5730787],[-0.6889621,52.5235742],[-0.6947254,52.472387],[-0.7437357,52.433245],[-0.7365933,52.400652],[-0.6938969,52.3567973],[-0.6745933,52.3012725],[-0.5317001,52.2256986],[-0.5111548,52.1652712]],[[-1.5321838,53.6588828],[-1.3818188,53.7216341],[-1.2632083,53.7440655],[-1.2387896,53.7677035],[-1.2102635,53.8589491],[-1.0990465,53.9538847]],[[-1.4361755,53.6908246],[-1.5587024,53.6561047],[-1.7167058,53.6792047],[-1.5321838,53.6588828],[-1.5475325,53.604769],[-1.4777862,53.5561637],[-1.5474826,53.6047894],[-1.5325542,53.6586492]],[[-1.4265919,53.6975115],[-1.4361755,53.6908246]],[[-1.3564814,53.7237694],[-1.4265919,53.6975115]],[[-1.4913802,53.6673996],[-1.322295,53.6038863],[-1.1973311,53.579711],[-1.1414986,53.534759],[-1.1396389,53.5141855],[-1.0253458,53.4472178],[-0.962519,53.3265865],[-0.9232352,53.3034725],[-0.9162895,53.2761911],[-0.8150306,53.1758789],[-0.8042504,53.0897116]],[[-1.517573,53.7043507],[-1.4913802,53.6673996]],[[-1.5531477,53.7367986],[-1.5183755,53.7252497],[-1.517573,53.7043507]],[[-1.4695975,53.7648873],[-1.3814411,53.7217145]],[[-1.3591984,53.7147337],[-1.3056094,53.6983755],[-1.0677736,53.6935197]],[[-1.3551146,53.7240548],[-1.3564814,53.7237694]],[[-0.6173072,52.6132317],[-0.6975237,52.6282816]],[[-0.4773113,52.648418],[-0.6173072,52.6132317]],[[-0.9928228,53.6003727],[-1.1740351,53.5048401],[-1.3056712,53.4874918],[-1.3130477,53.60148],[-1.2022723,53.5808271],[-1.1415331,53.5347393],[-1.1400932,53.5190842]],[[-1.2499577,53.7028295],[-1.3080566,53.6981123],[-1.3569964,53.7236825]],[[-1.3056537,53.4871317],[-1.3139093,53.4645216]],[[-1.0596533,51.3281049],[-1.0619102,51.3502493],[-1.0072946,51.3970645],[-0.9972312,51.4416931],[-1.0672366,51.4342999],[-1.1758421,51.3957544],[-1.5188302,51.4152959],[-1.5686041,51.4056306],[-1.6258368,51.3586002],[-1.6740983,51.3696959],[-1.7851416,51.3374978],[-1.9663248,51.3206685],[-2.0078983,51.2924478],[-2.1783684,51.2708808]],[[-1.0555539,51.3195864],[-1.0596533,51.3281049]],[[-0.6481394,52.913942],[-0.6474075,52.9756197],[-0.7977588,53.0783174]],[[-1.5675101,53.7917412],[-1.577666,53.7747978],[-1.5531477,53.7367986]],[[-1.5926952,53.7488884],[-1.6578359,53.6748981]],[[-0.3241535,51.0608209],[-0.3362108,51.1506225],[-0.2995935,51.1945264],[-0.3096554,51.2334197]],[[-0.4423803,51.014836],[-0.3241535,51.0608209]],[[-2.5611231,51.5225391],[-2.5762507,51.4802676],[-2.5645137,51.4577866],[-2.5762799,51.4514122]],[[-2.5612827,51.5076718],[-2.5761546,51.48019],[-2.5670605,51.4541985]],[[-0.0780267,51.5008948],[-0.0468586,51.486619]],[[-0.1483341,51.2661666],[-0.1502935,51.3010352],[-0.0960466,51.3500499],[-0.0869833,51.3871454],[-0.1389177,51.4239111]],[[-0.151185,51.2614458],[-0.1689943,51.2375392],[-0.2696789,51.2469506],[-0.4785284,51.207475],[-0.5777049,51.2200463],[-0.624945,51.1809633],[-0.6415228,51.1421648],[-0.7112814,51.0917957],[-0.8697548,51.0526358],[-0.9569987,50.9879604],[-0.9508861,50.9005664],[-0.97705,50.8541481],[-0.6437469,50.8308016]],[[-0.1587579,51.2508157],[-0.1639675,51.2424432]],[[0.0023853,51.2138472],[-0.1664817,51.238483],[-0.1610816,51.1163939]],[[0.0891761,51.205451],[0.0023853,51.2138472]],[[0.2405676,51.1916847],[0.0891761,51.205451]],[[0.264583,51.1918715],[0.2405676,51.1916847]],[[-2.3723685,50.7034058],[-2.3237163,50.7017582]],[[-0.0199212,51.4678999],[-0.0168506,51.4589701]],[[-0.1374556,51.421402],[-0.1065189,51.4386051]],[[-0.1019008,51.4640583],[-0.1022858,51.467836]],[[-2.2250745,53.3301175],[-2.18511,53.3789965],[-2.1301533,53.3456134],[-2.1437651,53.2801805],[-2.1200476,53.2505781],[-2.1609356,53.1823353],[-2.2442842,53.1106027],[-2.2441472,53.0857953],[-2.3527624,53.0827359],[-2.2442968,53.0858998],[-2.2443116,53.1106237],[-2.1609844,53.1823464],[-2.1210582,53.2477746],[-2.1438218,53.2801812],[-2.129562,53.3442154],[-2.1871784,53.3771917],[-2.2483208,53.2860995],[-2.2941,53.2590971],[-2.378,53.171607],[-2.4307392,53.0860961]],[[0.7133287,51.3483994],[0.6072429,51.3686863]],[[-0.2714893,51.9632153],[-0.2657087,51.955625]],[[-0.2660472,51.9559927],[-0.2526613,51.9702906],[-0.271343,51.9624964]],[[-1.0890473,53.7152138],[-1.0539284,53.7872632],[-0.7359047,53.7485656]],[[-1.5271759,54.6735294],[-1.5393327,54.7211102],[-1.6047125,54.7412294],[-1.6069452,54.7667329],[-1.5827398,54.7786341]],[[-1.1771807,53.8562988],[-1.1676913,53.8907722],[-1.0960844,53.9555622]],[[-1.1054902,53.9623457],[-1.3874357,54.2413189],[-1.4444946,54.3369077],[-1.3502723,54.4621048],[-1.3568787,54.5157942],[-1.3195672,54.5535194],[-1.3331885,54.5957687],[-1.2851855,54.6029955],[-1.2003383,54.658779],[-1.2054285,54.6873104]],[[-1.57769,55.0268893],[-1.5963746,55.0838096],[-1.651208,55.1081667],[-1.6863267,55.1588294],[-1.6677738,55.1689361],[-1.6795662,55.1631914]],[[-3.1499466,55.9563764],[-3.0511316,55.9290976],[-2.7752689,56.0066605],[-2.7057007,56.0054552],[-2.6536047,55.9847396],[-2.5208371,55.9989745]],[[-0.2474565,51.4688362],[-0.3014371,51.4896904],[-0.3774272,51.452105]],[[-1.6510657,55.1081118],[-1.596313,55.0838165],[-1.597427,55.0569872],[-1.5589535,55.0116963],[-1.5631599,54.9913548],[-1.613097,54.968625],[-1.5603817,54.9957793],[-1.57769,55.0268893]],[[-2.997113,51.5905737],[-2.7195012,51.5850294],[-2.5895723,51.5434702],[-2.5477202,51.5146057]],[[-2.4091922,51.6398037],[-2.417286,51.6834085],[-2.3007366,51.7386316],[-2.2276055,51.8547498]],[[-3.9865562,52.5547836],[-3.9213422,52.5687987]],[[-2.6003053,53.4604346],[-2.6229852,53.436376],[-2.6000155,53.4012835],[-2.618883,53.366097]],[[-2.6403682,53.580759],[-2.6352418,53.5442513]],[[-2.6731514,53.6666977],[-2.6403682,53.580759]],[[-2.7063781,53.7517214],[-2.6731514,53.6666977]],[[-2.007737,54.9648137],[-1.9263951,54.945152],[-1.8565378,54.9693672],[-1.7563701,54.9784238],[-1.6276838,54.947579],[-1.6151728,54.9605848]],[[-3.7317079,55.6904078],[-3.6602424,55.6872729]],[[-4.0166262,55.8035095],[-3.8782783,55.7566269],[-3.9453125,55.7812322],[-3.9680108,55.8104378],[-3.945346,55.781203],[-3.8803598,55.7571721]],[[-1.5415775,52.2847629],[-1.5390227,52.2847721]],[[-1.5454807,52.2855992],[-1.5415775,52.2847629]],[[-1.8820545,52.4812805],[-1.7916967,52.4820613],[-1.7219893,52.448027]],[[-1.8094097,52.4850021],[-1.7305932,52.4545908],[-1.6411123,52.3958734],[-1.5179616,52.401337]],[[-1.3742354,52.3805479],[-1.2434158,52.3777066]],[[-1.1012563,52.5689093],[-1.1264296,52.587871]],[[-0.1673416,51.2379967],[-0.2696441,51.246922],[-0.4787926,51.207426],[-0.5777501,51.2200541]],[[1.0214672,51.9459101],[0.9559089,51.9105978],[0.7864068,51.8818739],[0.5860912,51.7775487],[0.4683361,51.7363405],[0.4267172,51.6892061],[0.3265231,51.6235106]],[[0.4885173,51.7421141],[0.637378,51.8047393]],[[-2.193232,52.8828093],[-2.1871891,52.8617137]],[[-2.4399435,53.1018681],[-2.5044976,53.2021469],[-2.5977864,53.2637642],[-2.5668713,53.2482459]],[[-4.0557282,52.9226624],[-4.1071874,52.8639408]],[[-2.5405396,53.0529165],[-2.4312221,53.0863316]],[[-2.2416104,53.0826249],[-2.1763643,53.001608]],[[-3.9936274,52.553078],[-3.9865562,52.5547836]],[[-4.0973903,52.6580622],[-4.119088,52.605862],[-4.0958265,52.5865998]],[[-2.1164839,52.7980109],[-2.1247615,52.5941979],[-2.1755788,52.620239],[-2.3103302,52.6455301]],[[-0.2375992,51.9777873],[-0.0198925,52.0573793],[0.028553,52.1128634],[0.1329851,52.1622915]],[[-2.3222737,51.198066],[-2.4343798,51.1158051],[-2.6740304,51.0557871],[-2.7169343,51.0628705],[-2.7701126,51.0400006],[-2.9509074,51.0534908],[-3.1398417,51.0245599]],[[-2.9862989,51.116534],[-2.9651867,51.3225229],[-2.7501135,51.4195863],[-2.630813,51.4277446],[-2.5799527,51.4472954]],[[-2.0380719,52.3285881],[-2.1033948,52.2727738],[-2.1620996,52.1515268],[-2.1101202,52.0506315],[-2.0941241,51.9100812],[-2.1059585,51.8937659],[-2.2275537,51.854725]],[[1.0379642,52.5205539],[0.9478375,52.4566942],[0.7976122,52.4453929],[0.7427427,52.419454],[0.7199489,52.4509294],[0.6637962,52.4630026],[0.2936953,52.4060288],[0.6622214,52.4628979],[0.7199811,52.4509595],[0.742757,52.4194889],[0.7975825,52.4454211],[0.9478297,52.4567299],[1.119144,52.5657795],[1.3116544,52.6141562]],[[-1.2343792,53.780592],[-1.1472463,53.7765302],[-1.161515,53.7835426],[-1.1771235,53.8563039],[-1.1661529,53.8918675]],[[-1.0652687,53.7804443],[-1.288304,53.7833574],[-1.4472406,53.8053294],[-1.5569478,53.7910447],[-1.4695975,53.7648873]],[[-2.0776616,57.1014367],[-2.1212385,57.0691092],[-2.1854008,56.98303],[-2.3509356,56.9377782],[-2.3451017,56.9170286],[-2.5146679,56.7949314],[-2.5171197,56.7744766],[-2.471956,56.7486626],[-2.4806104,56.7010572],[-2.4619591,56.6908718]],[[-2.0776565,57.1300944],[-2.054819,57.1247159],[-2.0776616,57.1014367]],[[-2.9895367,56.4515819],[-2.9763597,56.4127089],[-2.8907729,56.3786904],[-2.9769993,56.3248285],[-3.1175733,56.2800863],[-3.1413681,56.2441821],[-3.1215621,56.1792863],[-3.1258816,56.1277239],[-3.1675291,56.1104249],[-3.1641384,56.078679],[-3.1892585,56.0640177],[-3.391391,56.0412365],[-3.4050916,56.0232955],[-3.3329431,55.9456076],[-3.2749894,55.9329412],[-3.1934971,55.951278]],[[-2.1979262,57.2124322],[-2.2435655,57.2308847],[-2.330469,57.2305895],[-2.3811857,57.2922727],[-2.3305503,57.23066],[-2.2060005,57.2207989],[-2.1730453,57.1805667],[-2.1198108,57.1705649],[-2.1115335,57.155058],[-2.1219823,57.1713284],[-2.1717663,57.1796355],[-2.1979262,57.2124322]],[[-7.2881973,53.0446474],[-7.1832051,53.1458381],[-7.3503594,53.2124165]],[[-3.9902915,57.553129],[-3.6078319,57.6164203],[-3.6353567,57.6086401]],[[-3.5765116,57.6288045],[-3.3112176,57.6427722],[-3.2218659,57.6331609],[-3.1621465,57.6032648],[-3.1421923,57.5514636],[-3.0476449,57.5364902],[-2.9370663,57.553631],[-2.83074,57.5363405],[-2.7621639,57.4842959],[-2.7604983,57.4662801],[-2.7986884,57.4302218],[-2.7991984,57.3866677],[-2.7683376,57.3542178],[-2.4424537,57.3197081],[-2.3811857,57.2922727]],[[-0.2084398,51.9041457],[-0.2716634,51.9635483],[-0.2614942,52.0889417],[-0.2822317,52.1405811],[-0.2695354,52.1964728],[-0.1903868,52.336245],[-0.2373229,52.4712265]],[[0.1223534,51.3475581],[-0.0168719,51.4590099]],[[0.1431707,51.3403304],[0.1223534,51.3475581]],[[0.0598365,51.4035464],[0.2833255,51.4000285],[0.4540044,51.3780783],[0.4998037,51.3932632]],[[-0.1146472,51.4633928],[-0.1100523,51.4633557]],[[-0.0545402,51.4881305],[-0.0805878,51.5020802]],[[-0.1368271,51.4197237],[-0.1338008,51.4246179]],[[-0.138963,51.4202619],[-0.1388169,51.4256117]],[[-0.1459982,51.4418112],[-0.1066478,51.4344508]],[[-0.099802,51.4304506],[-0.0728157,51.4179068],[-0.0724727,51.4012096],[-0.0555523,51.424957],[-0.0682821,51.4168348]],[[-0.0735412,51.4185055],[-0.068553,51.4168376]],[[-1.7800848,53.6547536],[-1.9422973,53.6034461],[-2.031593,53.532699],[-2.0485395,53.4894028],[-2.0660092,53.4837127]],[[-1.6744543,53.5821951],[-1.6099553,53.5201001],[-1.4891398,53.557312]],[[-0.9805152,53.6027529],[-0.9928228,53.6003727]],[[-0.7031807,53.585744],[-0.9860188,53.6022452],[-1.0848372,53.5586194],[-1.07943,53.5217241],[-1.1093216,53.4825064],[-1.1044545,53.4978176],[-1.08238,53.4910731],[-1.1397299,53.5240846]],[[-0.5611962,53.6036591],[-0.4215761,53.5694379],[-0.2925591,53.6096986],[-0.083803,53.5637873]],[[-0.6642673,53.2671671],[-0.6884937,53.2806433],[-0.7418607,53.3644713],[-0.7820088,53.3846165],[-0.7418692,53.3644054],[-0.7150044,53.3223083]],[[-0.2716154,51.4832124],[-0.2432081,51.4672618]],[[-0.2816511,51.4882146],[-0.2716154,51.4832124]],[[-0.2866524,51.4894659],[-0.2816511,51.4882146]],[[-0.3061113,51.4887796],[-0.2866524,51.4894659]],[[-0.3278948,51.4800543],[-0.3061113,51.4887796]],[[-0.3361062,51.4753512],[-0.3278948,51.4800543]],[[-0.3382138,51.4741509],[-0.3361062,51.4753512]],[[-0.3613001,51.4623938],[-0.3382138,51.4741509]],[[-0.7856049,53.3834953],[-0.8199258,53.3997202]],[[-1.1450093,53.3180961],[-1.0673396,53.2991576],[-0.9453003,53.3137792],[-0.906271,53.3350231],[-0.8536867,53.3360782],[-0.7859972,53.3833734]],[[-1.1450093,53.3180961],[-1.190615,53.3286122],[-1.2325071,53.3629566],[-1.190615,53.3286122]],[[-1.411966,53.4180668],[-1.4564731,53.3837177]],[[-0.2637965,51.5063744],[-0.2427584,51.5324338],[-0.1628612,51.5557366],[-0.135206,51.5414252],[-0.0161397,51.543321]],[[-0.2545027,51.5232858],[-0.2357609,51.5328663]],[[-0.1950756,51.8844347],[-0.1836275,51.8501244]],[[-2.639354,53.6699129],[-2.6775421,53.6784184]],[[-0.0493442,51.4663279],[-0.0199137,51.4678694],[-0.0980624,51.4656473]],[[0.0100572,51.4659369],[0.0482332,51.4550159],[0.1879152,51.4641344]],[[-2.5670929,51.4542132],[-2.5776541,51.451114]],[[-2.4194888,53.567184],[-2.429993,53.5755562],[-2.3131878,53.5217873],[-2.2660475,53.4785553]],[[0.160004,51.3214965],[0.1431707,51.3403304]],[[-0.013398,51.5430675],[-0.012444,51.5421073]],[[-0.0037957,51.5465146],[-0.0059648,51.5502406]],[[0.1808462,51.2803723],[0.1977621,51.3038497]],[[1.1958531,51.0904965],[1.308825,51.1169228],[1.2402218,51.1678176],[1.1943722,51.2447781],[1.1014567,51.2725481],[0.9618231,51.2674733],[0.8945795,51.3106951]],[[1.1710683,51.0827051],[1.1958531,51.0904965]],[[1.1412237,51.0865988],[1.1710683,51.0827051]],[[-0.0094799,51.5368486],[-0.0795736,51.5201874]],[[-0.026254,51.6861186],[-0.0289341,51.6680117]],[[-2.1559365,52.9091087],[-2.1560943,52.9091681]],[[-4.3261929,55.8827259],[-4.3258776,55.8827209]],[[-1.108843,51.2672048],[-1.3841861,51.2384825],[-1.4958411,51.2102303]],[[-1.8177495,51.072776],[-1.8622757,51.0848701]],[[0.0125129,51.4499079],[0.1257315,51.4353777],[0.2030969,51.4534616],[0.1948885,51.4626047]],[[0.0088797,51.4502775],[0.0125129,51.4499079]],[[-2.3021288,53.2501285],[-2.2483789,53.2861291],[-2.227472,53.3210383],[-2.2408517,53.3580528],[-2.1958858,53.4516165],[-2.2199004,53.4739919],[-2.2536511,53.4747197]],[[-2.2260169,53.3260749],[-2.2250745,53.3301175]],[[-0.2570777,51.4038103],[-0.2032574,51.4232451],[-0.1143953,51.5006449]],[[-3.4733688,50.5624876],[-3.5987498,50.5320628]],[[-0.1051738,51.342658],[-0.1507397,51.299122],[-0.1587579,51.2508157]],[[0.4716072,51.6241364],[0.3515215,51.6402573]],[[0.1259645,51.4353714],[0.00793,51.4503134]],[[0.2740113,51.4692418],[0.3152011,51.4498981]],[[0.1371471,51.52697],[0.182861,51.5202824],[0.2740113,51.4692418]],[[0.1116571,51.5302463],[0.1872902,51.5187243],[0.2421748,51.4772017],[0.3244525,51.4761043],[0.3672962,51.4576936],[0.4128911,51.4848966],[0.4247382,51.5234604],[0.5096614,51.5601884],[0.4226326,51.5678377]],[[-0.583482,51.2428581],[-0.5826402,51.2403127]],[[-3.1819773,55.9529945],[-3.1499466,55.9563764]],[[-3.1832226,55.9527401],[-3.183163,55.9527095]],[[-4.3138595,55.8780047],[-4.3138852,55.8776742]],[[-0.0138599,51.4618968],[-0.0130249,51.458399]],[[-1.1255429,53.4463696],[-1.2254329,53.3950569],[-1.2325071,53.3629566]],[[-1.9429114,53.3406937],[-1.9128375,53.3362495],[-1.7678011,53.3743065],[-1.6241076,53.3056192],[-1.5230074,53.3209425],[-1.461297,53.3804691]],[[-1.9459723,53.3396783],[-1.9429114,53.3406937]],[[-1.215893,50.8903072],[-1.1938089,50.8555873],[-1.2928791,50.8858983],[-1.3427239,50.8759486],[-1.3812767,50.9008452],[-1.382056,50.9228973],[-1.4096828,50.907247],[-1.3921402,50.9090964],[-1.3518723,50.9634737],[-1.3290654,51.0188678],[-1.3587199,50.9552032]],[[-1.2170658,50.890977],[-1.215893,50.8903072]],[[-2.3415113,51.3923997],[-2.3499877,51.3825593]],[[-0.0164605,51.4619513],[0.0163658,51.4681571],[0.0278842,51.4861393]],[[-1.1232676,52.6324721],[-1.1214357,52.6342234]],[[-3.8257582,57.1947481],[-3.8057575,57.2469192],[-3.8220777,57.2764684],[-3.8685415,57.2959891],[-3.9165957,57.290115],[-3.9770718,57.3224565],[-4.1060841,57.4317043],[-4.0654538,57.4828548]],[[-3.9612237,56.7673932],[-3.8456558,56.7649439]],[[-4.0901958,56.8035051],[-3.9612237,56.7673932]],[[-4.1848132,56.8189103],[-4.0901958,56.8035051]],[[0.1451165,51.4395024],[0.1259645,51.4353714]],[[-3.927151,57.1305647],[-3.8337348,57.176919],[-3.8258626,57.1945906],[-3.8298803,57.1847886]],[[-3.8381144,56.0044733],[-3.7227644,55.9854849]],[[-3.9259125,55.9857104],[-3.8284346,56.008004]],[[-4.2396152,55.8861959],[-4.2401734,55.8869227]],[[-1.124781,52.631043],[-1.1232676,52.6324721]],[[-1.1252073,52.6306181],[-1.124781,52.631043]],[[0.0351698,51.4877893],[0.1680091,51.4875318],[0.1908519,51.4671364]],[[0.0217263,51.4813765],[-0.0259404,51.4787895],[-0.0921786,51.5065989]],[[0.0212923,51.4797214],[0.0217263,51.4813765]],[[0.1917467,51.4507867],[0.1451165,51.4395024]],[[0.2029089,51.4537345],[0.3354583,51.4390572]],[[0.1879398,51.4640996],[0.0482413,51.4549791],[0.0129469,51.466524]],[[-4.3221315,55.8891527],[-4.3380972,55.905718],[-4.4292295,55.9126598]],[[-0.0435908,51.484398],[-0.0545402,51.4881305]],[[-0.0433203,51.4840035],[-0.0389875,51.4724753]],[[0.1805765,51.2792948],[0.1808462,51.2803723]],[[0.1988127,51.2413445],[0.2774144,51.1858895]],[[0.2876894,51.1896613],[0.272519,51.191223]],[[0.2030335,51.2999953],[0.3817008,51.3010232],[0.5176055,51.277387]],[[-3.0457665,54.9985639],[-3.3419236,54.9853449],[-3.5303325,55.060726],[-3.6010084,55.0698409],[-3.7262624,55.1840009],[-3.7345548,55.2296276],[-3.7702224,55.2666191],[-3.764575,55.2917879],[-3.8008215,55.3193406],[-3.93384,55.3781666],[-4.2190715,55.4123687],[-4.2392234,55.4535946],[-4.3945401,55.5146275],[-4.4220475,55.580062],[-4.5026391,55.6136468],[-4.4219852,55.5800818],[-4.3944849,55.5146531],[-4.2391721,55.4536227],[-4.2190536,55.412412],[-3.9338059,55.3782],[-3.8007882,55.3193754],[-3.7645085,55.2918024],[-3.7701589,55.2666366],[-3.7345056,55.229651],[-3.7261946,55.1840125],[-3.6011647,55.0699475],[-3.530295,55.0607602],[-3.3418726,54.9853797],[-3.04676,54.9993049]],[[-6.2409983,53.3587922],[-6.2541303,53.3468416],[-6.1961059,53.3105296],[-6.0964917,53.271823],[-6.1169166,53.2443032],[-6.0995813,53.2027992]],[[-6.2399948,53.3564054],[-6.1493821,53.4011638]],[[-2.1756776,53.3872983],[-2.18511,53.3789965]],[[-6.3637757,53.382374],[-6.2748394,53.3656329],[-6.3077025,53.3435572]],[[-6.4953649,53.3753015],[-6.3637757,53.382374]],[[-3.5183306,50.7015975],[-3.4519965,50.6475905],[-3.4434309,50.595074],[-3.4733688,50.5624876]],[[0.579845,51.1692737],[0.2876894,51.1896613]],[[0.8447128,51.1487882],[0.579845,51.1692737]],[[-4.4244688,55.9117421],[-4.3261929,55.8827259]],[[-4.5540715,55.942646],[-4.4292034,55.9126865]],[[-4.628804,55.9522268],[-4.5540715,55.942646]],[[-4.2388513,56.920599],[-4.2555824,56.8668078],[-4.2220082,56.8307],[-4.1848132,56.8189103]],[[0.1859835,51.269289],[0.1988127,51.2413445]],[[-3.4379008,56.389482],[-3.3098054,56.3745272],[-3.0854701,56.4513753],[-2.9790001,56.4542705],[-2.9895367,56.4515819]],[[-1.0832861,52.9612635],[-1.0878839,52.9601125]],[[1.0521428,51.275497],[1.1940775,51.2450147],[1.2402764,51.1678333],[1.3091091,51.1165034],[1.17109,51.0826687],[1.091089,51.0911755],[1.1412237,51.0865988]],[[0.827643,51.3281214],[0.8881489,51.3120532]],[[0.9671093,51.2673271],[1.0147746,51.2614906],[1.0521428,51.275497]],[[1.3412727,51.3814834],[1.3684456,51.3843859]],[[1.1190914,51.3644928],[1.3412727,51.3814834]],[[-0.1541259,51.5560909],[-0.2345408,51.5328363]],[[0.9918567,51.344421],[1.1190914,51.3644928]],[[-1.2122184,54.7015207],[-1.2002767,54.6587734],[-1.2851707,54.6029627],[-1.3331672,54.5957382],[-1.3191564,54.5536417]],[[-0.0579529,51.518286],[-0.0786792,51.5245716],[-0.0752135,51.5430051]],[[-3.5236408,55.9783883],[-3.3962757,55.9344242]],[[-3.5962116,55.976347],[-3.5236408,55.9783883]],[[-6.2606728,53.3636448],[-6.2409983,53.3587922]],[[-1.6230961,53.5265497],[-1.6210841,53.5245389]],[[-0.6763524,53.1829178],[-0.5706695,53.213078],[-0.5599085,53.2307339],[-0.4709056,53.2168647],[-0.3673527,53.1137913],[-0.3884322,52.9939526],[-0.1991245,52.8866912],[-0.1552592,52.7982872],[-0.2872871,52.6126059]],[[-2.213995,53.4243412],[-2.1961831,53.4525667]],[[-2.2148732,53.422714],[-2.213995,53.4243412]],[[-1.7296856,53.6802111],[-1.6504253,53.678726],[-1.5839951,53.7516216],[-1.5877552,53.7797415],[-1.5429197,53.7948791]],[[-1.1362683,52.5821469],[-1.1243701,52.5823473]],[[-0.1004065,51.4511932],[-0.1011053,51.4522935]],[[-1.4191523,53.240448],[-1.4006915,53.1847458],[-1.4227265,53.1534752],[-1.4232798,53.1045289],[-1.4362877,53.0787233],[-1.4840181,53.0539057],[-1.4877427,52.9983466],[-1.4630302,52.9573125],[-1.4687411,52.9337437]],[[-1.4206113,53.2340512],[-1.4202314,53.2202954]],[[-0.1062282,51.4389056],[-0.1004065,51.4511932]],[[-0.7408833,53.1489988],[-0.6763524,53.1829178]],[[-1.805301,52.4396097],[-1.8316412,52.4524281]],[[-1.8037859,52.4373748],[-1.805301,52.4396097]],[[-2.1948924,51.2937066],[-2.2141279,51.338958],[-2.312878,51.3459819],[-2.3202991,51.3985459]],[[-4.1122625,52.9302697],[-4.0557282,52.9226624]],[[-0.7214845,51.5185188],[-0.4363971,51.5045091]],[[-0.7417055,51.5142556],[-0.7214845,51.5185188]],[[-1.7711086,50.7420652],[-1.6806964,50.7521865],[-1.6179178,50.7797992]],[[-1.7803957,50.7402385],[-1.7711086,50.7420652]],[[-1.7838169,53.6498023],[-1.9423242,53.6034658],[-2.0316479,53.5327171],[-2.0476575,53.4907903],[-2.0673675,53.4836842]],[[-2.4974996,53.5719575],[-2.5973161,53.6097887],[-2.639354,53.6699129]],[[0.8616749,51.1495334],[0.8193509,51.1881909],[0.534278,51.2997903],[0.5007594,51.3448647]],[[-2.6237477,53.5371714],[-2.5959343,53.4882767],[-2.6003053,53.4604346]],[[-4.5331909,55.710017],[-4.5337494,55.7354888],[-4.5097672,55.7592929],[-4.4012119,55.802238]],[[-4.1983078,55.879301],[-4.0454371,55.890503],[-3.9259125,55.9857104]],[[-4.1836771,50.3978861],[-4.1735823,50.3793741],[-4.1451583,50.3776666]],[[-0.9782371,52.5342509],[-0.9087146,52.5001864],[-0.9020935,52.469194],[-0.7450108,52.4290714],[-0.6747504,52.3012133],[-0.5294706,52.2226788],[-0.5221248,52.1784956],[-0.4786455,52.119294]],[[-1.3887462,53.7982436],[-1.2343792,53.780592]],[[-1.3891404,53.7982995],[-1.3887462,53.7982436]],[[-2.1713672,53.4928191],[-2.0726799,53.4839921]],[[-0.170243,51.2235124],[-0.1483341,51.2661666]],[[-0.1540098,51.2874132],[-0.151185,51.2614458]],[[-0.9163358,53.3305345],[-0.9442717,53.3139447],[-1.063649,53.2991859],[-1.1554288,53.3168984],[-1.215522,53.269467],[-1.1922335,53.1471802],[-1.2549821,53.0982572],[-1.1921741,53.1471966],[-1.2154584,53.2694532],[-1.1450324,53.3180628]],[[-0.9067654,53.3348403],[-0.9163358,53.3305345]],[[-0.9062504,53.334994],[-0.9067654,53.3348403]],[[-0.8727764,53.3348915],[-0.9062504,53.334994]],[[-0.865495,53.3343951],[-0.8727764,53.3348915]],[[-0.8536575,53.3360446],[-0.865495,53.3343951]],[[-0.847392,53.339235],[-0.8536575,53.3360446]],[[-0.8310325,53.3513174],[-0.847392,53.339235]],[[-0.8217111,53.3581781],[-0.8310325,53.3513174]],[[-6.5200179,53.324485],[-6.5287605,53.3190702]],[[-0.1393641,51.4199792],[-0.1374556,51.421402]],[[-6.3269892,53.3412177],[-6.3113028,53.3430551]],[[-6.2427963,53.3549571],[-6.2458126,53.3533374]],[[-6.2429355,53.3548852],[-6.2449302,53.3538427]],[[-0.2639192,51.3345148],[-0.1886021,51.3602632]],[[-0.2680711,51.3348462],[-0.2258573,51.410161]],[[-2.2025995,53.4949622],[-2.2635339,53.4784682]],[[0.1663672,51.3104011],[0.160004,51.3214965]],[[0.1751599,51.2822975],[0.1663672,51.3104011]],[[0.1762825,51.2816718],[0.1751599,51.2822975]],[[-2.225481,53.4028755],[-2.2148732,53.422714]],[[-2.2255344,53.4027688],[-2.225481,53.4028755]],[[-2.2400622,53.3603398],[-2.2461966,53.3626399]],[[-2.2252636,53.3301693],[-2.2400622,53.3603398]],[[-2.2274827,53.3991603],[-2.2255344,53.4027688]],[[-2.2279707,53.3982757],[-2.2274827,53.3991603]],[[-2.2299892,53.394501],[-2.2279707,53.3982757]],[[-2.2313518,53.3919412],[-2.2299892,53.394501]],[[-1.3175935,54.7840949],[-1.2993209,54.7559165],[-1.2122184,54.7015207]],[[-0.1221928,51.4897427],[-0.1465731,51.4749391]],[[-0.1162177,51.5287195],[-0.098094,51.4656726]],[[-2.7227435,52.1645431],[-2.7161138,52.1199465],[-2.6897268,52.0905937],[-2.6966608,52.0789867]],[[-4.1722972,50.3787672],[-4.1836771,50.3978861]],[[-1.4270654,53.1277189],[-1.4007405,53.1847456],[-1.4201221,53.2550838],[-1.4393701,53.2877989],[-1.5126862,53.3234244]],[[-1.4349377,53.0799738],[-1.4270654,53.1277189]],[[-0.6829332,53.0061426],[-0.6440507,52.9701152],[-0.6371857,52.9021886]],[[-1.4288917,53.2619817],[-1.4191523,53.240448]],[[-1.4293077,53.2622173],[-1.4288917,53.2619817]],[[-0.1844067,51.461623],[-0.243184,51.4671481]],[[-0.0481307,51.4938462],[-0.0579529,51.518286]],[[-0.1227207,51.5408415],[-0.1232086,51.5347144]],[[-0.0506521,51.5684898],[-0.0528368,51.574186]],[[-1.0836031,53.5594338],[-1.0844717,53.5588891]],[[-0.0591539,51.5582129],[-0.0506521,51.5684898]],[[-0.0587381,51.5557238],[-0.0591539,51.5582129]],[[-0.0602479,51.5522787],[-0.0587381,51.5557238]],[[-0.9900553,51.4593312],[-0.9988866,51.4622834]],[[0.5323725,50.850742],[0.2769478,50.8027837]],[[-1.3056566,53.4872257],[-1.3056537,53.4871317]],[[-3.1822482,55.9529311],[-3.1819773,55.9529945]],[[-3.1823648,55.952794],[-3.1846831,55.9522896]],[[-6.3628449,54.2697625],[-6.3695843,54.3465855],[-6.4476415,54.4239649],[-6.2719471,54.4913256],[-6.0490437,54.5135286]],[[-2.1065762,57.150298],[-2.1115335,57.155058]],[[-2.1041124,57.1482527],[-2.1065762,57.150298]],[[-2.1024191,57.1464557],[-2.1041124,57.1482527]],[[-2.0998394,57.1441234],[-2.0776565,57.1300944]],[[0.2500078,51.5994041],[0.3264604,51.6234765],[0.4885173,51.7421141]],[[-2.2252636,53.3301693],[-2.2282301,53.3196128]],[[1.1274399,51.0965488],[1.1489085,51.0968948],[1.1280421,51.0963343]],[[1.1276599,51.0966566],[1.2978573,51.1062612],[1.4959543,51.0146143],[1.784272,50.921333]],[[1.1552387,51.096907],[1.1182606,51.0940841],[1.1462956,51.0974955]],[[-1.5095478,53.3217982],[-1.4393208,53.2878195],[-1.4293077,53.2622173]],[[-1.5126397,53.3234473],[-1.5095478,53.3217982]],[[-1.4640071,52.9198649],[-1.4635065,52.9586553],[-1.4878074,52.9983494],[-1.4840899,53.0538494],[-1.4349377,53.0799738]],[[-0.503252,53.7168703],[-0.4073122,53.7224516],[-0.3508221,53.7440366]],[[-1.4612577,53.3731271],[-1.5096163,53.3345964]],[[-1.4616189,53.3751457],[-1.4612577,53.3731271]],[[-4.1122625,52.9302697],[-4.1333948,52.9308504]],[[-1.2334768,53.8221407],[-1.0991453,53.9565927],[-1.3874963,54.2413026],[-1.432029,54.3159212]],[[-1.2571285,53.8112062],[-1.2334768,53.8221407]],[[-1.2700921,53.8044216],[-1.2571285,53.8112062]],[[-1.2703294,53.8042379],[-1.2700921,53.8044216]],[[-1.4275082,54.3626483],[-1.4443826,54.3372944],[-1.4338739,54.3200377],[-1.4391366,54.3287781]],[[-1.3472171,54.4817124],[-1.3778681,54.4165217],[-1.4275082,54.3626483]],[[-1.3569257,54.5151837],[-1.3472171,54.4817124]],[[-0.4550606,51.0138183],[-0.4423803,51.014836]],[[-3.9380948,51.6390445],[-3.9367437,51.6328005]],[[-3.9380948,51.6390445],[-3.886469,51.6614206],[-3.809013,51.6668225],[-3.8221005,51.63116],[-3.7394408,51.5378625],[-3.704156,51.5272252],[-3.598233,51.5224358],[-3.5639348,51.5028267],[-3.4245766,51.5363673],[-3.3710242,51.5162578],[-3.3274409,51.4782497],[-3.1756686,51.4760874],[-3.2012327,51.4773713]],[[-0.1149285,51.4974397],[-0.1221928,51.4897427]],[[-1.9603255,53.3378986],[-1.9459723,53.3396783]],[[-1.5354607,53.7960113],[-1.3891404,53.7982995]],[[-1.3365687,53.3577176],[-1.3479236,53.3597271]],[[-1.334004,53.3573932],[-1.3365687,53.3577176]],[[-0.0576022,51.4212726],[-0.0917753,51.4412929]],[[-0.2365021,51.5255598],[-0.2119027,51.5241906]],[[-0.9492394,51.4586244],[-0.9239842,51.4600414]],[[1.2556685,52.5997115],[1.1216588,52.5667089],[1.0379642,52.5205539]],[[-1.1012336,52.5689504],[-0.9782371,52.5342509]],[[-0.7214776,51.5184881],[-0.8295321,51.4863006]],[[-6.5832651,53.3793357],[-6.4953649,53.3753015]],[[-0.0886771,51.383441],[-0.0933876,51.3607148],[-0.0917129,51.3789633]],[[-0.5426756,50.8877125],[-0.5359861,50.8647406],[-0.5663795,50.8240492]],[[-0.5419485,50.8970586],[-0.5426756,50.8877125]],[[-0.5419759,50.8972515],[-0.5491859,50.9293012],[-0.4550606,51.0138183]],[[-2.9906187,51.5919624],[-2.9974056,51.5904866]],[[-4.1463932,50.377156],[-4.1461047,50.3772193]],[[-4.1913374,50.4028398],[-4.2079739,50.4076283]],[[-2.0970907,57.1402255],[-2.0998394,57.1441234]],[[-0.0107679,51.4652527],[0.0100572,51.4659369]],[[-0.0145602,51.4659681],[-0.0107679,51.4652527]],[[-1.8919607,52.4790032],[-1.8820545,52.4812805]],[[-0.1109193,51.5444449],[-0.1315366,51.5411318]],[[-0.1303744,51.540965],[-0.1234113,51.534719]],[[-0.1213481,51.5416896],[-0.0084372,51.5449309]],[[-0.1220672,51.5414282],[-0.1213481,51.5416896]],[[-5.9170349,54.5983899],[-5.9181246,54.6017758]],[[-1.9137227,52.4701895],[-1.9020255,52.4781031]],[[-0.1467395,51.4918116],[-0.1470211,51.4819453]],[[0.0058588,51.5647163],[0.0353773,51.5509526]],[[-0.0959693,51.3499174],[-0.1051738,51.342658]],[[-0.0958443,51.3501107],[-0.0959693,51.3499174]],[[-0.0936871,51.3566337],[-0.0958443,51.3501107]],[[-0.0936693,51.3567967],[-0.0936871,51.3566337]],[[-1.6114403,54.9623015],[-1.6134017,54.9685628]],[[-1.6062281,54.9645275],[-1.6081385,54.9634592]],[[-1.6114048,54.9685931],[-1.5564218,54.9516752],[-1.4529921,54.9592408],[-1.3920109,54.9346356],[-1.3575815,54.8473023],[-1.3151876,54.8056507],[-1.3175935,54.7840949]],[[-0.0591498,51.5847565],[0.0058588,51.5647163]],[[-0.0607211,51.5841903],[-0.0591498,51.5847565]],[[-1.1622283,52.9437942],[-1.1996258,52.9256147],[-1.1405068,52.9473654],[-1.1789273,52.9379335],[-1.2672382,52.8762447]],[[-1.2707844,52.8816808],[-1.2630554,52.8928591],[-1.3031909,52.9955749],[-1.3292137,53.0132779],[-1.3405148,53.0736053]],[[-1.2630522,52.8459096],[-1.2607109,52.8948192],[-1.2645895,52.8707914]],[[0.2847343,51.3996617],[0.3182279,51.4222163],[0.3470242,51.4180251],[0.3225129,51.439528]],[[-7.3898782,53.2379327],[-7.4958494,53.2673299],[-7.6104358,53.3386501]],[[-7.9313491,53.4260371],[-7.7978882,53.3586394]],[[-8.1964687,53.6245295],[-8.1964687,53.6245295]],[[-1.0147519,53.4353275],[-1.0847873,53.4923808],[-1.1374662,53.5105571],[-1.1288418,53.5927799],[-1.1753865,53.648713],[-1.2499577,53.7028295]],[[-1.016363,53.4133677],[-1.0147519,53.4353275]],[[-0.0003261,51.544837],[0.1371471,51.52697]],[[-0.0030151,51.544863],[-0.0003261,51.544837]],[[-0.1232112,51.5409163],[-0.1220672,51.5414282]],[[-0.0869357,51.3871611],[-0.0872697,51.3859175]],[[-2.7431008,52.7009791],[-2.7461138,52.7082795]],[[-1.2737404,52.8821908],[-1.2747694,52.8826347]],[[-5.9171083,54.5981651],[-5.7523671,54.6682309],[-5.6747992,54.6576237]],[[-5.9367707,54.5880024],[-5.9176376,54.5961871],[-5.9421538,54.5933556]],[[-2.6682254,52.9746046],[-2.7382519,52.8269867],[-2.7195891,52.7498699],[-2.7499825,52.7140811],[-2.7195347,52.7498605],[-2.7382113,52.8269768],[-2.6681587,52.9745846],[-2.5254606,53.0617616],[-2.4335701,53.0862471],[-2.3740588,53.0168773],[-2.2702881,52.9392141],[-2.2492607,52.8952508],[-2.196664,52.8628277],[-2.1929417,52.8836715]],[[-0.1198871,51.5473656],[-0.1112494,51.5548458]],[[-2.4224339,53.109964],[-2.3021288,53.2501285]],[[-0.1221686,51.5429791],[-0.1198871,51.5473656]],[[-0.6929215,52.6167849],[-0.6531215,52.5730787]],[[-4.1111125,52.830309],[-4.0991645,52.7761585],[-4.0606631,52.7252847]],[[-1.4211389,50.9074767],[-1.4178456,50.9074984]],[[1.0537777,51.9475416],[1.0549705,51.9511611]],[[0.8692764,51.145798],[0.8716687,51.1449489]],[[0.8557468,51.1530502],[0.8532533,51.1547232]],[[1.1442826,51.09581],[1.0559084,51.0921924]],[[-5.9027433,54.6788288],[-5.9236657,54.6088778],[-5.9021576,54.6823481],[-6.0239297,54.718228],[-6.0813369,54.7042828]],[[-0.1608513,51.125331],[-0.1610333,51.11638]],[[-0.1608868,51.1471978],[-0.1608513,51.125331]],[[-4.1907328,50.402712],[-4.1913374,50.4028398]],[[-1.0827869,52.9613322],[-1.0812929,52.9615318]],[[-1.9033056,52.4784156],[-1.9035494,52.4784419]],[[-0.1291528,51.5367087],[-0.1291526,51.5363977]],[[-0.1291489,51.5360717],[-0.1288252,51.5349429]],[[-1.8658383,52.4822559],[-1.8094097,52.4850021]],[[-1.8700019,52.4820618],[-1.8658383,52.4822559]],[[-0.1860124,51.5483635],[-0.2363916,51.5763215],[-0.2362186,51.5932321],[-0.2366126,51.5762622],[-0.1983824,51.5491292],[-0.2369504,51.5766897],[-0.2458972,51.6097705],[-0.3251725,51.6999249],[-0.3238577,51.7772849],[-0.3707367,51.8512773],[-0.4110391,51.8818582]],[[-0.1196645,51.3333789],[-0.1540098,51.2874132]],[[-0.1091668,51.3403732],[-0.1196645,51.3333789]],[[-3.6278332,55.9742288],[-3.5962116,55.976347]],[[-3.6279422,55.9742362],[-3.6278332,55.9742288]],[[-0.9902499,53.490296],[-1.0967754,53.4977044]],[[-0.2443526,52.5666988],[-0.2526408,52.5779645]],[[-0.2440224,52.5660998],[-0.2443526,52.5666988]],[[-0.6311508,53.7349137],[-0.503252,53.7168703]],[[-1.1301029,52.6227062],[-1.1251212,52.5835772],[-1.1012336,52.5689504]],[[-0.2712718,51.9770063],[-0.2714893,51.9632153]],[[-1.5791008,53.7612272],[-1.5926952,53.7488884]],[[-1.8611631,50.7267693],[-1.7803957,50.7402385]],[[-1.1480143,52.9469455],[-1.1398557,52.9474478]],[[1.129248,51.0956781],[1.1530788,51.0968242]],[[1.1442826,51.09581],[1.1568479,51.0970753]],[[-0.1049484,51.5761901],[-0.1100269,51.5558914]],[[-0.1221017,51.541349],[-0.1291054,51.5373143]],[[-0.1253256,51.5400977],[-0.1232112,51.5409163]],[[-0.1540679,51.5526842],[-0.1860124,51.5483635]],[[-0.0631366,51.5830011],[-0.0607211,51.5841903]],[[-0.0396672,51.5273961],[-0.0315367,51.5291952]],[[-0.0186172,51.5320037],[-0.005157,51.5409869]],[[-0.0094799,51.5368486],[0.0353913,51.5509117]],[[-0.2362186,51.5932321],[-0.3237027,51.696315],[-0.3238562,51.7771474],[-0.370781,51.851263],[-0.495311,51.9304257],[-0.4937049,52.0020627],[-0.5134246,52.0362664],[-0.4771717,52.1321099],[-0.5219926,52.1785076],[-0.529081,52.2223366],[-0.6746383,52.3012513],[-0.6939411,52.3567875],[-0.7362198,52.3996273],[-0.7437773,52.4332628],[-0.7024813,52.4638721],[-0.6821573,52.5379796],[-0.654576,52.5625178],[-0.696208,52.6267232]],[[-0.2362745,51.592655],[-0.2363519,51.576312],[-0.2041142,51.5513336],[-0.1303744,51.540965]],[[0.016333,51.4681759],[0.0212923,51.4797214]],[[-0.3050275,51.4131475],[-0.3397318,51.4332245]],[[-4.2395168,55.8801635],[-4.1983078,55.879301]],[[-1.0686269,51.2832319],[-1.0555539,51.3195864]],[[-6.2489721,53.3523644],[-6.2420357,53.3554621]],[[-1.4601232,53.381484],[-1.4608473,53.3808423]],[[-2.1174196,52.586818],[-2.1215516,52.5886797]],[[-2.1241061,52.5934708],[-2.1221203,52.5899596]],[[-2.1242399,52.5936228],[-2.1241061,52.5934708]],[[-1.2628465,52.8974963],[-1.2881291,52.9564835]],[[-1.2626976,52.8973153],[-1.2628465,52.8974963]],[[-1.3606387,53.4394831],[-1.3093203,53.4687027],[-1.3053195,53.5960301],[-1.5038004,53.6798459]],[[-0.4499346,51.5024298],[-0.4598078,51.4694959]],[[-1.5477677,54.5131929],[-1.5470536,54.5162795]],[[-1.1088211,51.2671758],[-1.112947,51.2669352]],[[-0.929702,53.7736154],[-0.6311508,53.7349137]],[[-6.9648875,53.1544031],[-7.009709,53.1136847],[-7.0178297,53.0511152],[-6.9345415,52.9294362],[-6.9219617,52.8436941]],[[-7.96863,53.4372417],[-8.0854906,53.5764998],[-8.1929739,53.6194344]],[[-4.5304165,55.6387571],[-4.5026391,55.6136468]],[[-1.5548801,52.2934501],[-1.5631109,52.3553596],[-1.570385,52.3475483]],[[-7.073979,53.1435707],[-6.9146237,53.1618574]],[[-0.580135,51.2349958],[-0.5802333,51.2352735]],[[-0.0859439,51.3879832],[-0.0886771,51.383441]],[[-0.7002316,51.5212791],[-0.7214776,51.5184881]],[[-4.195581,55.8283522],[-4.1741825,55.8198574]],[[1.8564889,50.935544],[1.8462841,50.9430309]],[[-6.3791104,54.0690688],[-6.3942602,54.0946954],[-6.376233,54.1215327],[-6.3392642,54.1366017],[-6.3687997,54.1971097],[-6.3628449,54.2697625]],[[-7.3467587,53.0162439],[-7.2881973,53.0446474]],[[-0.5402267,52.809408],[-0.4644873,52.7104315]],[[-2.7404332,52.7095434],[-2.5131487,52.7011104]],[[-2.7405761,52.7095481],[-2.7404332,52.7095434]],[[-2.5958092,50.9221197],[-2.6146968,50.9434529],[-2.608814,50.9259063]],[[-2.5646311,51.4508983],[-2.5407258,51.4455608]],[[-2.5762268,51.4513088],[-2.5651429,51.4509474]],[[-3.4349091,56.3925687],[-3.4346785,56.3848134]],[[-0.2679115,51.3347281],[-0.2720186,51.3334154]],[[-4.2586686,55.8560255],[-4.2581161,55.8578634]],[[-1.7594342,53.6667289],[-1.7296856,53.6802111]],[[-3.5980244,50.5333377],[-3.4912968,50.548917],[-3.4434783,50.5950759],[-3.4545581,50.6514355],[-3.5420927,50.7196434],[-3.5462859,50.7491351],[-3.4104466,50.8194354],[-3.3590813,50.9176716],[-3.1649528,51.0193641],[-3.109832,51.023974]],[[-3.5969129,50.5242967],[-3.5980244,50.5333377]],[[-4.1508294,50.3772873],[-4.1722972,50.3787672]],[[-2.1155977,52.7972908],[-2.0639312,52.7941146]],[[-1.7801333,53.654767],[-1.7594342,53.6667289]],[[-8.1924432,52.5088101],[-8.3871639,52.5830022]],[[-6.7956048,55.1671128],[-6.6641155,55.1357134]],[[-1.9366643,52.4430892],[-1.9137227,52.4701895]],[[-1.5403531,54.5487796],[-1.5587279,54.5964497],[-1.5194036,54.6150236],[-1.5017438,54.6549291],[-1.5271759,54.6735294]],[[-2.5700641,50.8476201],[-2.5724317,50.903178],[-2.5958092,50.9221197]],[[-1.5240265,50.8829033],[-1.5033378,50.8444837],[-1.5724793,50.8173614]],[[-1.472705,50.9203006],[-1.5002859,50.9145081],[-1.5240265,50.8829033]],[[-4.2497265,55.8391723],[-4.258989,55.8553152]],[[0.0719633,51.559539],[0.2500078,51.5994041]],[[-1.2655512,50.9195071],[-1.2540124,50.9139147],[-1.3444422,50.9613531],[-1.2655512,50.9195071]],[[-0.1512264,51.5527297],[-0.1540679,51.5526842]],[[0.3305235,51.6312973],[0.3265745,51.624201]],[[-0.64931,53.5867587],[-0.7031807,53.585744]],[[-2.5766248,51.4513125],[-2.5756075,51.4514707]],[[-1.983331,52.3769574],[-2.0380719,52.3285881]],[[-1.9810784,52.396609],[-1.983331,52.3769574]],[[-0.2659597,51.5032242],[-0.2637965,51.5063744]],[[-6.4093013,54.0252771],[-6.377269,54.0478546],[-6.3791104,54.0690688]],[[-6.4094394,54.025088],[-6.4093013,54.0252771]],[[-5.9175601,54.5969764],[-5.9171083,54.5981651]],[[-7.3474641,53.5275195],[-7.3629335,53.5702775],[-7.4352105,53.6532911],[-7.7991936,53.7233514],[-7.7894253,53.7258315]],[[-2.1570991,52.9931665],[-1.9037166,52.8915676],[-1.5466754,52.8604366]],[[-2.160774,52.9942497],[-2.1570991,52.9931665]],[[0.9396689,51.2783557],[0.9671093,51.2673271]],[[0.9358652,51.2810522],[0.9396689,51.2783557]],[[-0.8545019,51.420311],[-0.8547706,51.4204275]],[[-6.5079571,52.3493076],[-6.5376023,52.3524974],[-6.5692073,52.3852869],[-6.5530862,52.4052255],[-6.56905,52.4268985],[-6.5702602,52.4922374],[-6.5308803,52.5244253],[-6.5386104,52.5496151],[-6.4715973,52.5956007],[-6.3433486,52.6319615],[-6.2935451,52.6701834]],[[-6.3377036,53.7226204],[-6.321863,53.7797242],[-6.4257428,53.8575547],[-6.4094394,54.025088]],[[-0.5840003,51.2676808],[-0.583482,51.2428581]],[[-3.8712939,57.5804386],[-3.8677006,57.5815876]],[[-3.8713969,57.5804034],[-3.8712939,57.5804386]],[[-2.7457338,52.7073064],[-2.5186665,52.7014858]],[[-2.7463235,52.7096032],[-2.746978,52.7101128]],[[-2.7468062,52.7101636],[-2.7463235,52.7096032]],[[-4.0188156,55.8037618],[-4.0166262,55.8035095]],[[-3.1831517,51.4755566],[-3.2074561,51.4788463]],[[-3.5438561,50.7265919],[-3.5183306,50.7015975]],[[-3.5437681,50.727247],[-3.5438561,50.7265919]],[[-1.5398004,52.3743634],[-1.5088957,52.396913],[-1.5238191,52.4016612]],[[-0.8977241,52.9515023],[-1.0832861,52.9612635]],[[-0.8105656,52.9484309],[-0.8977241,52.9515023]],[[-1.5853589,53.7656917],[-1.5791008,53.7612272]],[[-7.2718129,53.502873],[-7.3399394,53.522207]],[[1.6067395,50.7294698],[1.6125307,50.7179636]],[[-1.1761938,50.8501906],[-1.1938089,50.8555873]],[[0.4898571,50.9045014],[0.5424073,50.8531937]],[[-1.5876796,53.7797225],[-1.5853589,53.7656917]],[[-1.5744481,53.7879698],[-1.5876796,53.7797225]],[[-1.5675427,53.791771],[-1.5675101,53.7917412]],[[-1.5710699,53.7897675],[-1.5744481,53.7879698]],[[-1.9324054,52.4378683],[-1.9366643,52.4430892]],[[-4.0455163,52.7195126],[-4.0315958,52.7082302],[-4.0973903,52.6580622]],[[-2.9860024,51.1160944],[-2.9862989,51.116534]],[[-3.0020144,51.0399719],[-2.9682565,51.0900301],[-2.9860024,51.1160944]],[[1.4105424,51.3430132],[1.4080057,51.3420731]],[[1.4335763,51.360303],[1.4105424,51.3430132]],[[-0.4729148,52.6492303],[-0.4773113,52.648418]],[[-3.7329705,56.7019073],[-3.7396548,56.7035169]],[[-2.5699863,50.8443566],[-2.5700641,50.8476201]],[[-0.1624363,51.20372],[-0.170243,51.2235124]],[[-1.4137502,53.7111205],[-1.4114038,53.7387672],[-1.5557145,53.7925177]],[[-1.4140732,53.710774],[-1.4137502,53.7111205]],[[-1.3474761,53.7262581],[-1.3551146,53.7240548]],[[-6.066009,52.9882913],[-6.116952,52.981831],[-6.2259072,52.9311382]],[[-0.0137474,51.4588687],[-0.0132311,51.4585214]],[[-6.160214,52.7975309],[-6.2285833,52.8300314],[-6.2149668,52.8592715],[-6.2264656,52.9292641]],[[-6.1595152,52.7950144],[-6.160214,52.7975309]],[[-6.1877756,52.7700507],[-6.1604547,52.7912609]],[[-2.6893119,53.3161069],[-2.72138,53.3263075]],[[0.2230462,51.9412924],[0.2289664,51.9102681],[0.1646583,51.8679795]],[[0.2229589,51.9413301],[0.2230462,51.9412924]],[[-0.046694,51.4129921],[-0.0576022,51.4212726]],[[-0.0068829,51.4091498],[-0.046694,51.4129921]],[[-2.1125577,53.3746412],[-2.1199996,53.3763624]],[[-3.0030118,53.047419],[-3.0018875,53.0599867]],[[-1.2239581,53.3344003],[-1.1906774,53.3285905],[-1.3479038,53.3597582]],[[-6.0657749,52.9882585],[-6.066009,52.9882913]],[[-4.5301352,55.6444768],[-4.5304165,55.6387571]],[[-4.5301244,55.644932],[-4.5301352,55.6444768]],[[1.4073247,51.3737048],[1.4335763,51.360303]],[[0.7135048,51.5375713],[0.56219,51.5438237],[0.5105013,51.560178]],[[0.7141121,51.5376587],[0.7135048,51.5375713]],[[-1.6167528,54.9678992],[-1.6191213,54.9668174]],[[-2.321884,51.3980257],[-2.3415113,51.3923997]],[[1.3838656,51.3818035],[1.4073247,51.3737048]],[[1.3813373,51.3826772],[1.3838656,51.3818035]],[[-2.2043164,52.206561],[-2.2075084,52.2010745]],[[-1.2218052,53.7800509],[-1.2334105,53.7911768],[-1.217898,53.779253]],[[-1.6837755,55.1621566],[-1.6510657,55.1081118]],[[0.8916769,51.1352069],[0.8616749,51.1495334]],[[-3.6497242,55.9764078],[-3.6279422,55.9742362]],[[-8.2345335,53.3376573],[-8.2377798,53.3367491]],[[-2.6089704,50.9258564],[-2.6096695,50.9256287]],[[-2.5948928,50.9605086],[-2.5239051,51.0993348]],[[-2.5986824,50.9517909],[-2.5948928,50.9605086]],[[-2.3010763,51.226305],[-2.3222737,51.198066]],[[-2.300941,51.226545],[-2.3010763,51.226305]],[[-1.1464488,53.5294738],[-1.0299019,53.5864279],[-1.1900698,53.5785532],[-1.0985546,53.5825307]],[[-6.9204577,52.8358166],[-6.9509435,52.6997722]],[[-8.1056407,53.9378969],[-8.0870785,53.9154402],[-7.9922479,53.9058543],[-7.9183617,53.861091]],[[-3.8623766,55.7454134],[-3.8277564,55.7103052],[-3.7317079,55.6904078]],[[-3.8626937,55.7460281],[-3.8623766,55.7454134]],[[1.375704,51.3846113],[1.3813373,51.3826772]],[[-1.2456916,52.8976015],[-1.1996258,52.9256147]],[[-1.2459254,52.8974577],[-1.2456916,52.8976015]],[[-0.0581004,51.4201184],[-0.067953,51.4167667]],[[-0.0548648,51.4261601],[-0.0581004,51.4201184]],[[0.9917516,51.3443741],[0.9918567,51.344421]],[[0.9822896,51.3400897],[0.9917516,51.3443741]],[[-7.0174878,52.6917189],[-7.0961863,52.6383208],[-7.1816667,52.6381989]],[[-7.195894,52.6399814],[-7.1895946,52.6344174]],[[-6.2180307,52.755562],[-6.1877756,52.7700507]],[[-6.2217443,52.7470695],[-6.2180307,52.755562]],[[-6.2457639,52.7230785],[-6.2217443,52.7470695]],[[-3.1736337,51.4765536],[-3.1831517,51.4755566]],[[-1.4616359,53.3796365],[-1.4619603,53.3768616]],[[-6.2860174,52.6798777],[-6.2457639,52.7230785]],[[1.2751421,52.5997308],[1.2556685,52.5997115]],[[-6.2871886,52.6759522],[-6.2860174,52.6798777]],[[-0.5817169,51.289285],[-0.5840003,51.2676808]],[[-1.241118,53.0868852],[-1.2546847,53.0985337]],[[-1.23881,53.0860389],[-1.241118,53.0868852]],[[-0.989954,51.4592039],[-0.9900553,51.4593312]],[[-2.6002436,53.4605931],[-2.5960566,53.4882594],[-2.626843,53.5403079]],[[-4.1487492,50.3768077],[-4.1508294,50.3772873]],[[-3.5791654,56.557192],[-3.5811108,56.5578978]],[[-0.2676783,51.3347525],[-0.2639192,51.3345148]],[[-0.989565,51.4563329],[-0.989954,51.4592039]],[[-0.9846893,51.4604556],[-0.9250097,51.4598252],[-0.8320303,51.4855176]],[[0.7408061,51.3409628],[0.7133287,51.3483994]],[[0.7329408,51.3424852],[0.827643,51.3281214]],[[-8.1975165,52.5061613],[-8.1972618,52.5053506]],[[-2.1657834,53.3960332],[-2.1756776,53.3872983],[-2.1641709,53.3978]],[[1.2926996,52.6012402],[1.2751421,52.5997308]],[[-3.5438406,50.7274496],[-3.5438517,50.7315472]],[[-3.5331267,50.7265347],[-3.5436715,50.7282103]],[[-2.2041859,51.2629306],[-2.2033866,51.2635306]],[[-2.228375,51.2588826],[-2.2020614,51.264533]],[[-0.1623989,51.203585],[-0.1624363,51.20372]],[[-2.6178175,53.0101521],[-2.6682254,52.9746046]],[[-7.4353693,52.9765929],[-7.3467587,53.0162439]],[[-7.468042,52.9624272],[-7.4353693,52.9765929]],[[0.1765463,51.2815292],[0.1762825,51.2816718]],[[-2.5798511,51.4463777],[-2.5811876,51.4448809]],[[1.061097,51.9432594],[1.0757271,51.9430079]],[[-0.0825635,51.5033554],[-0.0866336,51.5057367]],[[-2.5405396,53.0529165],[-2.6178175,53.0101521]],[[-1.5529352,52.2894785],[-1.5454807,52.2855992]],[[-1.5536384,52.2905891],[-1.5529352,52.2894785]],[[-1.5548801,52.2934501],[-1.5536384,52.2905891]],[[-0.3778254,50.8186229],[-0.372878,50.818737]],[[-0.110957,51.5445069],[-0.1101788,51.5446922]],[[-6.5077943,52.3493526],[-6.5079571,52.3493076]],[[1.612229,50.7176137],[1.6216926,50.6852749]],[[1.0537777,51.9475416],[1.061097,51.9432594]],[[-2.6303781,53.2850606],[-2.6401814,53.3031411],[-2.6893119,53.3161069]],[[-1.8986665,52.477658],[-1.8972187,52.477683]],[[-4.052137,52.7196972],[-4.0455163,52.7195126]],[[-0.0878852,51.3910601],[-0.0869357,51.3871611]],[[-1.0563437,50.8396385],[-1.0424448,50.8389585]],[[0.1976495,51.4511924],[0.1917467,51.4507867]],[[-0.0870635,51.3899888],[-0.0859439,51.3879832]],[[-0.0881156,51.3914015],[-0.0878852,51.3910601]],[[0.0643745,51.3986031],[0.0596246,51.4035129]],[[0.0639427,51.4003379],[0.0671546,51.399586]],[[0.0562072,51.4007088],[0.05931,51.400749]],[[0.0708095,51.3923343],[0.1432271,51.3403503],[0.1859835,51.269289]],[[-0.1148597,51.4995452],[-0.1149285,51.4974397]],[[-0.1222496,50.961827],[-0.1221728,50.9619535]],[[-4.0735513,55.8232542],[-4.0188156,55.8037618]],[[-0.0312091,51.4745667],[-0.0825635,51.5033554]],[[-7.9999669,53.4121611],[-8.2345335,53.3376573]],[[0.2223198,51.4470627],[0.2179241,51.4479033]],[[-0.5783035,52.8378308],[-0.5402267,52.809408]],[[-0.042059,51.4845031],[-0.081647,51.5027018]],[[-1.1067581,51.267304],[-1.1088211,51.2671758]],[[-6.9757121,55.1155688],[-6.9439435,55.1303628],[-6.954612,55.125376]],[[-1.0199059,53.785145],[-0.929702,53.7736154]],[[-3.1836565,55.9525184],[-3.1925692,55.9511679]],[[-1.5631109,52.3553596],[-1.5092793,52.4000743]],[[-1.3643227,53.4091732],[-1.3698796,53.4335476],[-1.323976,53.4570169]],[[-2.9809093,51.5890587],[-2.9958442,51.5910146]],[[-4.0495116,52.5439995],[-3.9936274,52.553078]],[[-4.0661716,52.5455461],[-4.0495116,52.5439995]],[[-1.3414068,54.5413111],[-1.3569257,54.5151837]],[[-1.3350407,54.5480903],[-1.3414068,54.5413111]],[[-3.6078319,57.6164203],[-3.5765116,57.6288045]],[[-7.1584604,53.4937368],[-7.2718129,53.502873]],[[-0.0467912,51.5263645],[-0.0396672,51.5273961]],[[-2.1246287,52.5940127],[-2.1322882,52.6017197]],[[-2.2383463,53.364987],[-2.2313518,53.3919412]],[[-1.419336,53.2384494],[-1.4133986,53.263887],[-1.3450461,53.2858509],[-1.3279631,53.3446436]],[[-0.1484023,51.4903486],[-0.1718152,51.4554244],[-0.0881156,51.3914015]],[[-2.9830592,51.0570381],[-3.007018,51.0361454]],[[-1.3827143,53.426972],[-1.3606387,53.4394831]],[[-1.4160322,53.4154323],[-1.4682006,53.4669363],[-1.4126487,53.5138976],[-1.4777862,53.5561637]],[[-1.5676713,53.7914851],[-1.5710699,53.7897675]],[[-0.1025559,51.4313476],[-0.099802,51.4304506]],[[-1.4320192,51.838721],[-1.3941298,51.8326385]],[[-1.4325984,51.8388184],[-1.4320192,51.838721]],[[-2.5778004,51.4511169],[-2.5766248,51.4513125]],[[0.9355907,51.2812514],[0.9358652,51.2810522]],[[-4.3212899,55.8820914],[-4.3138595,55.8780047]],[[-3.9661597,56.1865774],[-3.9670743,56.1882425]],[[-4.2083499,55.8297541],[-4.2497265,55.8391723]],[[-1.4704842,52.3933749],[-1.3742354,52.3805479]],[[-4.0539109,52.7203085],[-4.052137,52.7196972]],[[-6.3097835,53.3431726],[-6.3296951,53.3406576],[-6.3096136,53.3431544]],[[-6.3066652,53.3438397],[-6.3079292,53.3434508]],[[-6.3063764,53.3439528],[-6.3066652,53.3438397]],[[-1.940573,52.4134868],[-1.9810784,52.396609]],[[-0.1975407,51.7024024],[-0.1699097,51.6432243],[-0.1048699,51.575423]],[[-3.4387477,56.3912363],[-3.4378194,56.3891307]],[[-2.8741724,51.5797871],[-2.9809093,51.5890587]],[[-2.7890793,51.5838845],[-2.9910265,51.5919185]],[[-0.1121514,51.587673],[-0.1049484,51.5761901]],[[-0.117816,51.5950076],[-0.1121514,51.587673]],[[-0.2046633,51.7211754],[-0.1975407,51.7024024]],[[-6.3376227,53.719854],[-6.3377036,53.7226204]],[[-6.4434824,54.4260675],[-6.4472339,54.4241697]],[[-0.7861099,53.3833012],[-0.8217111,53.3581781]],[[-1.2655177,52.8841559],[-1.2461106,52.8973071]],[[-1.2399016,52.951871],[-1.1845127,52.9569975],[-1.1770576,52.9761235],[-1.195724,52.9967804],[-1.1770183,52.9760857],[-1.1844748,52.9568294]],[[-5.9367707,54.5880024],[-5.9438879,54.5923345]],[[-5.9173507,54.5949628],[-5.9175155,54.5955102]],[[-5.9189132,54.5923261],[-5.9173669,54.5951817]],[[-8.1056407,53.9378969],[-8.3024845,53.9676557]],[[-0.7855773,53.3834649],[-0.8107356,53.3867182],[-0.8540983,53.4706079],[-1.0900726,53.4961519]],[[-0.7835338,53.3841249],[-0.7855773,53.3834649]],[[-1.0595104,53.7863584],[-1.0199059,53.785145]],[[-1.0597181,53.7862637],[-1.0595104,53.7863584]],[[-1.9781331,53.3444309],[-1.9603255,53.3378986]],[[-2.2114762,52.1981143],[-2.2076427,52.200986]],[[-1.3284367,51.0204353],[-1.3261075,51.0505715]],[[-0.6217414,51.8001407],[-0.6187413,51.7965151]],[[-1.195724,52.9967804],[-1.2096445,53.0551347],[-1.23881,53.0860389]],[[-1.935076,52.0972473],[-1.8435542,52.1033502],[-1.7843951,52.0823134],[-1.7104138,52.0185726],[-1.6713867,51.9448786],[-1.5974728,51.8688978],[-1.5190269,51.8815989],[-1.4845692,51.8681317],[-1.5257349,51.8816048]],[[-0.5311243,53.225627],[-0.5364218,53.2251701]],[[-0.5301988,53.2257661],[-0.5311243,53.225627]],[[0.4516315,51.5679173],[0.5104951,51.5602079]],[[0.7396475,51.5390539],[0.7141121,51.5376587]],[[0.7574609,51.5382092],[0.7396475,51.5390539]],[[0.7905292,51.5330496],[0.7574609,51.5382092]],[[0.4285839,51.5670915],[0.4516315,51.5679173]],[[0.0870317,51.5374994],[0.077122,51.5412652]],[[-0.005194,51.5410062],[-0.0037957,51.5465146]],[[-2.2577003,51.253341],[-2.300941,51.226545]],[[-2.7473598,52.7102151],[-2.7511238,52.7137497]],[[-2.7469317,52.7102535],[-2.7472398,52.7101773]],[[-2.7492377,52.7118953],[-2.7469317,52.7102535]],[[-2.4161528,50.7101524],[-2.3723685,50.7034058]],[[-6.2585517,53.3630098],[-6.2748667,53.3656058]],[[-6.256723,53.362507],[-6.2585517,53.3630098]],[[-6.2429154,53.3604102],[-6.256723,53.362507]],[[-6.2419455,53.3598104],[-6.2429154,53.3604102]],[[-6.2411479,53.3589417],[-6.2419455,53.3598104]],[[-6.2410491,53.3587811],[-6.2411479,53.3589417]],[[-6.2408506,53.3567145],[-6.2410491,53.3587811]],[[-1.2674657,52.8767348],[-1.2655177,52.8841559]],[[-0.0031128,51.5448632],[-0.0030151,51.544863]],[[0.1402407,52.1438062],[0.2007672,52.0545182],[0.2229589,51.9413301]],[[-1.0891137,53.718187],[-1.1615665,53.7835236],[-1.1771807,53.8562988]],[[-1.0892236,53.7158966],[-1.0891137,53.718187]],[[-0.716997,51.5194066],[-0.4143114,51.5028124],[-0.2365021,51.5255598]],[[-1.5453862,54.5233336],[-1.5451651,54.5242564]],[[-0.7307744,52.9352869],[-0.8105656,52.9484309]],[[-0.2710681,51.498979],[-0.2659597,51.5032242]],[[-1.4435592,54.3372015],[-1.4422294,54.3413627]],[[-1.4435276,54.336706],[-1.4435592,54.3372015]],[[-0.0477517,51.493392],[-0.0481307,51.4938462]],[[-3.1418754,52.6271761],[-3.1477778,52.6188405]],[[-0.6609558,53.2658017],[-0.6642673,53.2671671]],[[-1.3755388,54.2307874],[-1.1401906,53.9922766]],[[0.0590033,51.4008375],[0.0639427,51.4003379]],[[-0.1051442,51.3427523],[-0.1085704,51.3407722]],[[-2.1998677,52.2161925],[-2.2043164,52.206561]],[[-2.1997345,52.2164918],[-2.1998677,52.2161925]],[[-2.1964182,52.2237046],[-2.1997345,52.2164918]],[[-6.8070362,55.167977],[-6.7956048,55.1671128]],[[-6.8070362,55.167977],[-6.9439435,55.1303628]],[[0.0175152,51.4001566],[0.0590033,51.4008375]],[[-1.7294583,52.4538666],[-1.7204868,52.4469007]],[[-2.7066269,53.7518201],[-2.7095513,53.7593095]],[[-2.7062677,53.7507899],[-2.7065157,53.7521754]],[[-2.4332529,53.5757221],[-2.4974996,53.5719575]],[[-0.674657,52.9290846],[-0.7307744,52.9352869]],[[-0.6675596,52.927445],[-0.674657,52.9290846]],[[-0.6564075,52.9233562],[-0.6675596,52.927445]],[[-1.0973569,53.496377],[-1.075722,53.4859594]],[[-1.326571,54.5580804],[-1.3350407,54.5480903],[-1.3191396,54.5536159]],[[-1.2389918,51.6101532],[-1.2383786,51.6099222]],[[-1.4386585,51.8402246],[-1.4325984,51.8388184]],[[-1.4608219,51.8485261],[-1.4386585,51.8402246]],[[-0.5820367,51.2392072],[-0.5825229,51.2400265]],[[-1.1134876,53.9635632],[-1.0984138,53.9542876]],[[-1.0984359,53.9543674],[-1.0965593,53.9557694]],[[-1.6051668,54.9649117],[-1.6062281,54.9645275]],[[-1.5277563,52.8683196],[-1.530879,52.866382]],[[-1.4877009,52.8890589],[-1.5277563,52.8683196]],[[-1.5428928,54.534596],[-1.5403531,54.5487796]],[[-1.8973772,52.4778906],[-1.9033056,52.4784156]],[[-1.9001201,52.4778109],[-1.8986665,52.477658]],[[-1.8990503,52.4776097],[-1.8966982,52.4777335]],[[-1.3210195,53.4591713],[-1.2986662,53.4886856],[-1.3076815,53.4629194]],[[-0.4350693,51.504384],[-0.4283909,51.5035853]],[[-0.4433034,51.5058336],[-0.4499346,51.5024298]],[[-0.4478713,51.5050252],[-0.4489606,51.5038684]],[[-0.4259752,51.5032936],[-0.4478713,51.5050252]],[[-1.412002,53.4180869],[-1.3827143,53.426972]],[[1.6067395,50.7294698],[1.6143518,50.7694737],[1.6322994,50.7808135],[1.7587698,50.8107905],[1.8127629,50.8454492],[1.7790018,50.8683986],[1.8134181,50.8881218]],[[0.7410221,51.3409293],[0.7408061,51.3409628]],[[-1.5456537,54.5225771],[-1.5453862,54.5233336]],[[-1.5467947,54.5180075],[-1.5454124,54.5231896]],[[-2.184042,53.0099122],[-2.2441954,53.0857811]],[[-2.1838688,53.0098124],[-2.184042,53.0099122]],[[-0.1232197,51.5343603],[-0.123217,51.5339008]],[[-0.1233655,51.5347039],[-0.1234012,51.534063]],[[-1.1693744,53.5071797],[-1.1464488,53.5294738]],[[-2.4722557,56.7128277],[-2.4720204,56.7486427],[-2.5171853,56.7744578],[-2.5147377,56.7949447],[-2.3451562,56.9170564],[-2.3510075,56.9377879],[-2.1854839,56.9830427],[-2.1213014,57.0691252],[-2.0549063,57.1247357],[-2.0970907,57.1402255]],[[-3.1891325,55.9516951],[-3.1933305,55.9511803]],[[-3.183323,55.9526183],[-3.1891325,55.9516951]],[[-0.0745279,51.468931],[-0.0538023,51.4791591]],[[-1.4617433,53.3795119],[-1.4620403,53.3771532]],[[-1.9017238,52.4849964],[-1.9031933,52.4861022]],[[-6.6328197,55.1197851],[-6.594299,55.0799869],[-6.5159275,55.0655162]],[[1.5397698,49.631462],[1.5389092,49.6283274]],[[-1.9525768,52.1000144],[-1.935076,52.0972473]],[[-1.4715041,52.3935493],[-1.4704842,52.3933749]],[[-0.2160125,51.7767425],[-0.2216631,51.7486852],[-0.2046633,51.7211754]],[[-0.2033012,51.5341862],[-0.1933086,51.5368596]],[[-0.0919698,51.5081327],[-0.0922751,51.5073478]],[[-1.5048356,53.6812152],[-1.5040179,53.6800604]],[[-1.506998,53.6839897],[-1.5048356,53.6812152]],[[-4.1955586,55.8283197],[-4.2083499,55.8297541]],[[0.8565711,51.1478349],[0.8447128,51.1487882]],[[-0.0916994,51.505042],[-0.0780267,51.5008948]],[[-2.5604893,51.5110581],[-2.5612827,51.5076718]],[[-1.5173649,53.696617],[-1.5184151,53.7252069],[-1.5624848,53.7447043],[-1.57833,53.7777698],[-1.5675427,53.791771]],[[-6.9216988,52.8378531],[-6.9204577,52.8358166]],[[-1.4632081,52.917649],[-1.4877009,52.8890589]],[[-1.4626902,52.9145575],[-1.4640071,52.9198649]],[[-5.7553799,54.7251171],[-5.7420991,54.7312779],[-5.828989,54.7175943],[-5.9027433,54.6788288]],[[-1.0973985,53.9549372],[-1.0967906,53.9553253]],[[-6.5051884,52.3500855],[-6.5077943,52.3493526]],[[-6.5049885,52.3501434],[-6.5051884,52.3500855]],[[-2.4315302,53.0867333],[-2.4342858,53.0910989]],[[-2.1628023,53.402515],[-2.1639534,53.4070035]],[[-2.4343158,53.5758809],[-2.3131651,53.5218159],[-2.2750145,53.4841619]],[[1.3106035,52.6129671],[1.2926996,52.6012402]],[[-2.4345545,53.0932821],[-2.3955989,53.1475006]],[[-2.4377376,53.0981395],[-2.4345545,53.0932821]],[[-2.433765,53.0866932],[-2.4339879,53.0869612]],[[-2.4355257,53.0927742],[-2.4343125,53.0878625]],[[-0.1460691,51.5365683],[-0.1489951,51.5392872]],[[-0.1436786,51.5348088],[-0.1460691,51.5365683]],[[-0.1418228,51.5332035],[-0.1436786,51.5348088]],[[-2.4306693,53.0854218],[-2.4096637,53.0491465],[-2.2702505,52.9392219],[-2.2496212,52.8955972],[-2.1920568,52.8674094],[-2.1155977,52.7972908]],[[-2.4190355,53.0649596],[-2.4300286,53.0797372]],[[-2.4330982,53.0812585],[-2.4344337,53.0807691]],[[-2.4310787,53.0823795],[-2.4330982,53.0812585]],[[-2.4279758,53.0781736],[-2.4183905,53.064203]],[[-2.4294994,53.0792095],[-2.4329224,53.0854813]],[[-2.5257488,51.7157517],[-2.6685897,51.6430328],[-2.6638039,51.6184728],[-2.7150725,51.5907294],[-2.7890793,51.5838845]],[[-2.2202294,52.1954596],[-2.2807877,52.1726096],[-2.3170144,52.1353482],[-2.3249383,52.0937288]],[[-2.2157331,52.1973274],[-2.2202294,52.1954596]],[[-2.213617,52.1976255],[-2.2157331,52.1973274]],[[-2.2103212,52.1967984],[-2.2097111,52.1960589]],[[-2.5776399,50.837669],[-2.5699863,50.8443566]],[[-1.4432826,54.3357072],[-1.4435276,54.336706]],[[-1.5471529,52.2860138],[-1.5548801,52.2934501]],[[-2.2439787,53.0856167],[-2.2416104,53.0826249]],[[-2.2441472,53.0857953],[-2.2439787,53.0856167]],[[-1.03687,52.9854045],[-0.9184575,53.0576668],[-0.8147923,53.0791874],[-0.7408833,53.1489988]],[[-2.1204519,52.8018576],[-2.196664,52.8628277]],[[-3.9027973,56.0936208],[-3.9360383,56.1212282]],[[-3.9026809,56.0935358],[-3.9027973,56.0936208]],[[-3.8324217,56.0155063],[-3.8430207,56.0507442],[-3.9026809,56.0935358]],[[-1.4597936,53.3817305],[-1.4601232,53.381484]],[[-6.5640152,52.506971],[-6.5672395,52.5034516]],[[-5.9024975,54.6802764],[-5.8127003,54.7175168]],[[-0.2613629,52.0889499],[-0.2660472,51.9559927]],[[-0.2614354,52.0889454],[-0.2712718,51.9770063]],[[-2.1169204,52.7984308],[-2.1204519,52.8018576]],[[-7.9440124,53.4275641],[-7.9999669,53.4121611]],[[-2.121226,52.8024538],[-2.1253685,52.8055745]],[[-2.43391,53.091162],[-2.4399435,53.1018681]],[[-2.4326171,53.088868],[-2.43391,53.091162]],[[-2.4345597,53.0807594],[-2.4338421,53.0867173]],[[-2.4325568,53.0887614],[-2.4326171,53.088868]],[[-1.1675925,52.7140405],[-1.1643139,52.7109846]],[[-1.1677201,52.71413],[-1.1675925,52.7140405]],[[-1.1643766,52.7109742],[-1.1672174,52.7135539]],[[-2.4293627,52.0456592],[-2.4222563,52.0449749]],[[-2.4313055,52.0458913],[-2.4293627,52.0456592]],[[-1.7824927,51.0765914],[-1.7859773,51.0775224]],[[-1.7823728,51.0764703],[-1.7824927,51.0765914]],[[-1.8175909,51.0727152],[-1.8177495,51.072776]],[[-2.7751072,57.4451179],[-2.7742693,57.4460561]],[[-2.7807267,57.441271],[-2.7751072,57.4451179]],[[-7.9516738,53.4261242],[-7.9471629,53.4269837]],[[-7.9521876,53.4260256],[-7.96863,53.4372417]],[[-1.5431714,52.2849525],[-1.5471529,52.2860138]],[[-1.5471846,52.2848489],[-1.6809511,52.2968041],[-1.7179642,52.3183991],[-1.7593434,52.3781173],[-1.7481789,52.3690755]],[[-1.5417123,52.2847417],[-1.5471846,52.2848489]],[[-2.2625961,53.4810521],[-2.2757324,53.4855959]],[[-1.4624982,53.3767746],[-1.4614404,53.3802953]],[[-1.4614727,53.3801541],[-1.4614115,53.3802862]],[[-7.9339636,53.4266859],[-7.9440124,53.4275641]],[[-2.2624613,53.4784394],[-2.2635339,53.4784373]],[[-2.2524501,53.4844649],[-2.2584838,53.4764398]],[[-4.5035399,55.6139481],[-4.4948862,55.6119459]],[[-1.1397873,53.519705],[-1.1398971,53.5191327]],[[-1.9576012,52.1024526],[-1.9525768,52.1000144]],[[-1.4616278,53.3752114],[-1.4616189,53.3751457]],[[-1.4616278,53.3752114],[-1.4619144,53.3763825]],[[-1.4619671,53.3752652],[-1.4620894,53.3760457]],[[-4.1404705,50.3793083],[-4.1463932,50.377156]],[[-4.1394761,50.3799521],[-3.9621398,50.4083228],[-3.8873458,50.3939707],[-3.8590996,50.4011343],[-3.8372844,50.428677],[-3.6918238,50.4340112]],[[-4.1455112,50.3775267],[-4.1403611,50.379442]],[[-1.1399773,53.524007],[-1.1399139,53.5243992]],[[-1.1399455,53.51486],[-1.1401058,53.5187583]],[[-1.1609544,53.3227186],[-1.1554288,53.3168984]],[[1.8094001,50.9172402],[1.8194273,50.9280388],[1.8068099,50.9161666]],[[1.8087899,50.905763],[1.8190502,50.8888656]],[[1.780482,50.9228576],[1.78381,50.921668]],[[-1.7596752,52.3784006],[-1.8037859,52.4373748]],[[0.3121338,51.452421],[0.3231206,51.4379296]],[[-1.1266652,52.5868073],[-1.1362683,52.5821469]],[[1.1495767,51.0970439],[1.1543975,51.0969663]],[[1.1475562,51.0973203],[1.1495767,51.0970439]],[[1.1289128,51.0959029],[1.1468658,51.0969304]],[[1.1458917,51.0974562],[1.128607,51.0962613]],[[1.1284806,51.0959997],[1.1481074,51.096769]],[[1.1279066,51.0962456],[1.129248,51.0956781]],[[1.1498355,51.096833],[1.1489085,51.0968948]],[[-0.1218814,51.5414292],[-0.1221017,51.541349]],[[-0.0130969,51.5447155],[-0.0071662,51.5446929]],[[-0.0154693,51.5449953],[-0.0071717,51.5448762]],[[-0.0013646,51.5446059],[-0.0141884,51.544727]],[[-0.0141749,51.5449854],[-0.00137,51.544847]],[[-0.1108407,51.4371691],[-0.1075867,51.4379926]],[[-0.1114433,51.4370696],[-0.1108407,51.4371691]],[[-0.0719808,51.4016108],[-0.0877851,51.3843286]],[[0.0326937,51.4870978],[0.0351698,51.4877893]],[[-0.0374613,51.4825886],[-0.0393867,51.4836364]],[[-0.0376262,51.4825105],[-0.042059,51.4845031]],[[0.0836045,51.5380037],[0.0708646,51.5433425]],[[-0.1196757,51.5304665],[-0.1162177,51.5287195]],[[-0.1266127,51.5307966],[-0.1196757,51.5304665]],[[-0.6609558,53.2658017],[-0.5586172,53.230604]],[[0.3470242,51.4180251],[0.4557579,51.3917211],[0.5343186,51.2998255],[0.8194124,51.1882122],[0.8533404,51.1547278]],[[-1.3309432,53.0185265],[-1.2897363,52.9670065]],[[-1.3322872,53.0226172],[-1.3309432,53.0185265]],[[-0.1279775,51.533509],[-0.1266127,51.5307966]],[[0.2205203,51.4472601],[0.2237742,51.4471771]],[[-0.1899439,51.4400802],[-0.1977342,51.4290797]],[[1.6122295,50.7176794],[1.6083109,50.7134224]],[[-2.2714715,53.4787772],[-2.2844621,53.4802635]],[[-1.7167058,53.6792047],[-1.7800848,53.6547536]],[[1.3454041,49.6058153],[1.3322995,49.6023832]],[[-6.2328888,54.7374597],[-6.2131646,54.720083]],[[-2.2536888,53.4746944],[-2.2917977,53.4619559]],[[-2.6353135,53.5442315],[-2.6681683,53.6470256]],[[-1.5613994,53.7924824],[-1.5616711,53.7925545]],[[-1.5658665,53.7922094],[-1.5676713,53.7914851]],[[-1.5562727,53.7923269],[-1.5613994,53.7924824]],[[-1.5650194,53.7924302],[-1.5658665,53.7922094]],[[-1.5410096,53.7951421],[-1.5354607,53.7960113]],[[-0.6426101,50.8307205],[-0.6417759,50.8306659]],[[-4.3161248,51.848842],[-4.3117417,51.8461522]],[[-4.0186581,57.5489651],[-3.9902915,57.553129]],[[-4.0188136,57.5489082],[-4.0186581,57.5489651]],[[0.4636194,50.9573207],[0.4976829,50.9378439],[0.4897935,50.9045068],[0.5423898,50.853156],[0.5323725,50.850742]],[[-3.2015397,51.4773921],[-3.1651687,51.4789021],[-3.013546,51.5508121],[-3.0063998,51.5794984]],[[-3.2018576,51.4774548],[-3.2015397,51.4773921]],[[-1.5117311,53.3330722],[-1.5117057,53.333091]],[[-2.1256988,52.599614],[-2.1243762,52.6095592]],[[-2.1300152,52.6005667],[-2.1256988,52.599614]],[[-2.1322662,52.6017628],[-2.1300152,52.6005667]],[[-1.3405211,53.0748815],[-1.2547444,53.0985529]],[[-3.0072865,51.5690751],[-3.0066187,51.5792089]],[[-3.1701644,51.4776348],[-3.0135828,51.5508327],[-3.0072865,51.5690751]],[[-3.1724319,51.4769161],[-3.1736337,51.4765536]],[[-3.1756686,51.4760874],[-3.1701644,51.4776348]],[[-3.1363978,51.4977875],[-3.1724319,51.4769161]],[[-3.1357006,51.4980948],[-3.1363978,51.4977875]],[[-3.0058895,51.579997],[-3.011954,51.5516638],[-3.1357006,51.4980948]],[[-0.1722228,51.4615759],[-0.1899439,51.4400802]],[[-0.1487893,51.4740973],[-0.1844067,51.461623]],[[-0.1465504,51.4747992],[-0.1722228,51.4615759]],[[-0.1564174,51.4703925],[-0.1482519,51.4907349],[-0.1477858,51.4781445]],[[-1.8617886,50.7267569],[-1.8611631,50.7267693]],[[-4.0443178,57.080039],[-3.9323482,57.1249673]],[[-4.0493627,57.0786021],[-4.0443178,57.080039]],[[-3.0990027,51.0231771],[-3.0871988,51.024658]],[[-3.0883342,51.0243678],[-3.108336,51.0236754]],[[-1.9402555,52.4135025],[-1.940573,52.4134868]],[[-1.9361728,52.4138481],[-1.9402555,52.4135025]],[[-2.5779667,51.4510703],[-2.5778004,51.4511169]],[[-2.9901955,51.1316864],[-2.9685513,51.0941209],[-2.9830592,51.0570381]],[[-2.5719082,50.7816529],[-2.5880083,50.79926],[-2.5776399,50.837669]],[[-2.983475,51.1638163],[-2.9901955,51.1316864]],[[-2.9833764,51.1642636],[-2.983475,51.1638163]],[[-2.976887,51.1948923],[-2.9833764,51.1642636]],[[-2.9767823,51.1953802],[-2.976887,51.1948923]],[[-2.9703844,51.2958861],[-2.9767823,51.1953802]],[[-2.9703851,51.2961368],[-2.9703844,51.2958861]],[[-2.966021,51.3209834],[-2.9703851,51.2961368]],[[-2.9211869,51.3529421],[-2.966021,51.3209834]],[[-2.9209484,51.3530515],[-2.9211869,51.3529421]],[[-2.8916162,51.3650378],[-2.9209484,51.3530515]],[[-2.8905803,51.3654582],[-2.8916162,51.3650378]],[[-2.8418049,51.3852251],[-2.8328748,51.3888302]],[[-2.8417763,51.3851999],[-2.749857,51.4196169],[-2.5816908,51.4446751]],[[-2.4294428,50.7093995],[-2.4161528,50.7101524]],[[-1.0946184,53.9606107],[-1.1054902,53.9623457]],[[-2.9427989,50.8352659],[-2.93494,50.840136]],[[-3.0299015,50.7645956],[-2.98845,50.7943217]],[[-6.349381,53.3367813],[-6.3579795,53.3355729]],[[-1.5468843,54.5169697],[-1.5468278,54.5169829]],[[-1.5452762,54.5235478],[-1.5453605,54.5231858]],[[-1.5446415,54.5265785],[-1.5428928,54.534596]],[[-2.6144998,50.9435898],[-2.5986824,50.9517909]],[[-0.1474974,51.4914029],[-0.1480574,51.4906689]],[[-0.147628,51.4736762],[-0.0738865,51.4689882]],[[-0.1483878,51.4735141],[-0.147628,51.4736762]],[[-0.140891,51.4772696],[-0.1465504,51.4747992]],[[-0.656257,52.9232933],[-0.6564075,52.9233562]],[[-1.4656109,51.8505853],[-1.4608219,51.8485261]],[[-1.4659034,51.8507194],[-1.4845692,51.8681317]],[[-1.4659034,51.8507194],[-1.4656109,51.8505853]],[[-3.0026308,51.5857106],[-3.0058895,51.579997]],[[-2.9910532,51.5919473],[-2.9906187,51.5919624]],[[-3.7076245,55.983767],[-3.6497242,55.9764078]],[[-4.1050729,55.8229588],[-4.1955586,55.8283197]],[[-2.4171606,53.0790913],[-2.3527624,53.0827359]],[[0.3297498,51.6300489],[0.3260798,51.6220787]],[[-2.228363,51.2588498],[-2.2577003,51.253341]],[[-0.6943622,51.5219018],[-0.7002316,51.5212791]],[[-0.2527243,51.5217785],[-0.4095162,51.5026892],[-0.6943622,51.5219018]],[[-0.2203241,51.5253217],[-0.2527243,51.5217785]],[[-0.3718723,51.5068588],[-0.2179194,51.5250775]],[[1.0641606,51.0906569],[0.9373443,51.1121583],[0.8782919,51.1413969]],[[1.0856844,51.0909767],[1.0641606,51.0906569]],[[1.6079918,50.7129676],[1.6122295,50.7176794]],[[-1.4338739,54.3200377],[-1.3755388,54.2307874]],[[-1.4965546,54.9806614],[-1.4865911,54.9776944]],[[-1.5234022,54.9738103],[-1.4965546,54.9806614]],[[-0.0434696,51.4841502],[-0.0435908,51.484398]],[[-0.0434222,51.4840488],[-0.0434696,51.4841502]],[[-1.5114012,52.4004675],[-1.5116185,52.4004398]],[[-1.8761216,52.4815817],[-1.8700019,52.4820618]],[[-0.1222911,51.4877353],[-0.140891,51.4772696]],[[-0.4068562,51.3739661],[-0.5652047,51.3151611],[-0.5817169,51.289285]],[[-1.6411055,52.3958355],[-1.7210999,52.4473653]],[[-0.9991384,51.4386646],[-1.0072608,51.3970426],[-1.0618611,51.3502526],[-1.0555118,51.3039256],[-1.0702381,51.2744352]],[[-0.997879,51.4410043],[-0.9991384,51.4386646]],[[-0.9977503,51.4411151],[-0.997879,51.4410043]],[[-0.9930771,51.4497549],[-0.9977503,51.4411151]],[[-0.9912061,51.4538549],[-0.9930771,51.4497549]],[[-0.9897963,51.4558658],[-0.9912061,51.4538549]],[[-0.9853641,51.4588349],[-0.9897963,51.4558658]],[[-0.9832664,51.4594365],[-0.9853641,51.4588349]],[[-1.8956122,52.4781264],[-1.8761216,52.4815817]],[[-1.8959581,52.4779363],[-1.8952856,52.4781134]],[[-1.9018659,52.4783073],[-1.8973772,52.4778906]],[[-1.9027064,52.4783435],[-1.9030791,52.4784333]],[[-1.9019015,52.4781414],[-1.9027064,52.4783435]],[[-1.901208,52.4779791],[-1.9001201,52.4778109]],[[-1.9014041,52.4779849],[-1.8990503,52.4776097]],[[-1.9003471,52.4774588],[-1.9014041,52.4779849]],[[-1.8960973,52.4779778],[-1.901208,52.4779791]],[[-1.8968474,52.4775596],[-1.8965451,52.4776532]],[[-1.8991826,52.4772534],[-1.8968474,52.4775596]],[[-1.1083222,53.5003917],[-1.1392101,53.512871],[-1.1044545,53.4978176]],[[-3.1946854,55.9510467],[-3.1937494,55.9511419]],[[-3.183323,55.9526183],[-3.1820098,55.9529884]],[[-3.1755894,55.9542322],[-3.183323,55.9526183]],[[-1.1502994,52.9465522],[-1.1622283,52.9437942]],[[-1.1724615,52.9454047],[-1.1845222,52.9567108]],[[-1.1719981,52.9451856],[-1.1724615,52.9454047]],[[-1.619313,54.9660365],[-1.619271,54.9670235]],[[-4.563796,55.946512],[-4.5710526,55.9465708]],[[-3.2281272,55.9409267],[-3.223103,55.9443751]],[[-0.2342888,51.4082231],[-0.2579861,51.4034664]],[[-0.2313693,51.4087918],[-0.2342888,51.4082231]],[[-1.6336445,55.3907081],[-1.6264289,55.3806594]],[[-1.626483,55.3806534],[-1.6522493,55.328656],[-1.6545284,55.2788548],[-1.648324,55.2553463],[-1.6128029,55.2304135],[-1.632459,55.1858145],[-1.6677738,55.1689361]],[[-0.1222227,51.4888102],[-0.1222911,51.4877353]],[[-0.3212602,51.3854403],[-0.4068562,51.3739661]],[[-0.308065,51.3908165],[-0.3212602,51.3854403]],[[-0.301664,51.3934028],[-0.308065,51.3908165]],[[-0.118351,51.4925276],[-0.1222227,51.4888102]],[[-0.1164343,51.4943771],[-0.118351,51.4925276]],[[-0.11558,51.4955904],[-0.1164343,51.4943771]],[[-0.1144043,51.4980468],[-0.11558,51.4955904]],[[-0.1148989,51.4980903],[-0.1150242,51.4974425]],[[-0.1147946,51.5002716],[-0.1148597,51.4995452]],[[-0.1145594,51.5001283],[-0.1144043,51.4980468]],[[-1.2512905,53.0909217],[-1.3383882,53.079822],[-1.3322872,53.0226172]],[[-8.314317,51.9104964],[-8.3230241,51.9110366]],[[-1.8034035,51.0707563],[-1.8175909,51.0727152]],[[-1.8040761,51.0706226],[-1.8110083,51.071095]],[[-1.8038196,51.0707406],[-1.8092759,51.0708458]],[[-1.8034675,51.0708111],[-1.8038196,51.0707406]],[[-1.8024458,51.0710652],[-1.8034675,51.0708111]],[[0.3918302,51.5676148],[0.092546,51.5375657]],[[0.4213278,51.5680407],[0.3918302,51.5676148]],[[-6.9741285,52.6906081],[-7.0174878,52.6917189]],[[-6.9734349,52.6908767],[-6.9741285,52.6906081]],[[-0.9503301,51.4586166],[-0.9492394,51.4586244]],[[-2.0620772,53.4844709],[-2.0682785,53.4836871]],[[-4.518298,55.7491546],[-4.5322999,55.7379987],[-4.51781,55.6836105],[-4.5301244,55.644932]],[[-6.3446397,54.8882905],[-6.2896231,54.8669232]],[[-1.0822163,53.4960146],[-1.1083222,53.5003917]],[[-0.3469431,51.3684122],[-0.3484232,51.3630295]],[[-0.3344755,51.3808289],[-0.3469431,51.3684122]],[[-0.0788742,51.5216355],[-0.0467912,51.5263645]],[[-6.2409171,53.3565568],[-6.2408506,53.3567145]],[[-6.2420719,53.3554873],[-6.2409171,53.3565568]],[[0.8585932,51.1476822],[0.871838,51.144785]],[[-1.2433378,51.611506],[-1.2545601,51.6145375],[-1.244009,51.6116974]],[[-2.5766726,51.4512397],[-2.5776839,51.4510497]],[[-4.2586686,55.8560255],[-4.258481,55.8562935]],[[-0.695076,52.6240786],[-0.6929215,52.6167849]],[[-0.3283049,52.6352583],[-0.4439902,52.6933854],[-0.5303301,52.8015554],[-0.5783651,52.837808]],[[-3.8627398,55.7460013],[-4.1050729,55.8229588]],[[-0.1983824,51.5491292],[-0.1861536,51.5482611]],[[1.1569292,51.0972436],[1.2423024,51.1131985],[1.2980304,51.1065334],[1.4962632,51.0150141],[1.780482,50.9228576]],[[-6.2882339,52.6741494],[-6.2871886,52.6759522]],[[-6.4940605,55.0748639],[-6.4539136,55.0740649],[-6.3694219,54.9872782]],[[-1.2343971,53.7810691],[-1.2631889,53.7440398],[-1.3474761,53.7262581]],[[-3.3241979,57.6423245],[-3.3019549,57.6427925]],[[0.3305235,51.6312973],[0.3310294,51.6318668]],[[-1.6879202,53.5869689],[-1.6744543,53.5821951]],[[-1.4877408,52.8890797],[-1.4626902,52.9145575]],[[-0.0125133,51.5347475],[-0.0448162,51.5172795]],[[-0.0192121,51.531714],[-0.0186172,51.5320037]],[[-0.0196204,51.5315274],[-0.0192121,51.531714]],[[-0.3386837,51.4457534],[-0.3396704,51.4332216]],[[-0.3049316,51.413136],[-0.3050275,51.4131475]],[[-0.3396269,51.4377275],[-0.3444402,51.435061]],[[-0.0208246,51.5310126],[-0.0196204,51.5315274]],[[-0.0032186,51.5449667],[-0.004148,51.5417394]],[[-0.0198467,51.4681231],[-0.0145602,51.4659681]],[[-1.4966778,52.397924],[-1.4715041,52.3935493]],[[0.0601263,51.5566166],[0.0719633,51.559539]],[[0.0596973,51.5564849],[0.0601263,51.5566166]],[[-0.0100165,51.5460666],[-0.0131299,51.5443701]],[[-1.8216428,52.5068557],[-1.7550323,52.5185279]],[[-0.0060589,51.548287],[-0.0100165,51.5460666]],[[-0.005904,51.5502355],[-0.0060589,51.548287]],[[0.0407436,51.5501025],[0.0436036,51.5494405]],[[0.0359913,51.5509599],[0.0407436,51.5501025]],[[-7.6753163,53.3338126],[-7.7931499,53.3549946]],[[-7.6430625,53.3341331],[-7.6753163,53.3338126]],[[0.5212104,51.6138555],[0.4716072,51.6241364]],[[-7.9060345,53.8473578],[-7.840193,53.7872802],[-7.8173405,53.7274389],[-7.7991936,53.7233514]],[[-3.1917012,50.7950107],[-3.1848794,50.798214]],[[-1.4097345,53.7152438],[-1.4148763,53.7098422]],[[-0.0728392,51.5803223],[-0.0631366,51.5830011]],[[-0.0732496,51.5802771],[-0.0728392,51.5803223]],[[-0.0871373,51.5790085],[-0.0732496,51.5802771]],[[-0.0953477,51.5779278],[-0.0871373,51.5790085]],[[-0.0988626,51.5770116],[-0.0953477,51.5779278]],[[-0.1502113,51.5554007],[-0.154115,51.556132]],[[-0.1129349,51.5731393],[-0.0988626,51.5770116]],[[-0.1459345,51.5558752],[-0.1129349,51.5731393]],[[-0.1474361,51.555425],[-0.1459345,51.5558752]],[[-0.1502113,51.5554007],[-0.1474361,51.555425]],[[-0.1867847,51.8663858],[-0.2084398,51.9041457]],[[-0.1867557,51.8663061],[-0.1867847,51.8663858]],[[-0.2086229,51.9046975],[-0.1950756,51.8844347]],[[-0.1856998,51.8616917],[-0.1867557,51.8663061]],[[-0.2078104,51.7927543],[-0.2160125,51.7767425]],[[-0.2025948,51.802666],[-0.2078104,51.7927543]],[[-0.1962063,51.8154434],[-0.2025948,51.802666]],[[-0.1845157,51.8535133],[-0.1856998,51.8616917]],[[-0.252143,51.9450147],[-0.2086229,51.9046975]],[[-0.1836801,51.8501188],[-0.1845157,51.8535133]],[[-0.2655618,51.9555625],[-0.252143,51.9450147]],[[-0.2821748,52.1405784],[-0.2614354,52.0889454]],[[-0.2821247,52.1405837],[-0.2613629,52.0889499]],[[-0.3283049,52.6352583],[-0.2828481,52.6094922]],[[-0.3350106,52.6374602],[-0.3283049,52.6352583]],[[-0.3269389,52.6346929],[-0.4729148,52.6492303]],[[-0.2435695,52.5581329],[-0.2241024,52.4208154],[-0.2352985,52.4439781]],[[-0.2439596,52.5659656],[-0.2440224,52.5660998]],[[-0.2215273,52.4174131],[-0.1903382,52.3362162],[-0.2694734,52.1964632],[-0.2821748,52.1405784]],[[-0.191088,52.3331335],[-0.269408,52.1964532],[-0.2821247,52.1405837]],[[-0.1908562,52.3342746],[-0.191088,52.3331335]],[[-0.2377317,51.9777423],[-0.2375992,51.9777873]],[[-0.252064,51.9706683],[-0.2377317,51.9777423]],[[-1.1376613,53.9893996],[-1.1134876,53.9635632]],[[-1.1676913,53.8907722],[-1.2105818,53.8584213],[-1.2334105,53.7911768]],[[-1.2103749,53.8589695],[-1.2309212,53.823376],[-1.3249053,53.7887264]],[[-1.1666515,53.8917836],[-1.2103749,53.8589695]],[[-2.1728174,53.3899528],[-2.1628023,53.402515]],[[-2.1625996,53.4029874],[-2.1626232,53.4022051]],[[-2.2849058,53.0944229],[-2.2854266,53.0944086]],[[-7.5996003,52.9011662],[-7.3301754,53.0235965]],[[-0.2563396,51.5202659],[-0.2545027,51.5232858]],[[-0.1384308,51.531196],[-0.1379531,51.5309998]],[[-0.1389976,51.5316278],[-0.1418228,51.5332035]],[[-0.4481424,51.4800094],[-0.4499898,51.5024456],[-0.4350693,51.504384]],[[-0.4758145,51.4712464],[-0.4481424,51.4800094]],[[-2.1626795,53.4025011],[-2.1657834,53.3960332]],[[-2.162651,53.4029941],[-2.1626795,53.4025011]],[[-2.260857,53.4787031],[-2.2624613,53.4784394]],[[-2.2602416,53.4789695],[-2.260857,53.4787031]],[[-1.3294364,53.3489986],[-1.3643227,53.4091732]],[[-0.7220723,51.088073],[-0.7156008,51.0900453]],[[0.8781802,51.1417257],[0.8878494,51.1368317]],[[0.861741,51.1497589],[0.8712764,51.1452723]],[[0.8710572,51.1452392],[0.8729321,51.1444529]],[[0.8605919,51.1505091],[0.8707005,51.1453797],[0.8557468,51.1530502]],[[-0.3921393,51.5040039],[-0.3745698,51.5064331]],[[-0.4208612,51.5029532],[-0.3718723,51.5068588]],[[-0.0157531,51.5447438],[-0.1218814,51.5414292]],[[-2.7482488,52.7108472],[-2.7509703,52.7133401]],[[-2.7473598,52.7102151],[-2.7482488,52.7108472]],[[-2.7505557,52.7128126],[-2.7507909,52.7131307]],[[0.1371314,51.5269037],[-0.0027086,51.5446118]],[[-0.005904,51.5502355],[-0.0032186,51.5449667]],[[0.1631889,51.5240471],[0.1371314,51.5269037]],[[0.1186693,51.528939],[0.1570915,51.524738]],[[0.1176358,51.5291211],[0.1445045,51.526147]],[[0.2328186,51.4923985],[0.1631889,51.5240471]],[[0.3104933,51.4536891],[0.3121338,51.452421]],[[0.2387052,51.4888286],[0.2328186,51.4923985]],[[0.270451,51.4712053],[0.2387052,51.4888286]],[[0.3206883,51.4431795],[0.314225,51.4505769]],[[0.3209262,51.4427778],[0.3206883,51.4431795]],[[0.3223112,51.4395401],[0.3209262,51.4427778]],[[0.3228149,51.4378887],[0.3223112,51.4395401]],[[0.2739226,51.4691778],[0.270451,51.4712053]],[[0.3092569,51.4543135],[0.2739226,51.4691778]],[[-0.1249535,51.541218],[-0.110957,51.5445069]],[[-0.125183,51.5411942],[-0.1249535,51.541218]],[[-0.1301371,51.5411614],[-0.125183,51.5411942]],[[-0.0599848,51.5476016],[-0.0602479,51.5522787]],[[-0.0590273,51.5238928],[-0.0599848,51.5476016]],[[-0.7418624,51.5142158],[-0.7417055,51.5142556]],[[0.2837271,51.3998674],[0.2833027,51.3999929]],[[0.2847281,51.3996284],[0.2837271,51.3998674]],[[-0.2659363,51.5031835],[-0.2563396,51.5202659]],[[-0.0480249,51.5718756],[-0.005904,51.5502355]],[[-0.0528062,51.57421],[-0.0480249,51.5718756]],[[-0.0894416,51.5056788],[-0.0921202,51.5066285]],[[-0.0368272,51.4818747],[-0.0376262,51.4825105]],[[-0.027804,51.4716552],[-0.0368272,51.4818747]],[[-0.0371795,51.4824544],[-0.0196695,51.4680114],[-0.0374613,51.4825886]],[[-0.0419844,51.484512],[-0.0350055,51.4796247]],[[-0.0780595,51.5008708],[-0.0419844,51.484512]],[[-1.5564437,53.7921757],[-1.5650194,53.7924302]],[[-1.5611184,53.7924297],[-1.5616298,53.7925857]],[[-1.4615851,53.3798937],[-1.4614727,53.3801541]],[[-1.4616216,53.3793398],[-1.461601,53.3797425]],[[-0.0624806,51.5114639],[-0.0617621,51.5115278]],[[-7.0744873,53.1434789],[-7.073979,53.1435707]],[[-7.1760021,53.1458572],[-7.0744873,53.1434789]],[[-0.013032,51.4637997],[-0.0199137,51.4678694]],[[-0.0269848,51.4711458],[-0.027804,51.4716552]],[[-0.0165753,51.4620816],[-0.0243718,51.4699183]],[[-0.0131944,51.4584373],[-0.0198861,51.4681005]],[[-0.0037525,51.4540507],[-0.0137474,51.4588687]],[[-0.0035729,51.4539339],[-0.0037525,51.4540507]],[[-1.6145037,54.9683015],[-1.6153488,54.962484]],[[-1.6076576,54.9662361],[-1.6126756,54.9685899]],[[-1.6066913,54.9715205],[-1.6114048,54.9685931]],[[-1.5956174,54.975646],[-1.6066913,54.9715205]],[[0.0768139,51.386174],[0.0702374,51.3928476]],[[0.0767855,51.3861396],[0.0905003,51.3713923]],[[0.0588195,51.4005778],[0.0699192,51.3930399]],[[0.0859247,51.3768217],[0.0768139,51.386174]],[[0.0764423,51.3960116],[0.0594012,51.4007075]],[[0.0562152,51.4006662],[0.0588195,51.4005778]],[[-1.589813,54.9772736],[-1.5956174,54.975646]],[[-0.011934,51.5447023],[-0.0130969,51.5447155]],[[-0.0090634,51.5446693],[-0.011934,51.5447023]],[[-0.1314237,51.425893],[-0.1388688,51.420282]],[[-0.1432577,51.4412345],[-0.1464442,51.4418695]],[[-0.1337319,51.4246046],[-0.1367874,51.4197402]],[[-0.1432577,51.4412345],[-0.1125911,51.4369048]],[[-1.5966548,54.9643191],[-1.6110014,54.962451]],[[-1.6034867,54.9653956],[-1.5957477,54.9635718]],[[-1.6047047,54.9650554],[-1.6034867,54.9653956]],[[-1.6051668,54.9649117],[-1.6047047,54.9650554]],[[-0.0928368,51.3751535],[-0.1051442,51.3427523]],[[-0.0911863,51.3801257],[-0.0928368,51.3751535]],[[-0.1002264,51.4502051],[-0.1072738,51.4381221]],[[-0.110045,51.4633249],[-0.1146802,51.4633696]],[[-0.1001158,51.4513921],[-0.0573346,51.4211797]],[[-0.1002244,51.450395],[-0.1002264,51.4502051]],[[-0.1075592,51.4379651],[-0.1314237,51.425893]],[[-0.1015366,51.4527],[-0.1019008,51.4640583]],[[-0.1003748,51.4512124],[-0.1002244,51.450395]],[[-0.1025559,51.4313476],[-0.1066916,51.4344418]],[[-0.073734,51.4186199],[-0.0724524,51.4009736]],[[-0.0555523,51.424957],[-0.0547663,51.4266977]],[[-0.0869575,51.3870974],[-0.0871109,51.3899718]],[[-0.0738246,51.398997],[-0.0724727,51.4012096]],[[-0.0764499,51.3943334],[-0.0738246,51.398997]],[[-0.0934862,51.3593586],[-0.0936693,51.3567967]],[[-0.0929125,51.375137],[-0.0928649,51.3731276]],[[-0.0546738,51.4881124],[-0.0539189,51.4791263]],[[-0.0739385,51.4689265],[-0.0745279,51.468931]],[[-1.1399494,52.9473942],[-1.1405068,52.9473654]],[[-0.0057093,51.4111191],[0.001214,51.4065743]],[[0.0007121,51.4067308],[-0.0031325,51.4085351]],[[0.0017804,51.4063108],[0.0175152,51.4001566]],[[0.7329732,51.3425206],[0.7378111,51.3415418]],[[0.7297078,51.3431112],[0.7329408,51.3424852]],[[-0.0397724,51.4585582],[-0.0493666,51.4663059]],[[-0.0303663,51.4527987],[-0.0397724,51.4585582]],[[-0.0257157,51.4406874],[-0.0303663,51.4527987]],[[-0.0255302,51.4404077],[-0.0257157,51.4406874]],[[-0.0241566,51.4385649],[-0.0255302,51.4404077]],[[0.2162939,51.4486216],[0.2098672,51.4499647]],[[0.202857,51.4537342],[0.1948584,51.4625768]],[[0.217894,51.4479486],[0.2162939,51.4486216]],[[0.2080787,51.4504063],[0.202857,51.4537342]],[[0.2205203,51.4472601],[0.217894,51.4479486]],[[0.197612,51.4512202],[0.2028838,51.4537008]],[[-7.3470811,53.5236702],[-7.3474641,53.5275195]],[[-0.3333161,51.3818334],[-0.3344755,51.3808289]],[[-0.331688,51.3825832],[-0.3333161,51.3818334]],[[-7.2134201,55.051747],[-7.059462,55.0475929],[-7.0042688,55.0723478],[-6.9970681,55.1056644],[-6.9757121,55.1155688]],[[-0.7505797,51.5117013],[-0.7418624,51.5142158]],[[-0.7631852,51.5076281],[-0.7505797,51.5117013]],[[-0.8306291,51.4859779],[-0.7631852,51.5076281]],[[-0.9607442,51.4584234],[-0.9508676,51.4579267]],[[-0.96223,51.4586147],[-0.9503301,51.4586166]],[[-0.99713,51.4619407],[-0.9846893,51.4604556]],[[-0.9763492,51.4598752],[-1.0891067,51.4851555],[-1.1297454,51.5142504],[-1.1461578,51.5615716],[-1.2367041,51.6093762]],[[-0.9674894,51.4589624],[-0.9599422,51.4581654]],[[1.0216615,51.9460193],[1.0214672,51.9459101]],[[-1.0861753,51.4846918],[-0.99713,51.4619407]],[[-1.0290028,51.4713729],[-1.0890998,51.4851264],[-1.1297892,51.514234],[-1.1461952,51.5615466],[-1.2433082,51.6114624]],[[-1.1299009,51.514305],[-1.0861753,51.4846918]],[[-1.1338683,51.5292315],[-1.1299009,51.514305]],[[-1.134071,51.5450522],[-1.1338683,51.5292315]],[[-1.1575832,51.5695019],[-1.134071,51.5450522]],[[-1.1835153,51.5889837],[-1.1575832,51.5695019]],[[-1.2285544,51.6066306],[-1.1835153,51.5889837]],[[-1.2288487,51.6067248],[-1.2285544,51.6066306]],[[-1.2471316,51.6168969],[-1.2449845,51.6201652]],[[-2.4330184,51.5269086],[-2.3933891,51.6083316],[-2.4091922,51.6398037]],[[-2.4344146,51.5210326],[-2.4330184,51.5269086]],[[-2.4362505,51.520635],[-2.4344146,51.5210326]],[[-1.0897829,53.7131505],[-1.0892236,53.7158966]],[[-1.0902706,53.7113143],[-1.0890473,53.7152138]],[[-2.6179459,53.6447268],[-2.5960365,53.6090839],[-2.4921549,53.5737296],[-2.4343158,53.5758809]],[[-0.0130861,51.5443538],[-0.013398,51.5430675]],[[0.9821116,51.3400086],[0.9822896,51.3400897]],[[-2.211441,52.1974145],[-2.213617,52.1976255]],[[-0.371476,51.4552411],[-0.3687247,51.4510277]],[[-0.371476,51.4552411],[-0.3613001,51.4623938]],[[-2.2021084,53.494827],[-2.2025995,53.4949622]],[[-2.1713672,53.4928191],[-2.2021084,53.494827]],[[-1.7822775,53.6519777],[-1.7801333,53.654767]],[[-2.1961301,53.4525731],[-2.1640581,53.4073457]],[[-1.8639311,52.493431],[-1.866524,52.4860236]],[[-1.7813462,52.5141643],[-1.8639311,52.493431]],[[-2.1637768,53.4071253],[-2.1625996,53.4029874]],[[-1.8642336,52.4934689],[-1.8216428,52.5068557]],[[-1.858825,52.4980196],[-1.8583129,52.4983657]],[[-1.8650208,52.4906305],[-1.8650112,52.4913366]],[[-1.9311905,52.4144896],[-1.9361728,52.4138481]],[[-1.3276388,52.0760357],[-1.3236236,52.0574433]],[[-7.3548513,53.2150157],[-7.3898782,53.2379327]],[[-3.8233823,57.2771479],[-3.8311992,57.2808692]],[[-2.6146968,50.9434529],[-2.6079238,50.9462659]],[[-1.8660457,52.4871873],[-1.8642336,52.4934689]],[[-0.2573089,51.4037651],[-0.2570777,51.4038103]],[[-1.1547902,53.5112235],[-1.1401601,53.5187393]],[[-0.0616046,51.4926855],[-0.0666513,51.494915]],[[-0.0558518,51.4894196],[-0.0616046,51.4926855]],[[-0.0559132,51.4894117],[-0.0546738,51.4881124]],[[-0.1217962,51.5993844],[-0.1186118,51.5960964]],[[-1.1743696,53.5047444],[-1.1547902,53.5112235]],[[-0.2116676,51.5239755],[-0.2203241,51.5253217]],[[-1.2542547,51.6144179],[-1.2288487,51.6067248]],[[-0.9795655,51.459827],[-0.9832664,51.4594365]],[[-1.2443509,51.6117913],[-1.2471316,51.6168969]],[[-1.1219574,52.6336717],[-1.1254672,52.6302247]],[[-2.3702282,51.3781483],[-2.3789676,51.3790687]],[[-0.5419933,50.8970601],[-0.5419759,50.8972515]],[[-2.1162969,52.5867815],[-2.1221608,52.5901172]],[[-0.7436702,52.0096497],[-0.7431422,52.0090722]],[[-0.7621685,52.0244233],[-0.778187,52.0366337]],[[-0.0087247,51.5446661],[-0.0090634,51.5446693]],[[-0.0875634,51.5056667],[-0.0959456,51.5041407]],[[-1.2701332,51.7524585],[-1.2882251,51.7863536]],[[-1.2725929,51.7622065],[-1.271882,51.7584056]],[[-1.2889846,51.7870508],[-1.2725929,51.7622065]],[[-1.2699211,51.7518769],[-1.2701332,51.7524585]],[[-1.3685165,53.1240179],[-1.38249,53.1411478]],[[-1.3685157,53.1238873],[-1.3685165,53.1240179]],[[-1.3693684,53.112157],[-1.3685157,53.1238873]],[[-6.6582771,55.1303571],[-6.6328197,55.1197851]],[[-4.2453429,56.9281049],[-4.2388513,56.920599]],[[-6.3575603,54.930841],[-6.3446397,54.8882905]],[[-0.6248038,51.8028656],[-0.6217414,51.8001407]],[[-3.5955434,50.5232009],[-3.5969129,50.5242967]],[[-3.5892394,50.5123016],[-3.5955434,50.5232009]],[[-0.3343308,53.3875803],[-0.3420948,53.4288326],[-0.4205146,53.5699393]],[[-3.68601,50.4381656],[-3.6654463,50.4673594],[-3.5892394,50.5123016]],[[-3.686492,50.4376349],[-3.68601,50.4381656]],[[-2.1945934,51.2919954],[-2.1948924,51.2937066]],[[-2.1945555,51.291848],[-2.1945934,51.2919954]],[[-1.1069936,51.2673205],[-1.108843,51.2672048]],[[-1.1067653,51.267336],[-1.1069936,51.2673205]],[[-3.1417342,52.6301176],[-3.1418754,52.6271761]],[[-3.1421797,52.6314704],[-3.1417342,52.6301176]],[[-1.6149821,54.9607758],[-1.6149608,54.962028]],[[-6.3926465,52.2726215],[-6.3943221,52.2739954]],[[-4.1467595,50.377032],[-4.1487492,50.3768077]],[[1.4054297,51.3411668],[1.4077628,51.3420334]],[[-2.1924596,51.2747596],[-2.1945555,51.291848]],[[-0.5206601,52.6380118],[-0.4683389,52.6511734],[-0.3350106,52.6374602]],[[-6.4998243,55.0734635],[-6.4940605,55.0748639]],[[-0.190862,51.9924644],[-0.1900587,51.9925839]],[[-0.5798909,53.2390683],[-0.5586371,53.2306391]],[[-6.3536183,54.9519958],[-6.3575603,54.930841]],[[-1.1676913,53.8907722],[-1.1662086,53.8918947]],[[-1.089862,53.7126806],[-1.1395918,53.5275866],[-1.1271849,53.5388938]],[[-5.9030813,54.6789432],[-5.9024975,54.6802764]],[[-5.9034074,54.6775712],[-5.9030813,54.6789432]],[[-0.5299643,53.2258142],[-0.4321012,53.2596651],[-0.3343308,53.3875803]],[[-2.6354688,53.2975298],[-2.6345031,53.2941683]],[[-2.6356604,53.2974514],[-2.6533094,53.3345231],[-2.6025631,53.3810723],[-2.6230337,53.4363808],[-2.6002436,53.4605931]],[[-2.6699082,53.3122471],[-2.6354688,53.2975298]],[[-2.6341122,53.2927071],[-2.6356604,53.2974514]],[[-2.5844743,53.2572136],[-2.5698019,53.2498024]],[[-1.2630644,53.7064475],[-1.2640221,53.7064212]],[[-1.4090396,53.7159838],[-1.4097345,53.7152438]],[[-1.4686041,52.9294511],[-1.4632081,52.917649]],[[-1.4627607,52.916242],[-1.4633156,52.9185312]],[[-1.3945452,53.7232733],[-1.4025475,53.7299483]],[[-1.4061511,53.7190723],[-1.4090396,53.7159838]],[[-1.4042628,53.7212117],[-1.4061511,53.7190723]],[[-1.4024849,53.7299577],[-1.4042628,53.7212117]],[[-1.3814203,53.7216826],[-1.3945452,53.7232733]],[[-1.3006754,53.4929191],[-1.3054649,53.4827791]],[[-1.3683257,53.4253841],[-1.362931,53.4286058]],[[-1.3844764,53.4205043],[-1.3683257,53.4253841]],[[-1.3630595,53.4283939],[-1.411966,53.4180668]],[[-1.3934852,53.4198487],[-1.3844764,53.4205043]],[[-1.1401628,53.5197902],[-1.1403697,53.5211052]],[[-1.1400082,53.5151051],[-1.1403317,53.5178754]],[[-1.1401438,53.5190166],[-1.1397911,53.5299562]],[[-1.139764,53.5289782],[-1.1397343,53.5276183]],[[-1.1366772,53.5309206],[-1.1396183,53.5253454]],[[-1.1396326,53.5264192],[-1.1397243,53.5242694]],[[-1.1693199,53.5056991],[-1.2986662,53.4886856]],[[-1.1456845,53.5157201],[-1.1695679,53.5056303]],[[-1.1396069,53.5297841],[-1.1396866,53.52758]],[[-1.1399045,53.5147094],[-1.1392101,53.512871]],[[-1.1399455,53.51486],[-1.1399045,53.5147094]],[[-0.0461318,51.4900801],[-0.0477517,51.493392]],[[-0.1494767,51.4732278],[-0.1483878,51.4735141]],[[-0.1500019,51.4730246],[-0.1494526,51.4732009]],[[-2.7239208,52.1670525],[-2.7227435,52.1645431]],[[-2.7331093,52.2306367],[-2.716696,52.1874539],[-2.7239208,52.1670525]],[[-2.2402514,51.8671305],[-2.274986,51.8725814],[-2.4187351,51.8288268],[-2.4558143,51.8044161],[-2.4513989,51.752411],[-2.5257488,51.7157517]],[[0.1351781,52.1570278],[0.1402407,52.1438062]],[[0.6467118,51.8099601],[0.6374244,51.804716]],[[-1.4206113,53.2340512],[-1.419336,53.2384494]],[[-2.6732088,53.6666925],[-2.7062677,53.7507899]],[[-2.6704351,53.6560261],[-2.6732088,53.6666925]],[[-2.6696618,53.6529974],[-2.6704351,53.6560261]],[[-2.6690265,53.6503994],[-2.6696618,53.6529974]],[[-2.6775674,53.678629],[-2.6317275,53.666534],[-2.6179459,53.6447268]],[[-2.6782619,53.6800224],[-2.6775674,53.678629]],[[-1.5119004,53.3328942],[-1.5126397,53.3234473]],[[-0.9615773,51.4584768],[-0.9665912,51.4587322]],[[-1.2444291,51.6118882],[-1.2469381,51.6171624]],[[-2.5099269,55.9967992],[-2.6536196,55.9847039],[-2.7217045,56.0081608],[-2.7752575,56.006629],[-3.0540098,55.9288728],[-3.1755894,55.9542322]],[[-2.5097279,55.996705],[-2.5099269,55.9967992]],[[-2.4997647,55.9880198],[-2.5097279,55.996705]],[[-2.4995797,55.987869],[-2.4997647,55.9880198]],[[-7.2339418,55.0478648],[-7.2134201,55.051747]],[[-7.2356678,55.0475085],[-7.2339418,55.0478648]],[[-1.2738261,52.8822718],[-1.2674657,52.8767348]],[[-1.2748091,52.8826914],[-1.2707844,52.8816808]],[[-1.2476871,52.9498786],[-1.2399016,52.951871]],[[-1.2792632,52.9503157],[-1.2880745,52.9565]],[[-1.2481136,52.9497866],[-1.2476871,52.9498786]],[[-1.2781103,52.9498227],[-1.2481136,52.9497866]],[[-1.2792632,52.9503157],[-1.2781103,52.9498227]],[[-2.2524501,53.4844649],[-2.2602416,53.4789695]],[[-0.9905793,53.6012553],[-0.6598818,53.5848458],[-0.5611962,53.6036591]],[[-1.0294786,53.5865891],[-1.0289809,53.586778]],[[-1.0299019,53.5864279],[-1.0294786,53.5865891]],[[-1.0005829,51.4625042],[-0.9828577,51.4605181]],[[-1.0824531,53.5600098],[-0.9802701,53.6028019]],[[-1.1255436,53.4464656],[-1.1255429,53.4463696]],[[-1.1093216,53.4825064],[-1.1255436,53.4464656]],[[0.8930292,51.3110053],[0.8945645,51.3106686]],[[0.9009429,51.3109276],[0.9821116,51.3400086]],[[0.8970994,51.3100622],[0.9355907,51.2812514]],[[0.9821496,51.339976],[0.8970994,51.3100622]],[[-1.5353967,52.8650063],[-1.4877408,52.8890797]],[[-1.3281558,53.3451596],[-1.3294364,53.3489986]],[[-2.8865807,53.3568778],[-2.8884024,53.3579505]],[[-2.7067026,53.7518163],[-2.7079623,53.7562642]],[[-0.1289449,51.5355249],[-0.1281165,51.5345387]],[[1.794334,50.917283],[1.8087899,50.905763]],[[1.8191964,50.9290366],[1.8203376,50.9310077]],[[-2.4397113,53.1013106],[-2.4900188,53.1854797]],[[1.818339,50.9285862],[1.8071568,50.9172845]],[[-2.7334795,52.2333638],[-2.7331093,52.2306367]],[[0.7295797,51.3431339],[0.7297078,51.3431112]],[[-8.4679991,53.7361553],[-8.4790437,53.7587171]],[[-0.8330516,53.44284],[-0.8540667,53.4706377],[-0.9902499,53.490296]],[[-0.2293434,51.409187],[-0.2313693,51.4087918]],[[-0.7407613,53.0407569],[-0.6829332,53.0061426]],[[-0.1720927,51.4623212],[-0.1697425,51.4648611]],[[-0.1550198,51.4710771],[-0.1500019,51.4730246]],[[-0.1576978,51.4700383],[-0.1564174,51.4703925]],[[-0.1550198,51.4710771],[-0.1569366,51.4703287]],[[-1.097335,53.9550834],[-1.0994281,53.9537676]],[[-0.1608809,51.1912175],[-0.1623989,51.203585]],[[0.9107478,51.8991919],[0.9162406,51.8950958]],[[-1.0358474,50.8406439],[-1.0428116,50.838826]],[[-0.9938799,50.8545362],[-1.0358474,50.8406439]],[[-1.0551363,50.8330681],[-1.0691841,50.7994908]],[[-1.0550204,50.833173],[-1.0551363,50.8330681]],[[-1.054016,50.8340267],[-1.0550204,50.833173]],[[-1.0751507,50.8430255],[-1.1761938,50.8501906]],[[-1.1967912,50.8601345],[-1.1937686,50.8556013]],[[-4.1098975,52.8611175],[-4.1111125,52.830309]],[[-0.5780176,51.2251921],[-0.5777049,51.2200463]],[[-0.5785217,51.2274876],[-0.5780176,51.2251921]],[[-0.5799429,51.234372],[-0.5785217,51.2274876]],[[-0.5841869,51.2561951],[-0.5654052,51.3151232]],[[-0.5842836,51.2481765],[-0.5841869,51.2561951]],[[-0.584279,51.2479659],[-0.5842836,51.2481765]],[[-2.7451972,52.7066605],[-2.7799725,52.5773084],[-2.8259577,52.5096154],[-2.8156173,52.490501],[-2.8398531,52.4505809],[-2.8267818,52.4208547],[-2.7010981,52.3609206],[-2.7384934,52.2601672],[-2.7334795,52.2333638]],[[-2.7459234,52.7078314],[-2.7451972,52.7066605]],[[-2.7456885,52.7073313],[-2.7405761,52.7095481]],[[-0.5743266,51.3119165],[-1.1067581,51.267304]],[[-0.5652047,51.3151611],[-0.5743266,51.3119165]],[[-3.4382079,56.3901142],[-3.4718884,56.4334066],[-3.4714085,56.4667931],[-3.446021,56.4861635]],[[-0.8442333,51.4137124],[-0.8545019,51.420311]],[[-2.751131,52.7136609],[-2.7780984,52.7608649],[-2.9643182,52.8427726],[-3.0530084,52.9112182],[-3.0697327,52.971028],[-3.0030118,53.047419]],[[-0.5749864,50.8282595],[-0.636573,50.830796]],[[-0.6651497,50.7966499],[-0.6438301,50.8304426]],[[-0.6652311,50.7965555],[-0.6651497,50.7966499]],[[-0.6721931,50.7917833],[-0.6652311,50.7965555]],[[-0.5708472,50.8270822],[-0.5749864,50.8282595]],[[-0.568306,50.82553],[-0.5724873,50.8274332]],[[-0.5664184,50.8240281],[-0.568306,50.82553]],[[-0.5707102,50.8270605],[-0.5708472,50.8270822]],[[-0.5648691,50.8272904],[-0.5707102,50.8270605]],[[-0.5427225,50.8876981],[-0.5419933,50.8970601]],[[-0.5642379,50.8274927],[-0.5329893,50.8244644]],[[-0.5648806,50.8273216],[-0.5360388,50.8647419],[-0.5427225,50.8876981]],[[-0.5642197,50.827463],[-0.4755674,50.8165063],[-0.167627,50.8345607]],[[-0.1533481,50.8418501],[-0.1654735,50.834077]],[[-0.1642984,50.8338646],[-0.1656065,50.8341532]],[[-1.3892644,50.9201319],[-1.3888379,50.920869]],[[-1.4142452,50.907597],[-1.4087741,50.9072152]],[[-1.2244246,50.8952228],[-1.2170658,50.890977]],[[-1.2410171,50.9049124],[-1.2244246,50.8952228]],[[-1.3495942,50.9649492],[-1.3444422,50.9613531]],[[-1.3495242,50.9702415],[-1.3495942,50.9649492]],[[-1.350215,50.9675007],[-1.3495242,50.9702415]],[[-1.3466007,50.9819982],[-1.3494762,50.9706056]],[[-1.3457214,50.9850885],[-1.3466007,50.9819982]],[[-3.3092071,52.5127576],[-3.3169041,52.5104482]],[[-1.3449876,50.9868815],[-1.3457214,50.9850885]],[[-1.3447376,50.9873884],[-1.3449876,50.9868815]],[[-1.3446826,50.9875003],[-1.3447376,50.9873884]],[[-1.3368552,51.0003557],[-1.3446826,50.9875003]],[[-1.3350367,51.0032926],[-1.3368552,51.0003557]],[[-1.3337111,51.0055766],[-1.3350367,51.0032926]],[[-1.3336706,51.0056555],[-1.3337111,51.0055766]],[[-1.3326523,51.0077276],[-1.3336706,51.0056555]],[[-1.3287977,51.0193921],[-1.3326523,51.0077276]],[[-1.3290654,51.0188678],[-1.3284367,51.0204353]],[[-1.3276271,51.0223418],[-1.3287977,51.0193921]],[[-1.3275988,51.0224155],[-1.3276271,51.0223418]],[[-1.3263014,51.0261188],[-1.3275988,51.0224155]],[[-1.3259699,51.0284486],[-1.3263014,51.0261188]],[[-1.3261156,51.0319846],[-1.3259699,51.0284486]],[[-1.0869516,51.2685334],[-1.1067653,51.267336]],[[-1.0686246,51.2831591],[-1.0686269,51.2832319]],[[-1.068647,51.2801882],[-1.0686246,51.2831591]],[[-1.0692043,51.276344],[-1.068647,51.2801882]],[[-1.0692305,51.2762674],[-1.0692043,51.276344]],[[-1.0707739,51.2739222],[-1.0692305,51.2762674]],[[-1.4878642,50.9905488],[-1.4716559,50.9201545]],[[-1.4912609,50.9920683],[-1.4878642,50.9905488]],[[-1.4915044,50.9921389],[-1.4912609,50.9920683]],[[-2.705764,53.7468027],[-2.7067026,53.7518163]],[[-2.70607,53.7487931],[-2.7066269,53.7518201]],[[-2.7057074,53.7468055],[-2.70607,53.7487931]],[[-2.704601,53.7409954],[-2.7057074,53.7468055]],[[-2.7039992,53.7383842],[-2.704601,53.7409954]],[[-2.7046617,53.7409915],[-2.705764,53.7468027]],[[-2.7046304,53.7408214],[-2.7046617,53.7409915]],[[-2.7040601,53.7383529],[-2.7046304,53.7408214]],[[-1.4951902,50.9935784],[-1.4915044,50.9921389]],[[-1.4431777,54.3388389],[-1.4427189,54.334787]],[[-1.4355092,54.322606],[-1.4911309,54.4115935],[-1.5503886,54.4633309],[-1.5477677,54.5131929]],[[-1.442192,54.3413007],[-1.4431777,54.3388389]],[[-2.1831663,53.3807467],[-2.1645098,53.397534]],[[-2.1757518,53.3872875],[-2.1728174,53.3899528]],[[-2.9472908,54.8989814],[-2.9453182,54.8974712]],[[-1.1454353,53.3181808],[-1.1450093,53.3180961]],[[-1.7819712,51.0745555],[-1.7823728,51.0764703]],[[-1.6178416,54.964609],[-1.6181346,54.9648238]],[[-7.4685536,52.9622092],[-7.468042,52.9624272]],[[-7.5239836,52.9378872],[-7.4685536,52.9622092]],[[-2.8820019,53.1976322],[-2.8761326,53.195483]],[[-2.8893238,53.1979946],[-2.8994151,53.1913562]],[[-0.582301,53.2399969],[-0.5798909,53.2390683]],[[-1.1901941,53.5785641],[-1.1900698,53.5785532]],[[-2.4409863,50.7060455],[-2.4433611,50.7121469]],[[-2.4411057,50.7047775],[-2.4645005,50.6679276],[-2.4582335,50.6196134]],[[-1.1236806,53.5856],[-1.1237116,53.5831043]],[[-1.0653186,53.7804562],[-1.0886632,53.7164573]],[[-1.0653186,53.7804562],[-1.0597181,53.7862637]],[[0.2492291,51.1917152],[0.2660726,51.1918973],[0.217593,51.2180917],[0.1765463,51.2815292]],[[0.248347,51.1917168],[0.2492291,51.1917152]],[[0.2468062,51.191717],[0.248347,51.1917168]],[[0.2405732,51.1917229],[0.2468062,51.191717]],[[0.17672,51.1969104],[0.2405732,51.1917229]],[[0.072401,51.2071419],[0.17672,51.1969104]],[[0.0613006,51.2082375],[0.072401,51.2071419]],[[0.061083,51.2082591],[0.0613006,51.2082375]],[[0.0412066,51.2104855],[0.061083,51.2082591]],[[0.0088929,51.2135725],[0.0412066,51.2104855]],[[0.0023945,51.2138767],[0.0088929,51.2135725]],[[-0.1182122,51.2252845],[0.0023945,51.2138767]],[[-0.1472016,51.228348],[-0.1182122,51.2252845]],[[-0.151914,51.2288465],[-0.1472016,51.228348]],[[-0.1646678,51.2323321],[-0.151914,51.2288465]],[[-0.1608849,51.1523368],[-0.1608868,51.1471978]],[[-0.1608216,51.1472836],[-0.1608809,51.1912175]],[[-0.1608232,51.1471995],[-0.1608216,51.1472836]],[[-0.1607679,51.1511464],[-0.1607687,51.1536892]],[[-0.1609026,51.1814276],[-0.1608849,51.1523368]],[[-0.1609321,51.1912212],[-0.1609026,51.1814276]],[[-0.1609317,51.1915342],[-0.1609321,51.1912212]],[[-0.162484,51.2035764],[-0.1609317,51.1915342]],[[-0.167973,51.2178277],[-0.162484,51.2035764]],[[-0.1703255,51.2233409],[-0.167973,51.2178277]],[[-0.1706766,51.2259411],[-0.1703255,51.2233409]],[[-0.1696483,51.2326636],[-0.1706766,51.2259411]],[[-0.1667935,51.2371335],[-0.1646678,51.2323321]],[[-0.1670898,51.2374069],[-0.1696483,51.2326636]],[[-0.1607756,51.1251594],[-0.1608232,51.1471995]],[[-0.1607966,51.1216452],[-0.1607756,51.1251594]],[[-0.16087,51.1183639],[-0.1607966,51.1216452]],[[-0.1608332,51.1060017],[-0.16087,51.1183639]],[[-0.1608325,51.1058148],[-0.1608332,51.1060017]],[[-0.1608597,51.0874894],[-0.1608325,51.1058148]],[[-0.1218643,50.9623883],[-0.1225834,50.9611961]],[[-0.1227887,50.960857],[-0.1228501,50.9608644]],[[-0.317335,51.0679953],[-0.4550286,51.0137935],[-0.5491325,50.9292984],[-0.5419485,50.8970586]],[[0.5428253,50.8532264],[0.5423898,50.853156]],[[0.571844,50.8573463],[0.5428253,50.8532264]],[[0.5789399,50.8590211],[0.571844,50.8573463]],[[0.5749453,50.8578367],[0.5743966,50.8577538]],[[0.5751325,50.857882],[0.5749453,50.8578367]],[[0.57953,50.8593617],[0.5751325,50.857882]],[[0.5899696,50.8662308],[0.5789399,50.8590211]],[[0.5937948,50.8675079],[0.5899696,50.8662308]],[[-1.0563667,50.8396128],[-1.0751507,50.8430255]],[[-1.4168421,50.9074414],[-1.4419971,50.9121905]],[[-0.9937279,50.8545625],[-0.9938799,50.8545362]],[[-0.97705,50.8541481],[-0.9937279,50.8545625]],[[-0.580485,51.235881],[-0.584279,51.2479659]],[[-2.1862213,53.3780279],[-2.1871784,53.3771917]],[[-1.8459867,51.0809287],[-1.8450724,51.0808113]],[[-2.0703513,51.0645127],[-2.0756014,51.0626977]],[[-2.0690347,51.0649935],[-2.0703513,51.0645127]],[[-6.2399843,53.356358],[-6.2401058,53.3562947]],[[-3.5972713,50.5247115],[-3.5963265,50.5238867]],[[-6.526107,53.3209278],[-6.517974,53.3257974]],[[-6.4627712,53.3358384],[-6.3636806,53.335245]],[[-1.5530959,53.7934759],[-1.5562727,53.7923269]],[[-1.5546098,53.7930969],[-1.5611184,53.7924297]],[[-1.5541621,53.7932623],[-1.5546098,53.7930969]],[[-1.3035867,53.3502529],[-1.334004,53.3573932]],[[-1.3032631,53.3502276],[-1.3035867,53.3502529]],[[-8.475483,53.3427383],[-8.466221,53.3435578]],[[-7.0738983,53.1435512],[-7.1817227,53.1459374],[-7.2881559,53.0446226],[-7.3292756,53.0239515]],[[-2.8744597,53.3531944],[-2.8865807,53.3568778]],[[-7.0704395,53.1441732],[-7.0738983,53.1435512]],[[-7.0659869,53.1449574],[-7.0704395,53.1441732]],[[-7.0652157,53.1450828],[-7.0659869,53.1449574]],[[-7.055604,53.1467878],[-7.0652157,53.1450828]],[[-7.055375,53.1468286],[-7.055604,53.1467878]],[[-6.9917834,53.1543239],[-7.055375,53.1468286]],[[-7.5578613,52.9189706],[-7.5239836,52.9378872]],[[-7.596357,52.9024115],[-7.5578613,52.9189706]],[[-7.8069588,52.8002451],[-7.8234883,52.7854695],[-7.8318339,52.7247809],[-7.821571,52.678107]],[[-8.1867503,52.5126113],[-8.1891883,52.5109912]],[[-8.1114403,52.5392039],[-8.1867503,52.5126113]],[[-8.1109941,52.539354],[-8.1114403,52.5392039]],[[-8.1988718,52.5093419],[-8.1996585,52.5104308]],[[-7.9276264,52.6112132],[-8.1109941,52.539354]],[[-1.1355238,53.5317141],[-1.1366772,53.5309206]],[[-1.1902692,53.5785705],[-1.1973311,53.579711]],[[-1.1901941,53.5785641],[-1.1902692,53.5785705]],[[-0.7820088,53.3846165],[-0.7835338,53.3841249]],[[-0.7856049,53.3834953],[-0.7814612,53.3848066]],[[-0.9442785,53.3131526],[-0.9421545,53.3122166]],[[-0.9454231,53.3136775],[-0.954929,53.3205858]],[[-0.1968201,51.5201001],[-0.2116676,51.5239755]],[[-0.1967521,51.520232],[-0.2025708,51.5216837]],[[-0.1815671,51.5185577],[-0.1813545,51.5185434]],[[-0.1835428,51.5186537],[-0.1817836,51.5186004]],[[-0.1836128,51.5185275],[-0.1825297,51.5184878]],[[-0.1853409,51.5186369],[-0.184031,51.518556]],[[-1.2532774,50.9135171],[-1.2410171,50.9049124]],[[-1.1316807,53.5346702],[-1.1355238,53.5317141]],[[-1.08238,53.4910731],[-1.0757584,53.486058]],[[-1.3723084,53.4298733],[-1.3786433,53.4274727]],[[-2.0592799,53.4852208],[-2.0620772,53.4844709]],[[-6.8823835,53.1671727],[-6.9917834,53.1543239]],[[-6.8821887,53.1672164],[-6.8823835,53.1671727]],[[-6.8050831,53.1875145],[-6.8821887,53.1672164]],[[-1.2209534,53.7791239],[-1.2179519,53.7792217]],[[-6.23567,53.3585917],[-6.2399843,53.356358]],[[-6.2265111,53.3633353],[-6.23567,53.3585917]],[[-6.2252101,53.3640105],[-6.2265111,53.3633353]],[[-6.2196099,53.3669051],[-6.2252101,53.3640105]],[[-2.9184393,53.1797778],[-2.9545683,53.1087461]],[[-1.9781574,53.344512],[-1.9781331,53.3444309]],[[-1.9789343,53.346983],[-1.9781574,53.344512]],[[-1.9829621,53.3521157],[-1.9789343,53.346983]],[[-2.5915691,53.2607672],[-2.5844743,53.2572136]],[[-2.6048828,53.2673561],[-2.5915691,53.2607672]],[[-2.6231406,53.2777983],[-2.6303781,53.2850606]],[[-2.9146112,53.1822496],[-2.9184393,53.1797778]],[[-2.6844347,53.3151577],[-2.6699082,53.3122471]],[[-2.6892926,53.3161391],[-2.6844347,53.3151577]],[[-2.6904772,53.3163745],[-2.6892926,53.3161391]],[[-0.832829,53.4403408],[-0.8330516,53.44284]],[[-2.914509,54.8859221],[-2.9150519,54.8859109]],[[-6.2077548,53.3718894],[-6.2196099,53.3669051]],[[-6.1789741,53.3811164],[-6.2077548,53.3718894]],[[-6.1788021,53.3811471],[-6.1789741,53.3811164]],[[-6.1670438,53.3842011],[-6.1788021,53.3811471]],[[-0.0115408,51.5354026],[-0.0125133,51.5347475]],[[-6.157505,53.3901639],[-6.1670438,53.3842011]],[[-0.2432356,52.5607831],[-0.2439596,52.5659656]],[[-0.2901603,52.6137351],[-0.3269389,52.6346929]],[[-2.6058411,53.2677973],[-2.6231406,53.2777983]],[[-1.9363711,52.4138636],[-1.9324054,52.4378683]],[[-1.024436,51.4690606],[-1.0290028,51.4713729]],[[-1.2842558,51.6197529],[-1.2542547,51.6144179]],[[-2.4350494,53.0924775],[-2.4342344,53.091642]],[[-2.8836249,53.19812],[-2.8893238,53.1979946]],[[-1.5094044,52.4001292],[-1.4966778,52.397924]],[[-1.0161636,53.4125748],[-1.016363,53.4133677]],[[-0.9626123,53.3266034],[-1.0161636,53.4125748]],[[-0.9617327,53.3258928],[-0.9626123,53.3266034]],[[-2.6331315,57.3377743],[-2.613055,57.3363332]],[[-2.1731297,52.256517],[-2.1576226,52.2689124]],[[-2.1742172,52.255569],[-2.1731297,52.256517]],[[-2.8390565,52.4473982],[-2.8398746,52.4524395]],[[-4.2329776,55.8824156],[-4.2396152,55.8861959]],[[-3.8497776,55.7315321],[-3.8627398,55.7460013]],[[-3.8494663,55.7313752],[-3.8497776,55.7315321]],[[-3.8476453,55.7303577],[-3.8494663,55.7313752]],[[-3.838796,55.7210251],[-3.8476453,55.7303577]],[[-3.7317294,55.6903789],[-3.838796,55.7210251]],[[-3.6908515,55.6919584],[-3.7317294,55.6903789]],[[-3.661858,55.6887406],[-3.6539706,55.6923002]],[[-3.3974657,55.9343033],[-3.3984062,55.934229]],[[-3.4257021,55.8902897],[-3.3196619,55.9000731],[-3.2281272,55.9409267]],[[-3.4343384,55.8887419],[-3.4257021,55.8902897]],[[-3.4397588,55.8873463],[-3.4343384,55.8887419]],[[-3.4785015,55.8761397],[-3.6883031,55.8212286],[-3.8106366,55.8176534],[-3.8621857,55.8003589],[-3.9649101,55.8093752]],[[-3.456824,55.8829523],[-3.4785015,55.8761397]],[[-3.9680108,55.8104378],[-4.0835739,55.8236739]],[[-4.321314,55.8820632],[-4.3221315,55.8891527]],[[-0.037348,51.4826157],[-0.0371795,51.4824544]],[[-0.0393908,51.4836799],[-0.037348,51.4826157]],[[0.5447555,51.3845031],[0.6693188,51.3533773],[0.6228224,51.3630181]],[[0.633462,51.3598366],[0.6204224,51.3634048]],[[0.6338015,51.3597145],[0.633462,51.3598366]],[[0.6402626,51.3580021],[0.6338015,51.3597145]],[[0.6403756,51.3579819],[0.6402626,51.3580021]],[[0.6440102,51.3573138],[0.6403756,51.3579819]],[[0.644189,51.3572839],[0.6440102,51.3573138]],[[0.6501446,51.3561721],[0.644189,51.3572839]],[[0.6503108,51.3561413],[0.6501446,51.3561721]],[[0.6557742,51.355132],[0.6503108,51.3561413]],[[0.6558732,51.3551138],[0.6557742,51.355132]],[[0.6640907,51.3537634],[0.6558732,51.3551138]],[[0.6695096,51.3533645],[0.7295797,51.3431339]],[[0.7317946,51.3427048],[0.7329732,51.3425206]],[[-0.9687193,51.4588063],[-0.9763474,51.4594682]],[[-0.9761697,51.4596849],[-0.9665863,51.4587653]],[[0.5360868,51.3795467],[0.5447555,51.3845031]],[[0.5348734,51.3788725],[0.5360868,51.3795467]],[[0.5341107,51.3785327],[0.5348734,51.3788725]],[[0.5320771,51.3779275],[0.5341107,51.3785327]],[[0.5318364,51.3778855],[0.5320771,51.3779275]],[[0.5279486,51.3778442],[0.5318364,51.3778855]],[[0.5227338,51.3796866],[0.5279486,51.3778442]],[[0.5188404,51.3811004],[0.5227338,51.3796866]],[[0.513829,51.3826327],[0.5188404,51.3811004]],[[0.5126242,51.3835052],[0.513829,51.3826327]],[[0.5121824,51.384064],[0.5126242,51.3835052]],[[0.5080394,51.3878625],[0.5080394,51.3878625]],[[0.499848,51.3932931],[0.5051227,51.3906834]],[[-1.1705525,53.5063548],[-1.1693744,53.5071797]],[[-7.828394,52.6650813],[-7.9276264,52.6112132]],[[-3.0450002,54.9978921],[-3.060142,55.0127264],[-3.1643884,55.0284412],[-3.2302776,55.0644951],[-3.2964727,55.0655493],[-3.3851042,55.1638676],[-3.4065565,55.2638565],[-3.5026854,55.3443684],[-3.5367897,55.3965082],[-3.6561071,55.4387936],[-3.6462336,55.4653763],[-3.6882006,55.4769712],[-3.6853185,55.5111698],[-3.6026048,55.6047164],[-3.6359505,55.6293835],[-3.6348582,55.6660555],[-3.6908515,55.6919584]],[[-3.0444178,54.9973908],[-3.0450002,54.9978921]],[[-3.0443284,54.9973244],[-3.0444178,54.9973908]],[[-3.0392232,54.9931089],[-3.0443284,54.9973244]],[[-1.5112728,53.6898415],[-1.5173649,53.696617]],[[-1.5112353,53.6897849],[-1.5112728,53.6898415]],[[-1.5083218,53.6857313],[-1.5112353,53.6897849]],[[-1.506998,53.6839897],[-1.5083218,53.6857313]],[[-0.6484064,52.9153709],[-0.6481028,52.9189141]],[[-1.1083009,53.6477287],[-1.0897829,53.7131505]],[[-1.1238192,53.5823414],[-1.1083009,53.6477287]],[[-1.1246899,53.7523358],[-1.089862,53.7126806]],[[-1.1575807,53.7799314],[-1.1246899,53.7523358]],[[-1.4340178,54.3200373],[-1.4355092,54.322606]],[[-2.1755523,53.0006099],[-2.160774,52.9942497]],[[-1.5799386,54.9804291],[-1.5795108,54.9806337]],[[-1.6809849,55.1628421],[-1.6817081,55.1627152]],[[-1.6339092,55.3908689],[-1.6220263,55.4309648],[-1.6698282,55.5075947],[-2.0107589,55.7612154],[-2.0082365,55.7841436],[-2.0683377,55.8384412],[-2.134372,55.831731],[-2.3130388,55.8828689],[-2.3659068,55.9405112],[-2.4995797,55.987869]],[[-0.7453899,52.0114209],[-0.7436702,52.0096497]],[[-0.7460638,52.0120773],[-0.7453899,52.0114209]],[[-0.7465613,52.0125274],[-0.7460638,52.0120773]],[[0.8114283,51.3324347],[0.7410221,51.3409293]],[[0.8332131,51.3254453],[0.8114283,51.3324347]],[[0.8853685,51.3120997],[0.8332131,51.3254453]],[[0.8877306,51.3120395],[0.8853685,51.3120997]],[[0.8879026,51.3120279],[0.8877306,51.3120395]],[[-3.0194723,54.976757],[-3.0392232,54.9931089]],[[-3.0140046,54.9722459],[-3.0194723,54.976757]],[[-0.4204732,53.5699205],[-0.5139106,53.600766],[-0.64931,53.5867587]],[[-2.1763251,53.0016309],[-2.1755523,53.0006099]],[[-2.1827549,53.009169],[-2.1838688,53.0098124]],[[-1.2783513,53.7979645],[-1.2703294,53.8042379]],[[-1.2786519,53.7977358],[-1.2783513,53.7979645]],[[-0.0912402,51.3801316],[-0.0929125,51.375137]],[[-2.8355071,53.3543386],[-2.8744597,53.3531944]],[[-2.7691844,53.3563328],[-2.8355071,53.3543386]],[[-2.7677352,53.3563236],[-2.7691844,53.3563328]],[[-2.6907188,53.3164245],[-2.6904772,53.3163745]],[[-2.7220484,53.3267541],[-2.6907188,53.3164245]],[[-2.5959957,53.4882661],[-2.6192952,53.531948]],[[-2.5948696,53.4804522],[-2.5959957,53.4882661]],[[-2.5984945,53.4656246],[-2.5948696,53.4804522]],[[-0.7101388,53.314761],[-0.678338,53.2729892],[-0.582301,53.2399969]],[[0.0535838,51.5544571],[0.0596973,51.5564849]],[[-0.0242187,51.6997953],[-0.026254,51.6861186]],[[-0.1958436,51.8162475],[-0.1962063,51.8154434]],[[-0.2829032,52.6094514],[-0.2901603,52.6137351]],[[-0.6413217,52.90525],[-0.6481394,52.913942]],[[-0.6366257,52.9018287],[-0.6364072,52.9016675]],[[-1.2442195,51.6218277],[-1.2337539,51.6084169]],[[-1.0126245,51.4646091],[-1.0005829,51.4625042]],[[-1.0120959,51.464436],[-1.024436,51.4690606]],[[-1.2239581,53.3344003],[-1.3032631,53.3502276]],[[-2.5544375,51.5147029],[-2.5604893,51.5110581]],[[-1.4592901,53.3820702],[-1.4597936,53.3817305]],[[-1.4567661,53.3834836],[-1.4592901,53.3820702]],[[-1.4563944,53.3836735],[-1.4567661,53.3834836]],[[-1.4321348,53.3866697],[-1.4336642,53.3864556]],[[-2.7876514,51.5839155],[-2.8741724,51.5797871]],[[0.300841,51.0779788],[0.2764032,51.1197328]],[[0.3086346,51.0750783],[0.300841,51.0779788]],[[-2.2330981,51.8634296],[-2.2402514,51.8671305]],[[-3.1074028,51.0235852],[-3.1093995,51.0238903]],[[-0.8327091,53.4356471],[-0.832829,53.4403408]],[[-0.8244793,53.4064906],[-0.8327091,53.4356471]],[[-0.8245368,53.4064812],[-0.8199751,53.3997132]],[[1.1187508,51.36446],[0.9821496,51.339976]],[[1.289347,51.3764134],[1.1187508,51.36446]],[[1.2948149,51.3771371],[1.289347,51.3764134]],[[1.3754747,51.3845586],[1.2948149,51.3771371]],[[-1.2474271,53.0898178],[-1.2512905,53.0909217]],[[-1.110137,52.7317095],[-1.2094587,52.787749],[-1.2630522,52.8459096]],[[-1.1084824,52.730247],[-1.110137,52.7317095]],[[-1.0845365,52.6997736],[-1.1084824,52.730247]],[[-1.0833047,52.6968246],[-1.0845365,52.6997736]],[[-0.6169453,52.6132103],[-0.5206601,52.6380118]],[[-0.6172877,52.6132705],[-0.6169453,52.6132103]],[[-0.6488037,52.9168383],[-0.656257,52.9232933]],[[-1.087907,52.5665753],[-1.1012563,52.5689093]],[[-0.695911,52.6262804],[-0.695076,52.6240786]],[[-2.2165655,51.8635914],[-2.21704,51.8633612]],[[0.7915881,51.5326687],[0.7905292,51.5330496]],[[-8.4091023,53.6975968],[-8.4679991,53.7361553]],[[-1.3408026,53.0710285],[-1.3405211,53.0748815]],[[-1.3424665,53.0661148],[-1.3408026,53.0710285]],[[-1.5119043,53.3329507],[-1.5117311,53.3330722]],[[-1.5117344,53.3330099],[-1.5119004,53.3328942]],[[-1.5104116,53.3339673],[-1.5117344,53.3330099]],[[-1.0824531,53.5600098],[-1.0844916,53.5590658]],[[-1.0670982,53.5673461],[-1.067802,53.5670333]],[[-1.9634287,52.1073068],[-1.9576012,52.1024526]],[[-1.1906774,53.3285905],[-1.1454353,53.3181808]],[[-1.0751383,53.7796114],[-1.0653186,53.7804562]],[[-1.3249018,53.7887543],[-1.2786519,53.7977358]],[[-4.0809847,55.8858635],[-4.2269454,55.8806713]],[[-4.0802458,55.8857464],[-4.0809847,55.8858635]],[[-4.0729608,55.8846213],[-4.0802458,55.8857464]],[[-3.9264634,55.9855963],[-4.0416771,55.8927354],[-4.0729608,55.8846213]],[[-3.8972116,55.9881756],[-3.9264634,55.9855963]],[[-3.8865361,55.9913562],[-3.9055792,55.9852703]],[[-8.3013549,53.6413683],[-8.3423527,53.6474927],[-8.4091023,53.6975968]],[[-3.8298568,56.0214329],[-3.8331662,56.0138205]],[[-3.8300521,56.0081026],[-3.838067,56.0044551]],[[-1.1683461,53.5058143],[-1.1688908,53.5057356]],[[-1.1450909,53.515963],[-1.1456845,53.5157201]],[[-1.126319,53.5396146],[-1.1316807,53.5346702]],[[-1.1743889,53.5047665],[-1.1705525,53.5063548]],[[-1.2912385,53.4911059],[-1.3006754,53.4929191]],[[-8.2969989,53.6407532],[-8.3013549,53.6413683]],[[-8.2851127,53.6390584],[-8.2969989,53.6407532]],[[-8.2631737,53.6353459],[-8.2851127,53.6390584]],[[-1.3056712,53.4874918],[-1.3056566,53.4872257]],[[-1.1685112,52.7146008],[-1.1677201,52.71413]],[[-1.5343486,52.865408],[-1.5356338,52.8648615]],[[-1.4174973,53.414455],[-1.4160322,53.4154323]],[[-1.4145574,53.4163969],[-1.412002,53.4180869]],[[-1.4614854,53.3800585],[-1.4612902,53.3803494]],[[-1.4615851,53.3798937],[-1.4615086,53.3800607]],[[-1.4624999,53.3778018],[-1.462235,53.3793839]],[[-1.1396326,53.5264192],[-1.1395918,53.5275866]],[[-2.2383575,53.3648015],[-2.2408517,53.3580528]],[[-2.2410647,53.3576285],[-2.2462585,53.3626179]],[[-2.2263106,53.3241642],[-2.2260169,53.3260749]],[[-1.9842284,53.3529747],[-1.9829621,53.3521157]],[[-1.9902654,53.3566596],[-1.9891285,53.3558942]],[[-1.4622603,53.3762094],[-1.4624999,53.3778018]],[[-1.4616614,53.3755607],[-1.4616278,53.3752114]],[[-2.1099456,53.3745458],[-2.1125577,53.3746412]],[[-1.4624558,53.3768546],[-1.4617072,53.3799582]],[[-2.1635014,53.4067243],[-2.162651,53.4029941]],[[-2.1639861,53.4073637],[-2.1635014,53.4067243]],[[-2.1628431,53.4036094],[-2.1629988,53.4040339]],[[-2.228836,53.4764854],[-2.2274909,53.4764527]],[[1.8072097,50.9101367],[1.8481509,50.9342811]],[[-1.3139312,53.6016958],[-1.3130477,53.60148]],[[-3.4508334,55.884494],[-3.4397588,55.8873463]],[[-6.157247,53.3903702],[-6.157505,53.3901639]],[[-6.3474208,53.3371984],[-6.3269892,53.3412177]],[[-6.3479718,53.3370908],[-6.3474208,53.3371984]],[[-3.8767554,57.5786256],[-3.8713969,57.5804034]],[[-2.7500325,57.3515871],[-2.6331315,57.3377743]],[[-0.9893286,51.4564958],[-0.9761697,51.4596849]],[[-0.4319798,51.504129],[-0.4257636,51.5034295]],[[-6.0596298,53.1426053],[-6.0628343,53.1458887]],[[-0.1610632,51.1563275],[-0.1609337,51.1593063]],[[-0.1610606,51.1561757],[-0.1610632,51.1563275]],[[-0.1610532,51.1559042],[-0.1610606,51.1561757]],[[-0.1610484,51.1558313],[-0.1610532,51.1559042]],[[-6.9772166,52.9937926],[-6.9738278,52.9881417]],[[-5.9175927,54.5957952],[-5.9175601,54.5969764]],[[-2.4266862,53.0818998],[-2.4304608,53.0855712]],[[-2.4302156,53.0848474],[-2.4303747,53.0850248]],[[-3.5436846,50.7279942],[-3.5435948,50.72829]],[[-6.3375505,53.7183908],[-6.3376227,53.719854]],[[-6.2748394,53.3656329],[-6.2606728,53.3636448]],[[-5.9174952,54.5969648],[-5.9176376,54.5961871]],[[-5.9170523,54.5981602],[-5.9174952,54.5969648]],[[-1.8880332,52.4774575],[-1.8874168,52.4772699]],[[-6.1494777,53.400633],[-6.157247,53.3903702]],[[-7.4990113,53.2694672],[-7.5033251,53.2729381]],[[-6.3904382,52.2708102],[-6.3926465,52.2726215]],[[-0.1722142,51.4619028],[-0.1720927,51.4623212]],[[-0.1481404,51.4909869],[-0.1482519,51.4907349]],[[-0.0887987,51.3834852],[-0.0912402,51.3801316]],[[-0.1072978,51.4381482],[-0.1062282,51.4389056]],[[-0.2721679,51.3333932],[-0.2680711,51.3348462]],[[-0.2439444,51.4673745],[-0.2474565,51.4688362]],[[-0.3361492,51.4484718],[-0.3386837,51.4457534]],[[-0.27082,51.4990805],[-0.2659363,51.5031835]],[[-2.5738721,51.4517068],[-2.5729452,51.4517681]],[[-1.7824101,53.6518012],[-1.7838169,53.6498023]],[[-5.9033548,54.6775601],[-5.9246453,54.6940953]],[[-6.212075,54.7187611],[-6.208865,54.7150823]],[[-7.3143161,54.998437],[-7.2356678,55.0475085]],[[-3.1383516,52.6589351],[-3.1421797,52.6314704]],[[-7.7231736,52.8447509],[-7.8069588,52.8002451]],[[-5.7580632,54.8125927],[-5.7623508,54.8143755]],[[-6.3685146,54.9834017],[-6.3536183,54.9519958]],[[-6.2896099,54.7838179],[-6.2328888,54.7374597]],[[-5.7098126,54.747336],[-5.7095083,54.7499354]],[[-0.9681995,51.4588083],[-0.9687193,51.4588063]],[[-6.2401265,53.3563372],[-6.2401924,53.356303]],[[-7.6060102,52.8987876],[-7.7231736,52.8447509]],[[-6.0556954,52.9877977],[-6.0657749,52.9882585]],[[0.2916969,52.4050992],[0.2908157,52.4046445]],[[-6.2890486,52.6733319],[-6.2882339,52.6741494]],[[-5.9189178,54.592384],[-5.9173507,54.5949628]],[[-5.9246977,54.6056867],[-5.9236657,54.6088778]],[[0.0131922,51.4666431],[0.016333,51.4681759]],[[-0.8441606,51.7213733],[-0.8444044,51.7143392]],[[-2.0877474,54.9714392],[-2.007737,54.9648137]],[[-6.510603,55.0683063],[-6.4998243,55.0734635]],[[-2.9150202,54.8859437],[-2.914509,54.8859221]],[[-3.8428093,56.0505778],[-3.8298568,56.0214329]],[[-0.0120695,51.541904],[-0.0124787,51.5420866]],[[-1.3350965,54.5481],[-1.326631,54.5580797]],[[-0.2241024,52.4208154],[-0.2215273,52.4174131]],[[-1.1366745,52.5821454],[-1.126269,52.5891592]],[[-1.2334749,53.7904051],[-1.2343971,53.7810691]],[[-2.4460804,52.6872296],[-2.3097741,52.6455004]],[[-2.470893,52.6999969],[-2.5134164,52.7011893]],[[-2.4594043,52.6980023],[-2.470893,52.6999969]],[[-2.4524736,52.6948346],[-2.4594043,52.6980023]],[[-2.513417,52.701152],[-2.5186717,52.7014586]],[[-2.448102,52.6909003],[-2.4524736,52.6948346]],[[-2.4460804,52.6872296],[-2.448102,52.6909003]],[[-3.4369074,56.3879924],[-3.4379008,56.389482]],[[-3.4349753,56.3853073],[-3.4369074,56.3879924]],[[-4.1962497,55.8284324],[-4.195581,55.8283522]],[[-1.7424084,53.6751299],[-1.741578,53.675743]],[[-4.2610192,55.84386],[-4.1962497,55.8284324]],[[-3.8737241,55.7552003],[-3.8626937,55.7460281]],[[-3.8333745,56.0134843],[-3.8324217,56.0155063]],[[-3.7155917,55.984703],[-3.7076245,55.983767]],[[-4.2616896,55.8468124],[-4.2610192,55.84386]],[[-1.0944111,53.9605904],[-1.0981091,53.9620623]],[[-1.5469368,54.5164867],[-1.5471069,54.5157907]],[[-4.2432835,56.9385912],[-4.2453429,56.9281049]],[[-3.8555614,52.5947786],[-3.850772,52.5972026]],[[-3.8567085,52.5942116],[-3.8555614,52.5947786]],[[-4.520593,55.6705371],[-4.5331909,55.710017]],[[-4.5181547,55.7493282],[-4.518298,55.7491546]],[[-4.5176039,55.7500353],[-4.5181547,55.7493282]],[[-8.0827642,53.571558],[-8.0854906,53.5764998]],[[-8.2064322,53.6282483],[-8.2631737,53.6353459]],[[1.0397772,51.9491861],[1.0216615,51.9460193]],[[-2.1742172,52.255569],[-2.1964182,52.2237046]],[[0.2231748,51.4471143],[0.2223198,51.4470627]],[[-5.7420991,54.7312779],[-5.7098126,54.747336]],[[-6.3298479,53.3406257],[-6.3452064,53.3375966]],[[-6.2401265,53.3563372],[-6.2399948,53.3564054]],[[-0.0011985,51.4079221],[0.0017804,51.4063108]],[[-0.1009385,51.4522096],[-0.1001158,51.4513921]],[[0.090318,51.3715656],[0.0859247,51.3768217]],[[0.0904464,51.3713748],[0.090318,51.3715656]],[[0.0699907,51.3930153],[0.0767855,51.3861396]],[[0.8710572,51.1452392],[0.8707005,51.1453797]],[[0.8585932,51.1476822],[0.8565711,51.1478349]],[[-0.0887543,51.3834687],[-0.0911863,51.3801257]],[[-0.1609424,51.1544388],[-0.1610484,51.1558313]],[[-0.081216,51.3895922],[-0.0764499,51.3943334]],[[-0.2459651,51.4676439],[-0.2439444,51.4673745]],[[-2.5985655,53.4656306],[-2.6068459,53.5147902]],[[-2.2550327,53.4830463],[-2.2625961,53.4810521]],[[-2.2533025,53.4840699],[-2.2524696,53.4845762]],[[-2.5977864,53.2637642],[-2.6058411,53.2677973]],[[-4.2597737,55.8519082],[-4.2616896,55.8468124]],[[-4.260208,55.8522404],[-4.2600192,55.8527662]],[[-4.258042,55.8576772],[-4.2583478,55.8565137]],[[-2.1991878,52.8712143],[-2.1843861,52.8479842]],[[-2.1940657,52.8807667],[-2.1991878,52.8712143]],[[0.8651508,49.6313029],[0.8517069,49.6364276]],[[0.8531961,49.636318],[0.8655612,49.6310653]],[[-2.4342018,53.0917939],[-2.4224339,53.109964]],[[-7.9143492,53.8566408],[-7.9060345,53.8473578]],[[-0.907065,52.2360965],[-0.9077669,52.2406862]],[[-0.0139179,51.4619101],[-0.013032,51.4637997]],[[-1.1010411,53.9526798],[-1.1666515,53.8917836]],[[-3.0068483,54.9662823],[-3.0140046,54.9722459]],[[-1.4327287,54.317505],[-1.4340178,54.3200373]],[[-8.1078213,53.9388371],[-8.1127749,53.939911]],[[-4.2595195,55.8527007],[-4.2597737,55.8519082]],[[-4.2594536,55.8528754],[-4.2595195,55.8527007]],[[-4.2601334,55.8527793],[-4.2602583,55.8519679]],[[-4.2600933,55.8529506],[-4.2601334,55.8527793]],[[-4.2597264,55.8539677],[-4.2600933,55.8529506]],[[-4.2591639,55.8537073],[-4.2594536,55.8528754]],[[-4.2591097,55.8538883],[-4.2591639,55.8537073]],[[-7.5990148,53.6880053],[-7.6070236,53.689454]],[[-1.0877911,52.960194],[-1.03687,52.9854045]],[[-0.2867152,52.6260296],[-0.2857208,52.6272332]],[[0.0824527,51.538556],[0.1116571,51.5302463]],[[-3.8782783,55.7566269],[-3.8737241,55.7552003]],[[-2.6338009,53.2916245],[-2.6341122,53.2927071]],[[0.863607,51.1471732],[0.8585932,51.1476822]],[[0.8691551,51.1458066],[0.863607,51.1471732]],[[-0.2441851,52.5544922],[-0.2432356,52.5607831]],[[-0.0077299,51.4144834],[-0.0241566,51.4385649]],[[-6.9586222,52.6965802],[-6.9734349,52.6908767]],[[0.2936953,52.4060288],[0.2916969,52.4050992]],[[-7.6371079,53.3353811],[-7.6430625,53.3341331]],[[-0.693466,52.6253504],[-0.6172877,52.6132705]],[[-6.4756759,52.3468236],[-6.5049885,52.3501434]],[[1.0472295,51.9493338],[1.0397772,51.9491861]],[[-1.5519915,53.793637],[-1.5438613,53.7947952]],[[-0.6384995,52.903161],[-0.6413217,52.90525]],[[-8.4525803,51.9024107],[-8.4533604,51.902352]],[[-5.7729497,54.7236977],[-5.7553799,54.7251171]],[[-5.7845154,54.7222304],[-5.7729497,54.7236977]],[[-5.7913616,54.7208115],[-5.7845154,54.7222304]],[[-5.7925029,54.7205745],[-5.7913616,54.7208115]],[[-5.8072872,54.7176922],[-5.7925029,54.7205745]],[[-5.8078746,54.7176457],[-5.8072872,54.7176922]],[[-2.7460511,52.708239],[-2.7459234,52.7078314]],[[-5.9170061,54.5982988],[-5.9170523,54.5981602]],[[-1.1602043,52.8902528],[-1.1596466,52.8917086]],[[-6.3021729,53.3455326],[-6.3063764,53.3439528]],[[-6.4695742,52.3448231],[-6.4756759,52.3468236]],[[-6.92183,52.8380785],[-6.9216988,52.8378531]],[[-0.7146579,53.3218513],[-0.7101388,53.314761]],[[-0.3727307,51.4540546],[-0.371476,51.4552411]],[[-0.797926,53.0787189],[-0.7407613,53.0407569]],[[-2.4188445,53.0649924],[-2.4300966,53.0845564]],[[-4.2591097,55.8538883],[-4.2586686,55.8560255]],[[-1.8919607,52.4790032],[-1.8955996,52.4781079]],[[-2.4310446,53.0862345],[-2.4325568,53.0887614]],[[-2.430602,53.0854001],[-2.4309301,53.0859514]],[[-2.4312937,53.0867536],[-2.4295181,53.0837705]],[[-2.4302156,53.0848474],[-2.4310446,53.0862345]],[[-2.1855455,53.3786767],[-2.1831663,53.3807467]],[[-2.5987816,53.4645139],[-2.5984945,53.4656246]],[[-0.768979,52.0297644],[-0.7465613,52.0125274]],[[-0.7784847,52.0369544],[-0.7723701,52.0324507]],[[-1.0941984,53.9604129],[-1.0944111,53.9605904]],[[-1.0992401,53.9538455],[-1.1010411,53.9526798]],[[-1.5415376,53.7950574],[-1.5410096,53.7951421]],[[-1.097335,53.9550834],[-1.0980961,53.9544962]],[[-1.0970693,53.9553019],[-1.097335,53.9550834]],[[-1.5450396,54.5245831],[-1.5452762,54.5235478]],[[-1.5526725,53.7935509],[-1.5541621,53.7932623]],[[-1.5530959,53.7934759],[-1.5512453,53.7936688]],[[-1.5438367,53.7947621],[-1.5444514,53.7946988]],[[-1.4623076,52.9122474],[-1.4689099,52.9003498]],[[-2.9766314,56.4548802],[-2.9790001,56.4542705]],[[-1.3149257,53.6019368],[-1.3139312,53.6016958]],[[-1.8960498,52.4779114],[-1.8959581,52.4779363]],[[-3.6867298,50.437406],[-3.686492,50.4376349]],[[-3.8335961,56.0128772],[-3.8337587,56.0125068]],[[-1.5415185,53.7950341],[-1.5419461,53.7949761]],[[-1.1296844,52.6238278],[-1.1301029,52.6227062]],[[-0.4771717,52.1321099],[-0.4817234,52.1382355]],[[-4.2284161,55.8812139],[-4.2321868,55.8822262]],[[-4.2401269,55.8869447],[-4.2313326,55.8820831]],[[-3.8872184,55.9910134],[-3.8861077,55.9916376]],[[-3.5727846,56.5550457],[-3.5791654,56.557192]],[[-0.2712017,51.498851],[-0.2710681,51.498979]],[[-3.9689093,55.810814],[-3.9658775,55.8096907]],[[-4.0835765,55.8237032],[-4.0735513,55.8232542]],[[-0.1011801,51.452452],[-0.1003748,51.4512124]],[[-0.1505995,51.5527113],[-0.1512264,51.5527297]],[[-7.1797033,53.146063],[-7.1760021,53.1458572]],[[-0.0933876,51.3607148],[-0.0934862,51.3593586]],[[-0.166258,51.2387683],[-0.1673416,51.2379967]],[[-0.1663447,51.2387107],[-0.1638764,51.2426708]],[[-1.5468065,54.5176579],[-1.5468679,54.5179684]],[[-1.1466322,52.947112],[-1.1502994,52.9465522]],[[-1.6154881,54.9601246],[-1.6149821,54.9607758]],[[0.1805765,51.2792948],[0.1810051,51.2779863]],[[-0.1478075,51.4911457],[-0.1474385,51.4916543]],[[-0.0877783,51.3912241],[-0.0870635,51.3899888]],[[-0.166258,51.2387683],[-0.1670898,51.2374069]],[[-0.1664817,51.238483],[-0.1663447,51.2387107]],[[0.266704,51.1918301],[0.264583,51.1918715]],[[-0.3171953,51.0686441],[-0.317335,51.0679953]],[[0.2722598,51.1912911],[0.2726675,51.1912401]],[[-2.706549,53.7531261],[-2.7063781,53.7517214]],[[-2.2662884,53.4785246],[-2.2714715,53.4787772]],[[-0.1441947,51.5518702],[-0.1505995,51.5527113]],[[0.2667184,51.1918633],[0.2722598,51.1912911]],[[-0.0157542,51.5432029],[-0.0161258,51.5432828]],[[-0.3774196,51.452136],[-0.3727307,51.4540546]],[[-0.3714379,51.4552228],[-0.3687179,51.4510592]],[[1.542567,49.6175805],[1.542242,49.617826]],[[1.5391015,49.6278206],[1.5431014,49.6367852]],[[0.0278589,51.4861677],[0.0326937,51.4870978]],[[-1.9041179,52.4785547],[-1.9038495,52.4785315]],[[-3.0017915,51.5871648],[-3.0026308,51.5857106]],[[-3.2073322,51.4788575],[-3.2018576,51.4774548]],[[-2.5751838,51.4515349],[-2.5745056,51.4516081]],[[-0.4372738,51.5049323],[-0.4319798,51.504129]],[[0.8781802,51.1417257],[0.8691551,51.1458066]],[[-2.7505145,52.7128134],[-2.7497368,52.7145312]],[[-1.6887285,53.5870967],[-1.6879202,53.5869689]],[[-1.6232813,53.5268333],[-1.6230961,53.5265497]],[[-0.0791583,51.5213892],[-0.0798076,51.5205588]],[[-0.0795126,51.5212049],[-0.0797123,51.521067]],[[-0.0793429,51.5209712],[-0.0798908,51.5199582]],[[-1.2540124,50.9139147],[-1.2532774,50.9135171]],[[-1.3946617,53.4196756],[-1.3934852,53.4198487]],[[-0.1226081,51.5419437],[-0.1221686,51.5429791]],[[-0.4954093,51.958007],[-0.4960466,51.938378]],[[0.5011705,50.9323785],[0.4898571,50.9045014]],[[-0.1893218,51.5189111],[-0.1968201,51.5201001]],[[-2.9754605,56.4551998],[-2.9766314,56.4548802]],[[-1.3889752,50.9205492],[-1.3920817,50.909268]],[[-1.3916714,50.9135255],[-1.3892644,50.9201319]],[[-0.7707444,52.0311511],[-0.768979,52.0297644]],[[-2.7683636,53.3563022],[-2.7669873,53.3562756]],[[-1.001726,51.4625978],[-1.0120959,51.464436]],[[-1.2561232,51.6149305],[-1.2545601,51.6145375]],[[-1.1472463,53.7765302],[-1.0751383,53.7796114]],[[-1.1287949,53.5927944],[-1.1236806,53.5856]],[[-1.1018176,53.5824313],[-1.13239,53.5970114]],[[-1.1319545,53.5965847],[-1.1311712,53.5956465]],[[-1.1308619,53.5953029],[-1.1287949,53.5927944]],[[-1.4148593,53.7099245],[-1.4140732,53.710774]],[[-1.5447468,52.8612148],[-1.5353967,52.8650063]],[[-1.3292826,53.3486577],[-1.3278488,53.3444206]],[[-1.3293926,53.3490039],[-1.3292826,53.3486577]],[[-1.3546818,53.3933986],[-1.3293926,53.3490039]],[[-1.3546101,53.3938586],[-1.3546818,53.3933986]],[[-1.3641963,53.4090733],[-1.3546101,53.3938586]],[[-1.3642754,53.4091872],[-1.3641963,53.4090733]],[[-1.3710224,53.4216072],[-1.3642754,53.4091872]],[[-1.3720428,53.4239251],[-1.3710224,53.4216072]],[[-1.3725545,53.4265376],[-1.3720428,53.4239251]],[[-1.3725749,53.427012],[-1.3725545,53.4265376]],[[-1.3725739,53.4274949],[-1.3725749,53.427012]],[[-1.3725737,53.427595],[-1.3725739,53.4274949]],[[-1.3707516,53.4323484],[-1.3725737,53.427595]],[[-1.4158304,53.415564],[-1.4145574,53.4163969]],[[-1.2459668,52.8974372],[-1.2459254,52.8974577]],[[-1.8015325,51.0714053],[-1.8034035,51.0707563]],[[-1.4170329,50.9075794],[-1.4142452,50.907597]],[[-1.4427724,50.9121679],[-1.4211389,50.9074767]],[[-1.4717627,50.9201492],[-1.472705,50.9203006]],[[-1.4623587,52.9122299],[-1.4656961,52.9041826]],[[-2.43394,53.0869894],[-2.4294994,53.0792095]],[[-2.4303202,53.080297],[-2.4332439,53.0856807]],[[-1.9291181,52.415018],[-1.9311905,52.4144896]],[[-2.2103212,52.1967984],[-2.211441,52.1974145]],[[1.5416045,49.6344063],[1.5397698,49.631462]],[[-1.618895,49.629831],[-1.6188337,49.6302213]],[[-1.5799386,54.9804291],[-1.589813,54.9772736]],[[-1.6740384,55.1645553],[-1.6837755,55.1621566]],[[1.8085054,50.9073432],[1.8072097,50.9101367]],[[1.8086644,50.9071141],[1.8085054,50.9073432]],[[1.8565456,50.9355654],[1.8567002,50.935509]],[[1.801124,50.9155517],[1.805475,50.916276]],[[-1.5558053,53.7924374],[-1.5564437,53.7921757]],[[-2.4323039,50.7094082],[-2.4294428,50.7093995]],[[-1.1011575,53.5824517],[-1.0993943,53.5825368]],[[-3.0015702,51.5876998],[-3.002558,51.5861022]],[[-0.1263587,51.539825],[-0.1253256,51.5400977]],[[-1.4625169,52.9146574],[-1.4627607,52.916242]],[[-1.4623587,52.9122299],[-1.4623076,52.9122474]],[[-1.4623685,52.913384],[-1.4623861,52.913673]],[[0.3097419,51.4542813],[0.3104933,51.4536891]],[[0.9004897,51.1307099],[0.8916769,51.1352069]],[[-1.4608246,52.9121458],[-1.4623685,52.913384]],[[-0.1387634,51.4256122],[-0.138787,51.4252931]],[[-0.1143137,51.5005671],[-0.114322,51.5006418]],[[-0.0820327,51.5029514],[-0.0780595,51.5008708]],[[-0.0165002,51.4618786],[-0.0165753,51.4620816]],[[-3.8258626,57.1945906],[-3.8257582,57.1947481]],[[-2.2652685,53.4785296],[-2.2643053,53.4784957]],[[-2.2510804,53.4850965],[-2.2524501,53.4844649]],[[-2.2592256,53.4771005],[-2.258477,53.4810962]],[[-2.2644903,53.4784708],[-2.2662884,53.4785246]],[[-2.4748883,56.7086768],[-2.4722557,56.7128277]],[[-2.9752761,53.4072435],[-2.9736697,53.4071718]],[[-2.2584524,53.4763448],[-2.2592256,53.4771005]],[[-0.5800954,51.2350208],[-0.5799429,51.234372]],[[-0.5802842,51.235407],[-0.580485,51.235881]],[[-2.2764782,51.0327768],[-2.2697968,51.034797]],[[-1.4688238,52.9310498],[-1.4689027,52.9317479]],[[-1.4686655,52.9297884],[-1.4686041,52.9294511]],[[-1.5412911,52.2847278],[-1.5431714,52.2849525]],[[1.8194273,50.9280388],[1.8202798,50.9301479]],[[-1.3303604,52.0653632],[-1.3233598,52.0573557]],[[-0.0792128,51.5214119],[-0.0788742,51.5216355]],[[-1.4624558,53.3768546],[-1.4623387,53.3764847]],[[-2.225135,53.4762011],[-2.2255123,53.4763609]],[[-2.5477909,51.5145778],[-2.5544375,51.5147029]],[[0.4977227,50.9378492],[0.5011705,50.9323785]],[[-1.7824101,53.6518012],[-1.7822775,53.6519777]],[[-3.543744,50.7274186],[-3.5437681,50.727247]],[[-0.6374785,52.9024033],[-0.6384995,52.903161]],[[-0.6485534,52.9161153],[-0.6488037,52.9168383]],[[0.4738658,50.9512614],[0.4977227,50.9378492]],[[0.4632366,50.9579391],[0.4636194,50.9573207]],[[1.8198151,50.9291888],[1.8086003,50.9169277]],[[1.81998,50.9305196],[1.8193296,50.9295406]],[[0.0366036,51.5510211],[0.0359913,51.5509599]],[[-0.1853409,51.5186369],[-0.1893218,51.5189111]],[[-4.1891956,50.4023702],[-4.1907328,50.402712]],[[-2.209991,52.1963341],[-2.2103212,52.1967984]],[[-1.2711151,51.7557081],[-1.2712741,51.7564111]],[[-1.6133986,54.9684831],[-1.6167528,54.9678992]],[[-2.1180901,52.5869683],[-2.1167229,52.5867462]],[[-1.5110044,52.400321],[-1.5119418,52.4004441]],[[-1.5094627,52.3995117],[-1.5110044,52.400321]],[[-1.3503725,50.9670727],[-1.3504521,50.9667552]],[[-0.9968322,51.4420829],[-0.9972312,51.4416931]],[[-0.9960876,51.4429284],[-0.9968322,51.4420829]],[[-1.9025204,52.4782553],[-1.9019015,52.4781414]],[[-1.4624639,52.9139557],[-1.4625169,52.9146574]],[[-1.4624407,52.9136636],[-1.4624639,52.9139557]],[[-2.2169738,51.8633997],[-2.2166121,51.86361]],[[-0.2784683,51.5154405],[-0.2732746,51.5159953]],[[-0.2847634,51.5151225],[-0.2784683,51.5154405]],[[-0.2888002,51.5149626],[-0.2847634,51.5151225]],[[1.4031818,51.3404687],[1.4054297,51.3411668]],[[0.867661,51.1462964],[0.8692764,51.145798]],[[-0.128789,51.5357502],[-0.1286394,51.535468]],[[-0.0154677,51.5447405],[-0.0157531,51.5447438]],[[0.8885104,51.3119832],[0.8879026,51.3120279]],[[0.8661669,51.1466873],[0.867661,51.1462964]],[[0.8665387,51.1466347],[0.8657079,51.1468465]],[[0.8695537,51.1457652],[0.8665387,51.1466347]],[[-2.4301724,53.5755668],[-2.4332529,53.5757221]],[[-0.4598295,51.4695185],[-0.4561687,51.4713518]],[[-0.1826457,51.518621],[-0.1815671,51.5185577]],[[0.4275868,51.5670935],[0.426898,51.5671896]],[[0.6693188,51.3533773],[0.6695096,51.3533645]],[[0.5945301,50.8677792],[0.5937948,50.8675079]],[[-0.2526613,51.9702906],[-0.252064,51.9706683]],[[-0.0260207,51.470638],[-0.0269848,51.4711458]],[[-0.0021696,51.4529135],[-0.0035729,51.4539339]],[[-0.1948311,51.5198223],[-0.1967521,51.520232]],[[-6.3014216,53.3460735],[-6.3007698,53.3461266]],[[-6.3296951,53.3406576],[-6.3298479,53.3406257]],[[-6.0553088,52.987836],[-6.0556954,52.9877977]],[[-4.6983233,55.9904602],[-4.628804,55.9522268]],[[-2.7472966,52.7101683],[-2.7473598,52.7102151]],[[-2.430484,53.0832195],[-2.4310787,53.0823795]],[[-4.0555679,52.7215318],[-4.0539109,52.7203085]],[[-4.0897366,52.5836067],[-4.0661716,52.5455461]],[[-4.0494319,57.0785821],[-4.0493627,57.0786021]],[[-3.9272265,57.1305093],[-3.927151,57.1305647]],[[-3.8285199,56.0079835],[-3.8300521,56.0081026]],[[-4.6996082,55.9914053],[-4.6983233,55.9904602]],[[-4.2596698,55.8541076],[-4.2597264,55.8539677]],[[-3.4416056,56.3950706],[-3.4387477,56.3912363]],[[-1.1400633,53.5200545],[-1.1401088,53.5203548]],[[-2.1971969,51.2686939],[-2.1924596,51.2747596]],[[1.091089,51.0911755],[1.0856844,51.0909767]],[[0.8937697,51.3108268],[0.8930292,51.3110053]],[[0.8943354,51.3106825],[0.8955907,51.3104202]],[[0.6690219,51.3533696],[0.6640907,51.3537634]],[[-0.673805,50.7903604],[-0.6721931,50.7917833]],[[-0.641706,50.8307989],[-0.6426101,50.8307205]],[[-1.8451341,51.0807903],[-1.8459867,51.0809287]],[[0.5968236,50.8690104],[0.5945301,50.8677792]],[[-2.4409984,50.7054888],[-2.4411057,50.7047775]],[[-0.1664209,51.2385027],[-0.1667935,51.2371335]],[[1.3111113,52.613547],[1.3106035,52.6129671]],[[-2.4396213,53.1011381],[-2.4397113,53.1013106]],[[-2.4291544,53.0830671],[-2.4302156,53.0848474]],[[-1.0946184,53.9606107],[-1.094141,53.9600036]],[[-1.630292,55.3868016],[-1.6339092,55.3908689]],[[-2.1165034,52.7979652],[-2.1169204,52.7984308]],[[-0.7180998,51.5192286],[-0.716997,51.5194066]],[[-0.6974693,52.62829],[-0.693466,52.6253504]],[[-3.8880261,55.9905632],[-3.8972116,55.9881756]],[[-1.3685221,53.4349738],[-1.3723084,53.4298733]],[[-1.3698796,53.4335476],[-1.3707516,53.4323484]],[[-1.1399135,53.5246227],[-1.1399141,53.5248596]],[[-2.6192094,53.5317105],[-2.6201509,53.5329428]],[[-2.6690248,53.6503926],[-2.6690265,53.6503994]],[[-2.832739,51.3888441],[-2.8905803,51.3654582]],[[1.0484137,51.9495024],[1.0537777,51.9475416]],[[-0.1188187,51.5962509],[-0.117816,51.5950076]],[[-0.1190996,51.5966074],[-0.1188187,51.5962509]],[[-0.7232323,51.087793],[-0.7220723,51.088073]],[[-0.0957002,51.5042036],[-0.0916994,51.505042]],[[-0.1844032,51.5185502],[-0.1853409,51.5186369]],[[1.812012,50.902111],[1.8086644,50.9071141]],[[-1.1972651,50.860774],[-1.1967912,50.8601345]],[[-2.2533025,53.4840699],[-2.2550327,53.4830463]],[[-2.1934669,52.8822264],[-2.1940657,52.8807667]],[[-1.171601,52.9449845],[-1.1719981,52.9451856]],[[-1.888762,52.4777207],[-1.8880332,52.4774575]],[[-1.1255971,52.6301497],[-1.1252073,52.6306181]],[[-0.3003887,51.3939559],[-0.301664,51.3934028]],[[-2.9117103,53.1832794],[-2.9146112,53.1822496]],[[-0.1230578,51.5344539],[-0.122946,51.5340127]],[[0.8957114,51.3105233],[0.9009429,51.3109276]],[[-0.5301988,53.2257661],[-0.5299643,53.2258142]],[[-3.9218702,52.5684135],[-3.923841,52.5633507]],[[-1.900222,52.477423],[-1.8991826,52.4772534]],[[-1.3569774,53.7236495],[-1.3591984,53.7147337]],[[-0.0066377,51.4126],[-0.0077299,51.4144834]],[[-0.048509,51.4856764],[-0.0489702,51.4860967]],[[-0.2678959,51.3347292],[-0.2676783,51.3347525]],[[-0.2679115,51.3347281],[-0.2678959,51.3347292]],[[-1.2947872,51.6206053],[-1.2842558,51.6197529]],[[-1.3169031,51.621439],[-1.2947872,51.6206053]],[[-1.4098775,50.9072609],[-1.410591,50.907312]],[[-1.4096828,50.907247],[-1.4098775,50.9072609]],[[-1.3888608,50.9207428],[-1.3889752,50.9205492]],[[-1.3886954,50.921023],[-1.3888608,50.9207428]],[[-1.8618741,50.7267594],[-1.8617886,50.7267569]],[[-0.1126646,51.4369393],[-0.1114433,51.4370696]],[[-2.164053,53.4074341],[-2.1639861,53.4073637]],[[0.8658494,51.146766],[0.8661669,51.1466873]],[[0.1978261,51.303844],[0.2030335,51.2999953]],[[0.860263,51.1508928],[0.861741,51.1497589]],[[-2.1245215,52.5939454],[-2.1242399,52.5936228]],[[1.6119072,50.7174112],[1.6120433,50.7175149]],[[-1.3921355,50.9092358],[-1.3916714,50.9135255]],[[-0.2859126,52.6269263],[-0.2864396,52.6263622]],[[-1.1608129,52.8890593],[-1.1602043,52.8902528]],[[-0.9444839,53.3132395],[-0.9442785,53.3131526]],[[-0.9454231,53.3136775],[-0.9444839,53.3132395]],[[-1.4615851,53.3798937],[-1.4617433,53.3795119]],[[0.0530307,51.5542815],[0.0535838,51.5544571]],[[-0.9782183,51.4599446],[-0.9805288,51.460212]],[[-0.9892651,51.457367],[-0.9897169,51.4559755]],[[-0.9897475,51.4560104],[-0.989565,51.4563329]],[[-2.7504679,52.7127012],[-2.7505557,52.7128126]],[[-2.7504788,52.7127008],[-2.7505145,52.7128134]],[[-2.7503119,52.7124211],[-2.7504788,52.7127008]],[[-2.7502557,52.712432],[-2.7504679,52.7127012]],[[-2.7499825,52.7140811],[-2.7500229,52.7140197]],[[-2.429993,53.5755562],[-2.4301724,53.5755668]],[[-1.5711961,50.8182346],[-1.570608,50.818526]],[[-1.9003471,52.4774588],[-1.900222,52.477423]],[[-2.8826881,53.1978514],[-2.8820019,53.1976322]],[[-4.1398676,50.3797199],[-4.1394761,50.3799521]],[[0.8943354,51.3106825],[0.8937697,51.3108268]],[[-2.3690298,51.3780796],[-2.3702282,51.3781483]],[[-0.9766478,51.4598928],[-0.9763492,51.4598752]],[[-0.4232176,51.5031024],[-0.4208612,51.5029532]],[[-2.6348283,53.5440163],[-2.6353135,53.5442315]],[[-1.5556736,53.7924895],[-1.5558053,53.7924374]],[[-1.4930996,54.9793971],[-1.492428,54.9790646]],[[-0.1464571,51.4419066],[-0.1459982,51.4418112]],[[-0.6450985,52.9079549],[-0.6448592,52.9077222]],[[-2.5737779,51.4517929],[-2.573361,51.4518819]],[[-2.5766001,51.4512974],[-2.5762491,51.4513728]],[[-2.5766726,51.4512397],[-2.5762268,51.4513088]],[[-2.5767624,51.4512616],[-2.5766001,51.4512974]],[[-0.3157165,51.0732834],[-0.2845514,51.0866051]],[[-0.3172382,51.0686742],[-0.3157165,51.0732834]],[[-3.6663197,55.6905135],[-3.6628247,55.6888076]],[[-3.6821947,55.6927639],[-3.6740966,55.6923295]],[[-2.0696151,53.4837394],[-2.0718587,53.4839071]],[[-0.1227627,51.5414189],[-0.1226081,51.5419437]],[[-0.122332,51.5997801],[-0.1217962,51.5993844]],[[-6.5917224,53.3776639],[-6.5832651,53.3793357]],[[-6.5934923,53.3770801],[-6.5917224,53.3776639]],[[-6.2429355,53.3548852],[-6.2427963,53.3549571]],[[-1.5129874,53.3321331],[-1.5119043,53.3329507]],[[-5.9192357,54.5920853],[-5.9189132,54.5923261]],[[-1.6755901,54.9629546],[-1.6761094,54.9630188]],[[-0.0111611,51.5356648],[-0.0115408,51.5354026]],[[1.4019898,51.340339],[1.4031818,51.3404687]],[[-0.8420008,51.4098657],[-0.8442333,51.4137124]],[[-8.4536827,51.902375],[-8.4533768,51.9024075]],[[-8.4538301,51.9023573],[-8.4536827,51.902375]],[[-7.625661,53.3381123],[-7.6371079,53.3353811]],[[-7.6204794,53.339321],[-7.625661,53.3381123]],[[-7.6183674,53.3396263],[-7.6204794,53.339321]],[[-7.1817227,53.1459374],[-7.1832051,53.1458381]],[[-8.2009677,53.6268931],[-8.2064322,53.6282483]],[[0.1319645,52.1686456],[0.1308381,52.176987]],[[1.8140732,50.8990324],[1.812012,50.902111]],[[-5.9468239,54.5903222],[-5.9429879,54.5930645]],[[-1.5524764,53.7935688],[-1.5526725,53.7935509]],[[-0.9681707,51.4590344],[-0.96223,51.4586147]],[[-0.1377133,51.5310167],[-0.1372062,51.5308059]],[[0.1320156,52.1686484],[0.1351781,52.1570278]],[[-0.0872033,51.5056587],[-0.0820327,51.5029514]],[[-7.9520517,53.4260507],[-7.9521876,53.4260256]],[[-7.9397095,53.4279557],[-7.9399309,53.4279754]],[[-7.9394891,53.4279266],[-7.9397095,53.4279557]],[[-7.9389035,53.4278176],[-7.9394891,53.4279266]],[[-6.3100785,53.343103],[-6.3116375,53.3429931]],[[-6.3082738,53.3433821],[-6.3096245,53.343191]],[[-8.3241822,51.9111516],[-8.323163,51.9110506]],[[-8.4542411,51.9022765],[-8.4545282,51.9022618]],[[-2.6552702,53.672448],[-2.6544241,53.6723723]],[[-2.2309537,51.8626817],[-2.2330981,51.8634296]],[[-2.2821104,51.7724746],[-2.2826216,51.7717086]],[[-2.2817148,51.7730494],[-2.2821104,51.7724746]],[[-2.8833028,53.1980374],[-2.8836249,53.19812]],[[-1.0854409,51.2687628],[-1.0869516,51.2685334]],[[0.3228885,51.4376494],[0.3228149,51.4378887]],[[-0.1148791,51.4982707],[-0.1148989,51.4980903]],[[-1.2607109,52.8948192],[-1.2626976,52.8973153]],[[-3.7203914,55.9853022],[-3.7155917,55.984703]],[[-0.483365,51.4723167],[-0.4758145,51.4712464]],[[-0.4389811,51.5052483],[-0.4372738,51.5049323]],[[-0.438309,51.5048712],[-0.4433034,51.5058336]],[[-0.1232637,51.5347139],[-0.1232707,51.5343363]],[[-4.0477905,57.5370038],[-4.0188136,57.5489082]],[[-2.1013899,57.1456282],[-2.1024191,57.1464557]],[[-0.3393496,51.4384588],[-0.3396269,51.4377275]],[[-4.5215109,55.6693528],[-4.520593,55.6705371]],[[-0.8415594,51.4089302],[-0.8420008,51.4098657]],[[-3.1373761,52.6598153],[-3.1383516,52.6589351]],[[-4.728738,56.0036916],[-4.7269066,56.0035355]],[[0.467344,50.9531341],[0.4738658,50.9512614]],[[-7.6053563,52.8990305],[-7.6060102,52.8987876]],[[-6.5312053,53.3176593],[-6.526107,53.3209278]],[[-2.0586149,53.4853318],[-2.0592799,53.4852208]],[[-4.2594357,55.8545862],[-4.259533,55.8541274]],[[-3.4204137,56.3864889],[-3.4187687,56.3845953]],[[-6.2490949,53.3523284],[-6.2489721,53.3523644]],[[-0.1144658,51.5006679],[-0.1145392,51.5005458]],[[-1.9062251,51.5353099],[-1.9017665,51.5346602]],[[-2.0969825,57.1404873],[-2.0970329,57.1400793]],[[-3.9648454,56.1842637],[-3.9661597,56.1865774]],[[-3.529094,50.7282191],[-3.5331267,50.7265347]],[[-1.7818854,51.075382],[-1.7818933,51.0752026]],[[-2.1982353,51.2677494],[-2.1971969,51.2686939]],[[-7.1830445,53.1458556],[-7.1797033,53.146063]],[[-4.2603177,55.851975],[-4.260208,55.8522404]],[[0.3188518,51.0676969],[0.3086346,51.0750783]],[[-2.9480732,54.8995997],[-2.9472908,54.8989814]],[[-1.8984597,52.4828867],[-1.9017238,52.4849964]],[[-0.9917324,51.4529298],[-0.9915814,51.4533499]],[[-4.4250999,55.911818],[-4.4244688,55.9117421]],[[-0.087442,51.5056519],[-0.0875634,51.5056667]],[[-1.7593434,52.3781173],[-1.7596752,52.3784006]],[[-2.2128388,52.1977313],[-2.2114762,52.1981143]],[[-1.0676715,51.4342854],[-1.0669234,51.4343356]],[[-3.1934041,55.9511278],[-3.1939759,55.9510724]],[[-1.72793,52.4526268],[-1.729208,52.4536643]],[[-1.9021658,52.4781796],[-1.9019728,52.4781302]],[[-1.9019828,52.4779996],[-1.9021543,52.4780617]],[[-1.904316,52.4785752],[-1.9041179,52.4785547]],[[-2.7408446,52.7095872],[-2.7416638,52.7096143]],[[-1.9028993,52.4784157],[-1.9018659,52.4783073]],[[-1.0904449,51.4264743],[-1.0899418,51.4268243]],[[-2.3621602,51.168314],[-2.3611568,51.1687346]],[[-2.2027616,51.2640515],[-2.2036068,51.2634132]],[[-2.1973502,51.2684868],[-2.1976685,51.2681939]],[[-0.8347974,51.4846435],[-0.8367294,51.4840378]],[[0.5945279,51.1681814],[0.6079762,51.1671575]],[[-2.7408446,52.7095562],[-2.7417106,52.7095858]],[[-2.7433632,52.7005563],[-2.7431008,52.7009791]],[[-2.4305335,53.0852896],[-2.430602,53.0854001]],[[-2.4302689,53.0839712],[-2.430484,53.0832195]],[[-2.7498005,52.7122949],[-2.7492377,52.7118953]],[[-0.166974,50.8344429],[-0.1657918,50.834153]],[[-2.4276617,53.0824209],[-2.4297903,53.0842274]],[[-2.4289164,53.082667],[-2.4291544,53.0830671]],[[-2.4344681,53.0915457],[-2.4344816,53.0915786]],[[-1.2442967,51.6217349],[-1.2440805,51.6223578]],[[-1.2444739,51.6212449],[-1.2442967,51.6217349]],[[-0.4873458,51.3468733],[-0.4866189,51.347128]],[[-7.3131268,54.9958571],[-7.3143161,54.998437]],[[-0.1381152,51.5312619],[-0.1389976,51.5316278]]]}}]}