1,0AA,Smart Child Flat Fare Single,Smart Child Flat Fare Single,,2019-07-17 00:00:00,2999-12-31 00:00:00,,
2,0AB,Smart Child Flat Fare Return,Smart Child Flat Fare Return,,2019-07-17 00:00:00,2999-12-31 00:00:00,,
3,0AC,Smart Anytime Day Return (1st Class),Smart Anytime Day Return (1st Class),,2017-05-28 00:00:00,2999-12-31 00:00:00,,
4,0AD,Smart Anytime Day Single (1st Class),Smart Anytime Day Single (1st Class),,2017-05-28 00:00:00,2999-12-31 00:00:00,,
5,0AE,Smart Anytime Day Return,Smart Anytime Day Return,,2017-05-28 00:00:00,2999-12-31 00:00:00,,
6,0AF,Smart Anytime Single,Smart Anytime Single,,2017-05-28 00:00:00,2999-12-31 00:00:00,,
7,0AG,Smart Flexi Anytime Day Return,Smart Flexi Anytime Day Return,,2017-05-28 00:00:00,2999-12-31 00:00:00,,
8,0AH,Smart Flexi Anytime Day Return (1st Class),Smart Flexi Anytime Day Return (1st Class),,2017-05-28 00:00:00,2999-12-31 00:00:00,,
9,0AJ,Smart Off-Peak Day Return (1st Class),Smart Off-Peak Day Return (1st Class),,2017-05-31 00:00:00,2999-12-31 00:00:00,,
10,0AK,Smart Off-Peak Day Return,Smart Off-Peak Day Return,,2017-05-31 00:00:00,2999-12-31 00:00:00,,
11,0AL,Smart Off-Peak Day Single,Smart Off-Peak Day Single,,2017-05-31 00:00:00,2999-12-31 00:00:00,,
12,0AM,Smart Flexi Season Ticket,Smart Flexi Season Ticket,,2017-08-18 00:00:00,2999-12-31 00:00:00,,
13,0AN,Smart Flexi Season Ticket (1st Class),Smart Flexi Season Ticket (1st Class),,2017-08-18 00:00:00,2999-12-31 00:00:00,,
14,0AQ,Smart 7 Day Season Ticket,Smart 7-Day Season,,2017-05-28 00:00:00,2999-12-31 00:00:00,,
15,0AR,Smart 7 Day Season Ticket (1st Class),Smart 7-Day Season (1st Class),,2017-05-28 00:00:00,2999-12-31 00:00:00,,
16,0AS,Smart Period Season Ticket,Smart Period Season Ticket,,2017-05-28 00:00:00,2999-12-31 00:00:00,,
17,0AT,Smart Period Season Ticket (1st Class),Smart Period Season (1st Class),,2017-05-28 00:00:00,2999-12-31 00:00:00,,
18,0AU,Smart Flexi Period Season Ticket,Smart Flexi Period Season Ticket,,2017-05-28 00:00:00,2999-12-31 00:00:00,,
19,0AV,Smart Flexi Period Season Ticket (1st Class),Smart Flexi Period Season Ticket (1st Class),,2017-05-28 00:00:00,2999-12-31 00:00:00,,
20,0AW,Smart Advance Single,Smart Advance Single,,2017-05-31 00:00:00,2999-12-31 00:00:00,,
21,0AX,Smart Advance Single,Smart Advance Single,,2017-05-31 00:00:00,2999-12-31 00:00:00,,
22,0AY,Smart Advance Single,Smart Advance Single,,2017-05-31 00:00:00,2999-12-31 00:00:00,,
23,0AZ,Smart Advance Single (First Class),Smart Advance Single,,2017-05-31 00:00:00,2999-12-31 00:00:00,,
24,0BH,keyGo Carnet Peak,Smart Carnet Peak,,2020-11-10 00:00:00,2999-12-31 00:00:00,,
25,0BI,keyGo Carnet Peak,Smart Carnet Peak,,2020-11-10 00:00:00,2999-12-31 00:00:00,,
26,0BJ,keyGo Carnet Off-Peak,Smart Carnet Off-Peak,,2020-11-10 00:00:00,2999-12-31 00:00:00,,
27,0BK,keyGo Carnet Off-Peak,Smart Carnet Off-Peak,,2020-11-10 00:00:00,2999-12-31 00:00:00,,
28,0BL,Smart Off-Peak Return,Smart Off-Peak Return,,2017-05-31 00:00:00,2999-12-31 00:00:00,,
29,0BM,Smart Off-Peak Return (1st Class),Smart Off-Peak Return (1st Class),,2017-05-31 00:00:00,2999-12-31 00:00:00,,
30,0BN,Smart Super Off-Peak Day Single,Smart Super Off-Peak Day Single,,2018-02-24 00:00:00,2999-12-31 00:00:00,,
31,0BO,Smart Super Off-Peak Day Return,Smart Super Off-Peak Day Return,,2018-02-24 00:00:00,2999-12-31 00:00:00,,
32,0BP,Smart Super Off-Peak Day Single,Smart Super Off-Peak Day Single,,2017-05-31 00:00:00,2999-12-31 00:00:00,,
33,0BQ,Smart Super Off-Peak Day Return,Smart Super Off-Peak Day Return,,2017-05-31 00:00:00,2999-12-31 00:00:00,,
34,0BR,Smart PlusBus Day Pass,Smart PlusBus Day Pass,,2017-09-03 00:00:00,2999-12-31 00:00:00,,
35,0BS,Smart PlusBus 7 Day Pass,Smart PlusBus 7 Day Pass,,2017-09-03 00:00:00,2999-12-31 00:00:00,,
36,0BT,Smart PlusBus Monthly Pass,Smart PlusBus Monthly Pass,,2017-09-03 00:00:00,2999-12-31 00:00:00,,
37,0BU,Smart PlusBus 3 Months Pass,Smart PlusBus 3 Months Pass,,2017-09-03 00:00:00,2999-12-31 00:00:00,,
38,0BV,Smart PlusBus Annual Pass,Smart PlusBus Annual Pass,,2017-09-03 00:00:00,2999-12-31 00:00:00,,
39,0BW,Smart Super Off-Peak Day Return,Smart Super Off-Peak Day Return,,2014-02-20 00:00:00,2999-12-31 00:00:00,,
40,0BX,Smart Super Off-Peak Day Travelcard,Smart Super Off-Peak Day Travelcard,,2018-05-20 00:00:00,2999-12-31 00:00:00,,
41,0BY,Smart Super Off-Peak Single,Smart Super Off-Peak Single,,2014-02-20 00:00:00,2999-12-31 00:00:00,,
42,0BZ,Smart Child Flat Fare Travelcard,Smart Child Flat Fare Travelcard,,2014-05-08 00:00:00,2999-12-31 00:00:00,,
43,0CA,Smart Anytime Day Travelcard,Smart Anytime Day Travelcard,,2018-05-20 00:00:00,2999-12-31 00:00:00,,
44,0CB,Smart Anytime Day Travelcard (1st Class),Smart Anytime Day Travelcard (1st Class),,2018-05-20 00:00:00,2999-12-31 00:00:00,,
45,0CC,Smart Off-Peak Day Travelcard,Smart Off-Peak Day Travelcard,,2018-05-20 00:00:00,2999-12-31 00:00:00,,
46,0CD,Smart Off-Peak Day Travelcard (1st Class),Smart Off-Peak Day Travelcard (1st Class),,2018-05-20 00:00:00,2999-12-31 00:00:00,,
47,0CE,Smart Super Off-Peak Day Travelcard,Smart Super Off-Peak Day Travelcard,,2018-05-20 00:00:00,2999-12-31 00:00:00,,
48,0CF,Smart Super Off-Peak Day Travelcard,Smart Super Off-Peak Day Travelcard,,2018-05-20 00:00:00,2999-12-31 00:00:00,,
49,0CG,Smart Family Day Travelcard,Smart Family Day Travelcard,,2018-05-20 00:00:00,2999-12-31 00:00:00,,
50,0CH,Smart 7 Day Travelcard Season Ticket,Smart 7 Day Travelcard Season Ticket,,2018-05-20 00:00:00,2999-12-31 00:00:00,,
51,0CI,Smart 7 Day Travelcard Season Ticket (1st Cla,Smart 7 Day Travelcard Season Ticket (1st Class),,2018-05-20 00:00:00,2999-12-31 00:00:00,,
52,0CJ,Smart Period Travelcard Season Ticket,Smart Period Travelcard Season Ticket,,2018-05-20 00:00:00,2999-12-31 00:00:00,,
53,0CK,Smart Period Travelcard Season Ticket (1st Cl,Smart Period Travelcard Season Ticket (1st Class),,2018-05-20 00:00:00,2999-12-31 00:00:00,,
54,0CL,Smart DaySave,Smart DaySave,,2014-12-17 00:00:00,2999-12-31 00:00:00,,
55,0CM,Smart Southern Daysave Group Off-Peak ,Smart Southern Daysave Group Off-Peak ,,2014-12-17 00:00:00,2999-12-31 00:00:00,4,00M01D
56,0CN,Smart Southern Daysave Peak,Smart Southern Daysave Peak,,2014-12-17 00:00:00,2999-12-31 00:00:00,,
57,0CO,Smart DaySave Weekly,Smart DaySave Weekly,,2014-02-25 00:00:00,2999-12-31 00:00:00,,
58,0CP,Smart Bus Day Single,Smart Bus Day Single,,2014-06-06 00:00:00,2999-12-31 00:00:00,,
59,0CQ,Smart Bus Day Return,Smart Bus Day Return,,2014-06-06 00:00:00,2999-12-31 00:00:00,,
60,0CR,Smart Bus Multi,Smart Bus Multi,,2014-06-06 00:00:00,2999-12-31 00:00:00,,
61,0E1,Smart Off-Peak Day Return (1st Class),Smart Off-Peak Day Return (1st Class),,2017-05-31 00:00:00,2999-12-31 00:00:00,,
62,0FR,Smart Anytime Return (1st Class),Smart Anytime Return (1st Class),,2017-05-28 00:00:00,2999-12-31 00:00:00,,
63,0FS,Smart Anytime Single (1st Class),Smart Anytime Single (1st Class),,2017-05-28 00:00:00,2999-12-31 00:00:00,,
64,0GR,Smart Anytime Return (1st Class),Smart Anytime Return (1st Class),,2017-05-28 00:00:00,2999-12-31 00:00:00,,
65,0GS,Smart Anytime Single (1st Class),Smart Anytime Single (1st Class),,2017-05-28 00:00:00,2999-12-31 00:00:00,,
66,0HR,Smart Anytime Return,Smart Anytime Return,,2017-05-28 00:00:00,2999-12-31 00:00:00,,
67,0HS,Smart Anytime Single,Smart Anytime Single,,2017-05-28 00:00:00,2999-12-31 00:00:00,,
68,0OR,Smart Anytime Return,Smart Anytime Return,,2017-05-28 00:00:00,2999-12-31 00:00:00,,
69,0OS,Smart Anytime Single,Smart Anytime Single,,2017-05-28 00:00:00,2999-12-31 00:00:00,,
70,10A,Carnet Off-Peak Single,Carnet Off-Peak Single,,2017-06-02 00:00:00,2999-12-31 00:00:00,10,06M00D
71,10B,Carnet Off-Peak Single (1st Class),Carnet Off-Peak Single 1st,,2017-06-02 00:00:00,2999-12-31 00:00:00,10,06M00D
72,10F,Carnet (1st Class),Carnet 1st,,2017-06-02 00:00:00,2999-12-31 00:00:00,10,06M00D
73,10S,Carnet (Standard),Carnet (Standard),,2017-06-02 00:00:00,2999-12-31 00:00:00,10,06M00D
74,1AB,Advance Single (First Class),Advance Single First ,,2017-06-03 00:00:00,2999-12-31 00:00:00,,
75,1AF,Advance Single (First Class),Advance Single 1st,,2017-06-09 00:00:00,2999-12-31 00:00:00,,
76,1AS,Advance Single (First Class),Advance Single 1st,,2017-06-03 00:00:00,2999-12-31 00:00:00,,
77,1BB,Advance Single (First Class),Advance Single 1st,,2017-06-03 00:00:00,2999-12-31 00:00:00,,
78,1BF,Advance Single (First Class),Advance Single 1st,,2017-06-09 00:00:00,2999-12-31 00:00:00,,
79,1BR,First Bus & Rail Card,First Bus & Rail Card,,2020-10-23 00:00:00,2999-12-31 00:00:00,,
80,1BS,Advance Single (First Class),Advance Single 1st,,2017-06-03 00:00:00,2999-12-31 00:00:00,,
81,1CB,Advance Single (First Class),Advance Single 1st,,2017-06-03 00:00:00,2999-12-31 00:00:00,,
82,1CF,Advance Single (First Class),Advance Single 1st,,2017-06-09 00:00:00,2999-12-31 00:00:00,,
83,1CO,EMR Comp Anytime First Single,EMR Comp Anytime First Single,,2020-12-10 00:00:00,2999-12-31 00:00:00,,
84,1CS,Advance Single (First Class),Advance Single 1st,,2017-06-03 00:00:00,2999-12-31 00:00:00,,
85,1D0,Caledonian Double (Solo),Caledonian Double (Solo),,2019-06-15 00:00:00,2999-12-31 00:00:00,,
86,1DB,Advance Single & breakfast (First Class),Advance Single 1st & breakfast,,2017-06-03 00:00:00,2999-12-31 00:00:00,,
87,1DF,Advance Single (First Class),Advance Single 1st,,2017-06-09 00:00:00,2999-12-31 00:00:00,,
88,1DR,Off-Peak Day Return,Off-Peak Day Return,,2017-05-31 00:00:00,2999-12-31 00:00:00,,
89,1DS,Advance Single (First Class),Advance Single 1st,,2017-06-03 00:00:00,2999-12-31 00:00:00,,
90,1DT,Off-Peak Day Travelcard,Off-Peak Day Travelcard,,2018-05-20 00:00:00,2999-12-31 00:00:00,,
91,1DZ,Cal Double room Only (Solo),Cal Double room Only (Solo),,2017-10-13 00:00:00,2999-12-31 00:00:00,,
92,1EF,Advance Single (First Class),Advance Single 1st,,2017-06-09 00:00:00,2999-12-31 00:00:00,,
93,1ES,Advance Single (First Class),Advance Single 1st,,2017-06-03 00:00:00,2999-12-31 00:00:00,,
94,1F0,Club Solo,Club Solo,,2017-10-13 00:00:00,2999-12-31 00:00:00,,
95,1F1,Club Solo,Club Solo,,2017-10-13 00:00:00,2999-12-31 00:00:00,,
96,1F2,Club Solo,Club Solo,,2017-10-13 00:00:00,2999-12-31 00:00:00,,
97,1F3,Club Solo,Club Solo,,2017-10-13 00:00:00,2999-12-31 00:00:00,,
98,1F4,Club Solo,Club Solo,,2017-10-13 00:00:00,2999-12-31 00:00:00,,
99,1F7,Club Solo,Club Solo,,2021-07-21 00:00:00,2999-12-31 00:00:00,,
100,1F8,Club Solo,Club Solo,,2018-08-25 00:00:00,2999-12-31 00:00:00,,
101,1F9,Club Solo,Club Solo,,2018-08-25 00:00:00,2999-12-31 00:00:00,,
102,1FA,Club Solo,Club Solo,,2017-09-05 00:00:00,2999-12-31 00:00:00,,
103,1FB,Club Solo,Club Solo,,2017-09-05 00:00:00,2999-12-31 00:00:00,,
104,1FF,Advance Single (First Class),Advance Single 1st,,2022-06-16 00:00:00,2999-12-31 00:00:00,,
105,1FH,Sleeper Group Club Solo,Sleeper Group Club Solo,,2020-06-25 00:00:00,2999-12-31 00:00:00,,
106,1FJ,Flexipass Club Solo Reservation,Flexipass Club Solo Reservation,,2020-05-23 00:00:00,2999-12-31 00:00:00,,
107,1FL,Sleeper Group Club Solo,Sleeper Group Club Solo,,2020-06-25 00:00:00,2999-12-31 00:00:00,,
108,1FM,Sleeper Group Club Solo,Sleeper Group Club Solo,,2020-06-25 00:00:00,2999-12-31 00:00:00,,
109,1FS,Advance Single (First Class),Advance Single 1st,,2017-06-03 00:00:00,2999-12-31 00:00:00,,
110,1FZ,Club Solo Room only Supplement,Club Solo Room only Supplement,,2019-05-04 00:00:00,2999-12-31 00:00:00,,
111,1GF,Advance Single (First Class),Advance Single 1st,,2022-06-16 00:00:00,2999-12-31 00:00:00,,
112,1GS,Advance Single (First Class),Advance Single 1st,,2017-06-03 00:00:00,2999-12-31 00:00:00,,
113,1HF,Advance Single (First Class),Advance Single 1st,,2022-06-16 00:00:00,2999-12-31 00:00:00,,
114,1HS,Advance Single (First Class),Advance Single 1st,,2017-06-03 00:00:00,2999-12-31 00:00:00,,
115,1JF,Advance Single (First Class),Advance Single 1st,,2022-06-16 00:00:00,2999-12-31 00:00:00,,
116,1JS,Promotion 1st,Promotion 1st,,2024-06-14 00:00:00,2999-12-31 00:00:00,,
117,1KF,Advance Single (First Class),Advance Single 1st,,2022-06-16 00:00:00,2999-12-31 00:00:00,,
118,1KS,Advance Single (First Class),Advance Single 1st,,2017-08-22 00:00:00,2999-12-31 00:00:00,,
119,1LF,Advance Single (First Class),Advance Single (1st Class),,2024-11-09 00:00:00,2999-12-31 00:00:00,,
120,1LY,AVANTI FIRST LOUNGE,AVANTI FIRST LOUNGE,,2023-05-25 00:00:00,2999-12-31 00:00:00,,
121,1MF,Advance Single (First Class),Advance Single (1st Class),,2022-06-16 00:00:00,2999-12-31 00:00:00,,
122,1MP,1 MNTH TfW DUTY PASS,1 MNTH TfW DUTY PASS,,2019-07-09 00:00:00,2999-12-31 00:00:00,,
123,1MS,Advance Single (First Class),Advance Single (1st Class),,2021-07-02 00:00:00,2999-12-31 00:00:00,,
124,1NF,Advance Single (First Class),Advance Single (1st Class),,2022-06-16 00:00:00,2999-12-31 00:00:00,,
125,1NS,Advance Single (First Class),Advance Single (1st Class),,2021-07-02 00:00:00,2999-12-31 00:00:00,,
126,1OS,Advance Single (First Class),Advance Single (1st Class),,2021-07-02 00:00:00,2999-12-31 00:00:00,,
127,1PS,Cardiff Day,Cardiff Day,,2014-07-08 00:00:00,2999-12-31 00:00:00,,
128,1QS,Advance Single (First Class),Advance Single (1st Class),,2021-07-02 00:00:00,2999-12-31 00:00:00,,
129,1RF,Advance Single (First Class),Advance Single (1st Class),,2020-05-05 00:00:00,2999-12-31 00:00:00,,
130,1S0,Classic Solo,Classic Solo,,2017-10-13 00:00:00,2999-12-31 00:00:00,,
131,1S1,Classic Solo,Classic Solo,,2017-10-13 00:00:00,2999-12-31 00:00:00,,
132,1S2,Classic Solo,Classic Solo,,2017-10-13 00:00:00,2999-12-31 00:00:00,,
133,1S3,Classic Solo,Classic Solo,,2017-10-13 00:00:00,2999-12-31 00:00:00,,
134,1S4,Classic Solo,Classic Solo,,2017-10-13 00:00:00,2999-12-31 00:00:00,,
135,1S7,Classic Solo,Classic Solo,,2021-07-21 00:00:00,2999-12-31 00:00:00,,
136,1S8,Classic Solo,Classic Solo,,2018-06-07 00:00:00,2999-12-31 00:00:00,,
137,1S9,Classic Solo,Classic Solo,,2018-06-07 00:00:00,2999-12-31 00:00:00,,
138,1SF,Advance Single (First Class),Advance Single (1st Class),,2020-05-05 00:00:00,2999-12-31 00:00:00,,
139,1SH,Sleeper Group Classic Solo,Sleeper Group Classic Solo,,2020-06-25 00:00:00,2999-12-31 00:00:00,,
140,1SJ,Flexipass Classic Solo Reservation,Flexipass Classic Solo Reservation,,2020-05-23 00:00:00,2999-12-31 00:00:00,,
141,1SL,Sleeper Group Classic Solo,Sleeper Group Classic Solo,,2020-06-25 00:00:00,2999-12-31 00:00:00,,
142,1SM,Sleeper Group Classic Solo,Sleeper Group Classic Solo,,2020-06-25 00:00:00,2999-12-31 00:00:00,,
143,1SO,Super Off-Peak Return (First Class),Super Off-Peak Return 1st,,2017-06-01 00:00:00,2999-12-31 00:00:00,,
144,1SS,Super Off-Peak Single (First Class),Super Off-Peak Single 1st,,2017-06-01 00:00:00,2999-12-31 00:00:00,,
145,1ST,Super Off-Peak Day Travelcard (First Class),Super Off-Peak Day Travelcard 1st,,2018-05-20 00:00:00,2999-12-31 00:00:00,,
146,1SU,SUP OFFPK DAYTC,SUP OFFPK DAYTC,,2020-02-14 00:00:00,2999-12-31 00:00:00,,
147,1SZ,Classic Solo Room only Supplement,Classic Solo Room only Supplement,,2019-05-04 00:00:00,2999-12-31 00:00:00,,
148,1TF,Transfer Fee (First Class),Transfer Fee (First Class),,2024-09-28 00:00:00,2999-12-31 00:00:00,,
149,1U1,1ST UPGRADE STD PEAK TO 1ST PEAK,1ST UPGRADE STD PEAK TO 1ST PEAK,,2024-10-23 00:00:00,2999-12-31 00:00:00,,
150,1U2,1ST UPGRADE STD OFF PK TO 1ST OFF PK,1ST UPGRADE STD OFF PK TO 1ST OFF PK,,2024-10-23 00:00:00,2999-12-31 00:00:00,,
151,1U3,1ST UPGRADE STD OFF PK TO 1ST PEAK,1ST UPGRADE STD OFF PK TO 1ST PEAK,,2024-10-23 00:00:00,2999-12-31 00:00:00,,
152,1U4,1ST UPGRADE STD SUPER OFF PK TO 1ST OFF PK,1ST UPGRADE STD SUPER OFF PK TO 1ST OFF PK,,2024-10-23 00:00:00,2999-12-31 00:00:00,,
153,1U5,1ST UPGRADE STD S OFF PK TO 1ST PEAK,1ST UPGRADE STD S OFF PK TO 1ST PEAK,,2024-10-23 00:00:00,2999-12-31 00:00:00,,
154,1VF,Avanti West Coast Family Return 1st,Avanti West Coast Family Return 1st,,2021-08-13 00:00:00,2999-12-31 00:00:00,2,00M01D
155,1WK,n-Network 1st Plus 1 Week,n-Network 1st Plus 1 Week,,2017-06-24 00:00:00,2999-12-31 00:00:00,,
156,1WP,1 WEEK TfW DUTY PASS,1 WEEK TfW DUTY PASS,,2019-07-09 00:00:00,2999-12-31 00:00:00,,
157,1X1,Fixed Single 1st,Fixed Single 1st,,2026-01-20 00:00:00,2999-12-31 00:00:00,,
158,1X2,Fixed Single 1st,Fixed Single 1st,,2026-01-20 00:00:00,2999-12-31 00:00:00,,
159,1X3,Fixed Single 1st,Fixed Single 1st,,2026-01-20 00:00:00,2999-12-31 00:00:00,,
160,1X4,Fixed Single 1st,Fixed Single 1st,,2026-01-23 00:00:00,2999-12-31 00:00:00,,
161,1X5,Fixed Single 1st,Fixed Single 1st,,2026-01-23 00:00:00,2999-12-31 00:00:00,,
162,1X6,Fixed Single 1st,Fixed Single 1st,,2026-01-20 00:00:00,2999-12-31 00:00:00,,
163,1X7,Fixed Single 1st,Fixed Single 1st,,2026-01-20 00:00:00,2999-12-31 00:00:00,,
164,1X8,Fixed Single 1st,Fixed Single 1st,,2026-01-20 00:00:00,2999-12-31 00:00:00,,
165,1X9,Fixed Single Promo 1st,Fixed Single Promo 1st,,2026-01-20 00:00:00,2999-12-31 00:00:00,,
166,1XC,Complimentary Double (Solo),Complimentary Double (Solo),,2026-04-23 00:00:00,2999-12-31 00:00:00,,
167,1XD,Duty Travel Double (Solo),Duty Travel Double (Solo),,2026-04-23 00:00:00,2999-12-31 00:00:00,,
168,1XF,Seatfrog First Class Swap,Seatfrog First Class Swap,,2023-05-03 00:00:00,2999-12-31 00:00:00,,
169,1XS,Seatfrog First Class to Standard Class Swap,Seatfrog First Class to Standard Class Swap,,2023-05-03 00:00:00,2999-12-31 00:00:00,,
170,1YB,Club Solo Friends and Family,Club Solo Friends and Family,,2026-04-29 00:00:00,2999-12-31 00:00:00,,
171,1YC,Complimentary Club Solo,Complimentary Club Solo,,2026-04-23 00:00:00,2999-12-31 00:00:00,,
172,1YD,Duty Travel Club Solo,Duty Travel Club Solo,,2026-04-29 00:00:00,2999-12-31 00:00:00,,
173,1YE,Leisure Travel Club Solo,Leisure Travel Club Solo,,2026-04-23 00:00:00,2999-12-31 00:00:00,,
174,1YP,1 YEAR TfW DUTY PASS,1 YEAR TfW DUTY PASS,,2019-07-09 00:00:00,2999-12-31 00:00:00,,
175,1Z1,Fixed Single 1st,Fixed Single 1st,,2026-01-20 00:00:00,2999-12-31 00:00:00,,
176,1Z2,Fixed Single 1st,Fixed Single 1st,,2026-01-20 00:00:00,2999-12-31 00:00:00,,
177,1Z3,Fixed Single 1st,Fixed Single 1st,,2026-01-23 00:00:00,2999-12-31 00:00:00,,
178,1Z4,ADVANCE 1ST,ADVANCE 1ST,,2026-02-05 00:00:00,2999-12-31 00:00:00,,
179,1ZB,Classic Solo Friends and Family,Classic Solo Friends and Family,,2026-04-23 00:00:00,2999-12-31 00:00:00,,
180,1ZC,Complimentary Classic Solo,Complimentary Classic Solo,,2026-04-23 00:00:00,2999-12-31 00:00:00,,
181,1ZD,Duty Travel Classic Solo,Duty Travel Classic Solo,,2026-04-23 00:00:00,2999-12-31 00:00:00,,
182,1ZE,Leisure Travel Classic Solo,Leisure Travel Classic Solo,,2026-04-23 00:00:00,2999-12-31 00:00:00,,
183,1ZR,DUMMY DO NOT USE,DUMMY DO NOT USE,,2021-05-19 00:00:00,2999-12-31 00:00:00,,
184,20Q,W/E PREMIUM STD,W/E PREMIUM STD,,2021-05-09 00:00:00,2999-12-31 00:00:00,,
185,22A,AVANTI B STD,AVANTI B STD,,2025-08-05 00:00:00,2999-12-31 00:00:00,,
186,22B,AVANTI B STD,AVANTI B STD,,2025-08-05 00:00:00,2999-12-31 00:00:00,,
187,22C,AVANTI B STD,AVANTI B STD,,2025-08-05 00:00:00,2999-12-31 00:00:00,,
188,22D,AVANTI B STD,AVANTI B STD,,2025-08-05 00:00:00,2999-12-31 00:00:00,,
189,22E,AVANTI B STD,AVANTI B STD,,2025-08-05 00:00:00,2999-12-31 00:00:00,,
190,22F,AVANTI B STD,AVANTI B STD,,2025-08-02 00:00:00,2999-12-31 00:00:00,,
191,22G,AVANTI B STD,AVANTI B STD,,2025-08-05 00:00:00,2999-12-31 00:00:00,,
192,22H,AVANTI B STD,AVANTI B STD,,2025-08-05 00:00:00,2999-12-31 00:00:00,,
193,22I,AVANTI B STD,AVANTI B STD,,2025-08-05 00:00:00,2999-12-31 00:00:00,,
194,22J,AVANTI B STD,AVANTI B STD,,2025-08-05 00:00:00,2999-12-31 00:00:00,,
195,22K,AVANTI B STD,AVANTI B STD,,2025-08-05 00:00:00,2999-12-31 00:00:00,,
196,22L,AVANTI B STD,AVANTI B STD,,2025-08-05 00:00:00,2999-12-31 00:00:00,,
197,22M,AVANTI B STD,AVANTI B STD,,2025-08-05 00:00:00,2999-12-31 00:00:00,,
198,22N,AVANTI B STD,AVANTI B STD,,2025-08-05 00:00:00,2999-12-31 00:00:00,,
199,22O,AVANTI B STD,AVANTI B STD,,2025-08-05 00:00:00,2999-12-31 00:00:00,,
200,22P,AVANTI B STD,AVANTI B STD,,2025-08-05 00:00:00,2999-12-31 00:00:00,,
201,22Q,AVANTI B STD,AVANTI B STD,,2025-08-05 00:00:00,2999-12-31 00:00:00,,
202,22R,AVANTI B STD,AVANTI B STD,,2025-08-05 00:00:00,2999-12-31 00:00:00,,
203,22S,AVANTI B STD,AVANTI B STD,,2025-08-05 00:00:00,2999-12-31 00:00:00,,
204,22T,AVANTI B STD,AVANTI B STD,,2025-08-05 00:00:00,2999-12-31 00:00:00,,
205,22U,AVANTI B STD,AVANTI B STD,,2025-08-05 00:00:00,2999-12-31 00:00:00,,
206,22V,AVANTI B STD,AVANTI B STD,,2025-08-05 00:00:00,2999-12-31 00:00:00,,
207,22W,AVANTI B STD,AVANTI B STD,,2025-08-02 00:00:00,2999-12-31 00:00:00,,
208,22X,AVANTI B STD,AVANTI B STD,,2025-08-05 00:00:00,2999-12-31 00:00:00,,
209,22Y,AVANTI B STD,AVANTI B STD,,2025-08-05 00:00:00,2999-12-31 00:00:00,,
210,23A,Avanti B Standard Premium,Avanti B Standard Premium,,2026-02-25 00:00:00,2999-12-31 00:00:00,,
211,23B,Avanti B Standard Premium,Avanti B Standard Premium,,2026-02-25 00:00:00,2999-12-31 00:00:00,,
212,23C,Avanti B Standard Premium,Avanti B Standard Premium,,2026-02-25 00:00:00,2999-12-31 00:00:00,,
213,23D,Avanti B Standard Premium,Avanti B Standard Premium,,2026-02-25 00:00:00,2999-12-31 00:00:00,,
214,23E,Avanti B Standard Premium,Avanti B Standard Premium,,2026-02-25 00:00:00,2999-12-31 00:00:00,,
215,23F,Avanti B Standard Premium,Avanti B Standard Premium,,2026-02-25 00:00:00,2999-12-31 00:00:00,,
216,23G,Avanti B Standard Premium,Avanti B Standard Premium,,2026-02-25 00:00:00,2999-12-31 00:00:00,,
217,23H,Avanti B Standard Premium,Avanti B Standard Premium,,2026-02-25 00:00:00,2999-12-31 00:00:00,,
218,23I,Avanti B Standard Premium,Avanti B Standard Premium,,2026-02-25 00:00:00,2999-12-31 00:00:00,,
219,23J,Avanti B Standard Premium,Avanti B Standard Premium,,2026-02-25 00:00:00,2999-12-31 00:00:00,,
220,23K,Avanti B Standard Premium,Avanti B Standard Premium,,2026-02-25 00:00:00,2999-12-31 00:00:00,,
221,23L,Avanti B Standard Premium,Avanti B Standard Premium,,2026-02-25 00:00:00,2999-12-31 00:00:00,,
222,23M,Avanti B Standard Premium,Avanti B Standard Premium,,2026-02-25 00:00:00,2999-12-31 00:00:00,,
223,23N,Avanti B Standard Premium,Avanti B Standard Premium,,2026-02-25 00:00:00,2999-12-31 00:00:00,,
224,23O,Avanti B Standard Premium,Avanti B Standard Premium,,2026-02-25 00:00:00,2999-12-31 00:00:00,,
225,23P,Avanti B Standard Premium,Avanti B Standard Premium,,2026-02-25 00:00:00,2999-12-31 00:00:00,,
226,23Q,Avanti B Standard Premium,Avanti B Standard Premium,,2026-02-25 00:00:00,2999-12-31 00:00:00,,
227,23R,Avanti B Standard Premium,Avanti B Standard Premium,,2026-02-25 00:00:00,2999-12-31 00:00:00,,
228,23S,Avanti B Standard Premium,Avanti B Standard Premium,,2026-02-25 00:00:00,2999-12-31 00:00:00,,
229,23T,Avanti B Standard Premium,Avanti B Standard Premium,,2026-02-25 00:00:00,2999-12-31 00:00:00,,
230,23U,Avanti B Standard Premium,Avanti B Standard Premium,,2026-02-25 00:00:00,2999-12-31 00:00:00,,
231,23V,Avanti B Standard Premium,Avanti B Standard Premium,,2026-02-25 00:00:00,2999-12-31 00:00:00,,
232,23W,Avanti B Standard Premium,Avanti B Standard Premium,,2026-02-25 00:00:00,2999-12-31 00:00:00,,
233,23X,Avanti B Standard Premium,Avanti B Standard Premium,,2026-02-25 00:00:00,2999-12-31 00:00:00,,
234,23Y,Avanti B Standard Premium,Avanti B Standard Premium,,2026-02-25 00:00:00,2999-12-31 00:00:00,,
235,23Z,FIXED STD PREM,FIXED STD PREM,,2026-03-20 00:00:00,2999-12-31 00:00:00,,
236,24B,CDS 2for1,CDS 2for1,,2017-06-05 00:00:00,2999-12-31 00:00:00,2,00M01D
237,24C,SVR 2for1,SVR 2for1,,2017-06-05 00:00:00,2999-12-31 00:00:00,2,00M01D
238,24D,SDR 2for1,SDR 2for1,,2017-06-05 00:00:00,2999-12-31 00:00:00,2,00M01D
239,24E,SOS 2for1,SOS 2for1,,2017-06-05 00:00:00,2999-12-31 00:00:00,2,00M05D
240,24F,SDS 2for1,SDS 2for1,,2017-06-05 00:00:00,2999-12-31 00:00:00,2,00M01D
241,24G,FDR 2for1,FDR 2for1,,2017-06-05 00:00:00,2999-12-31 00:00:00,2,00M01D
242,24H,FDS 2for1,FDS 2for1,,2017-06-05 00:00:00,2999-12-31 00:00:00,2,00M01D
243,24I,FOR 2for1,FOR 2for1,,2017-06-05 00:00:00,2999-12-31 00:00:00,2,00M05D
244,25Q,STD PREMIUM ONBOARD,STD PREMIUM ONBOARD,,2021-05-09 00:00:00,2999-12-31 00:00:00,,
245,26A,AVANTI B FIRST,AVANTI B FIRST,,2025-08-06 00:00:00,2999-12-31 00:00:00,,
246,26B,AVANTI B FIRST,AVANTI B FIRST,,2025-08-06 00:00:00,2999-12-31 00:00:00,,
247,26C,AVANTI B FIRST,AVANTI B FIRST,,2025-08-06 00:00:00,2999-12-31 00:00:00,,
248,26D,AVANTI B FIRST,AVANTI B FIRST,,2025-08-06 00:00:00,2999-12-31 00:00:00,,
249,26E,AVANTI B FIRST,AVANTI B FIRST,,2026-02-18 00:00:00,2999-12-31 00:00:00,,
250,26F,AVANTI B FIRST,AVANTI B FIRST,,2025-08-06 00:00:00,2999-12-31 00:00:00,,
251,26G,AVANTI B FIRST,AVANTI B FIRST,,2025-08-06 00:00:00,2999-12-31 00:00:00,,
252,26H,AVANTI B FIRST,AVANTI B FIRST,,2025-08-06 00:00:00,2999-12-31 00:00:00,,
253,26I,AVANTI B FIRST,AVANTI B FIRST,,2025-08-06 00:00:00,2999-12-31 00:00:00,,
254,26J,AVANTI B FIRST,AVANTI B FIRST,,2025-08-06 00:00:00,2999-12-31 00:00:00,,
255,26K,AVANTI B FIRST,AVANTI B FIRST,,2025-08-06 00:00:00,2999-12-31 00:00:00,,
256,26L,AVANTI B FIRST,AVANTI B FIRST,,2025-08-06 00:00:00,2999-12-31 00:00:00,,
257,26M,AVANTI B FIRST,AVANTI B FIRST,,2026-02-18 00:00:00,2999-12-31 00:00:00,,
258,26N,AVANTI B FIRST,AVANTI B FIRST,,2025-08-06 00:00:00,2999-12-31 00:00:00,,
259,26O,AVANTI B FIRST,AVANTI B FIRST,,2025-08-06 00:00:00,2999-12-31 00:00:00,,
260,26P,AVANTI B FIRST,AVANTI B FIRST,,2025-08-06 00:00:00,2999-12-31 00:00:00,,
261,26Q,AVANTI B FIRST,AVANTI B FIRST,,2025-08-06 00:00:00,2999-12-31 00:00:00,,
262,26R,AVANTI B FIRST,AVANTI B FIRST,,2025-08-06 00:00:00,2999-12-31 00:00:00,,
263,26S,AVANTI B FIRST,AVANTI B FIRST,,2025-08-06 00:00:00,2999-12-31 00:00:00,,
264,26T,AVANTI B FIRST,AVANTI B FIRST,,2025-08-06 00:00:00,2999-12-31 00:00:00,,
265,26U,AVANTI B FIRST,AVANTI B FIRST,,2025-08-06 00:00:00,2999-12-31 00:00:00,,
266,26V,AVANTI B FIRST,AVANTI B FIRST,,2025-08-06 00:00:00,2999-12-31 00:00:00,,
267,26W,AVANTI B FIRST,AVANTI B FIRST,,2025-08-06 00:00:00,2999-12-31 00:00:00,,
268,26X,AVANTI B FIRST,AVANTI B FIRST,,2025-08-06 00:00:00,2999-12-31 00:00:00,,
269,26Y,AVANTI B FIRST,AVANTI B FIRST,,2025-08-06 00:00:00,2999-12-31 00:00:00,,
270,2AA,Advance Single,Advance Single,,2024-03-07 00:00:00,2999-12-31 00:00:00,,
271,2AF,Advance Single,Advance Single,,2017-06-09 00:00:00,2999-12-31 00:00:00,,
272,2AS,Advance Single,Advance Single,,2025-11-11 00:00:00,2999-12-31 00:00:00,,
273,2BA,Promotional Advance Single,Promotional Advance Single,,2024-03-07 00:00:00,2999-12-31 00:00:00,,
274,2BF,Advance Single,Advance Single,,2017-06-09 00:00:00,2999-12-31 00:00:00,,
275,2BS,Promotion Std,Promotion Std,,2025-05-31 00:00:00,2999-12-31 00:00:00,,
276,2CF,Advance Single,Advance Single,,2017-06-09 00:00:00,2999-12-31 00:00:00,,
277,2CO,EMR Comp Anytime single,EMR Comp Anytime single,,2020-12-10 00:00:00,2999-12-31 00:00:00,,
278,2CS,Advance Single,Advance Single,,2017-06-03 00:00:00,2999-12-31 00:00:00,,
279,2D0,Caledonian Double,Caledonian Double,,2019-06-15 00:00:00,2999-12-31 00:00:00,2,00M01D
280,2DF,Advance Single,Advance Single,,2017-06-09 00:00:00,2999-12-31 00:00:00,,
281,2DS,Advance Single,Advance Single,,2017-06-03 00:00:00,2999-12-31 00:00:00,,
282,2DZ,Cal Double Room Only,Cal Double Room Only,,2017-10-13 00:00:00,2999-12-31 00:00:00,2,00M01D
283,2EF,Advance Single,Advance Single,,2017-06-09 00:00:00,2999-12-31 00:00:00,,
284,2ES,Advance Single,Advance Single,,2017-06-03 00:00:00,2999-12-31 00:00:00,,
285,2F0,Club Twin,Club Twin,,2017-10-13 00:00:00,2999-12-31 00:00:00,2,00M01D
286,2F1,Club Twin,Club Twin,,2017-10-13 00:00:00,2999-12-31 00:00:00,2,00M01D
287,2F2,Club Twin,Club Twin,,2017-10-13 00:00:00,2999-12-31 00:00:00,2,00M01D
288,2F3,Club Twin,Club Twin,,2017-10-13 00:00:00,2999-12-31 00:00:00,2,00M01D
289,2F4,Club Twin,Club Twin,,2017-10-13 00:00:00,2999-12-31 00:00:00,2,00M01D
290,2F7,Club Twin,Club Twin,,2021-07-21 00:00:00,2999-12-31 00:00:00,2,00M01D
291,2F8,Club Twin,Club Twin,,2018-06-07 00:00:00,2999-12-31 00:00:00,2,00M01D
292,2F9,Club Twin,Club Twin,,2018-06-07 00:00:00,2999-12-31 00:00:00,2,00M01D
293,2FB,Advance Single,Advance Single,,2022-06-12 00:00:00,2999-12-31 00:00:00,,
294,2FF,Advance Single,Advance Single,,2022-06-16 00:00:00,2999-12-31 00:00:00,,
295,2FH,Sleeper Group Club Twin,Sleeper Group Club Twin,,2020-06-25 00:00:00,2999-12-31 00:00:00,2,00M01D
296,2FI,Advance Single,Advance Single,,2022-03-12 00:00:00,2999-12-31 00:00:00,,
297,2FJ,Flexipass Club Twin Reservation,Flexipass Club Twin Reservation,,2020-04-30 00:00:00,2999-12-31 00:00:00,2,00M01D
298,2FL,Sleeper Group Club Twin,Sleeper Group Club Twin,,2020-06-25 00:00:00,2999-12-31 00:00:00,2,00M01D
299,2FM,Sleeper Group Club Twin,Sleeper Group Club Twin,,2020-06-25 00:00:00,2999-12-31 00:00:00,2,00M01D
300,2FS,Advance Single,Advance Single,,2017-06-03 00:00:00,2999-12-31 00:00:00,,
301,2FZ,Club Twin Room only Supplement,Club Twin Room only Supplement,,2019-05-04 00:00:00,2999-12-31 00:00:00,2,00M01D
302,2GB,Advance Single,Advance Single,,2017-06-03 00:00:00,2999-12-31 00:00:00,,
303,2GF,Advance Single,Advance Single,,2022-06-16 00:00:00,2999-12-31 00:00:00,,
304,2GI,Advance Single,Advance Single,,2022-03-12 00:00:00,2999-12-31 00:00:00,,
305,2GS,Advance Single,Advance Single,,2017-06-03 00:00:00,2999-12-31 00:00:00,,
306,2HF,Advance Single,Advance Single,,2022-06-16 00:00:00,2999-12-31 00:00:00,,
307,2HS,Advance Single,Advance Single,,2017-06-03 00:00:00,2999-12-31 00:00:00,,
308,2IA,Advance Single,Advance Single,,2023-09-12 00:00:00,2999-12-31 00:00:00,,
309,2IB,Advance Single,Advance Single,,2022-03-12 00:00:00,2999-12-31 00:00:00,,
310,2IC,Advance Single,Advance Single,,2022-06-12 00:00:00,2999-12-31 00:00:00,,
311,2ID,Advance Single,Advance Single,,2022-03-12 00:00:00,2999-12-31 00:00:00,,
312,2IE,Advance Single,Advance Single,,2022-03-12 00:00:00,2999-12-31 00:00:00,,
313,2IF,Family & Friends Standard class only,Family & Friends Standard class only,,2019-08-06 00:00:00,2999-12-31 00:00:00,,
314,2IG,Advance Single,Advance Single,,2022-03-12 00:00:00,2999-12-31 00:00:00,,
315,2IH,Advance Single,Advance Single,,2022-03-12 00:00:00,2999-12-31 00:00:00,,
316,2II,Advance Single,Advance Single,,2022-03-12 00:00:00,2999-12-31 00:00:00,,
317,2IJ,Advance Single,Advance Single,,2022-03-12 00:00:00,2999-12-31 00:00:00,,
318,2IS,Advance Single,Advance Single,,2022-03-19 00:00:00,2999-12-31 00:00:00,,
319,2JF,Advance Single,Advance Single,,2022-06-16 00:00:00,2999-12-31 00:00:00,,
320,2JS,Advance Single,Advance Single,,2017-06-03 00:00:00,2999-12-31 00:00:00,,
321,2KF,Advance Single,Advance Single,,2022-06-16 00:00:00,2999-12-31 00:00:00,,
322,2KS,Advance Single,Advance Single,,2017-08-22 00:00:00,2999-12-31 00:00:00,,
323,2LC,Advance Single,Advance Single,,2024-03-07 00:00:00,2999-12-31 00:00:00,,
324,2LF,Advance Single,Advance Single,,2021-03-26 00:00:00,2999-12-31 00:00:00,,
325,2LS,Advance Single,Advance Single,,2025-11-11 00:00:00,2999-12-31 00:00:00,,
326,2MC,Advance Single,Advance Single,,2024-03-07 00:00:00,2999-12-31 00:00:00,,
327,2MF,Advance Single,Advance Single,,2024-11-09 00:00:00,2999-12-31 00:00:00,,
328,2MS,Advance Single,Advance Single,,2025-11-11 00:00:00,2999-12-31 00:00:00,,
329,2NF,Advance Single,Advance Single,,2018-01-02 00:00:00,2999-12-31 00:00:00,,
330,2NS,Advance Single,Advance Single,,2025-11-11 00:00:00,2999-12-31 00:00:00,,
331,2PA,Autumn Sale,Autumn Sale,,2025-10-02 00:00:00,2999-12-31 00:00:00,,
332,2PB,Advance Single,Advance Single,,2019-10-19 00:00:00,2999-12-31 00:00:00,,
333,2PC,Advance Single,Advance Single,,2019-10-19 00:00:00,2999-12-31 00:00:00,,
334,2PD,Advance Single,Advance Single,,2019-10-19 00:00:00,2999-12-31 00:00:00,,
335,2PE,Advance Single,Advance Single,,2019-10-19 00:00:00,2999-12-31 00:00:00,,
336,2PF,Advance Single,Advance Single,,2019-10-19 00:00:00,2999-12-31 00:00:00,,
337,2RF,Advance Single,Advance Single,,2020-05-05 00:00:00,2999-12-31 00:00:00,,
338,2S0,Classic Twin,Classic Twin,,2017-10-13 00:00:00,2999-12-31 00:00:00,2,00M01D
339,2S1,Classic Twin,Classic Twin,,2017-10-13 00:00:00,2999-12-31 00:00:00,2,00M01D
340,2S2,Classic Twin,Classic Twin,,2017-10-13 00:00:00,2999-12-31 00:00:00,2,00M01D
341,2S3,Classic Twin,Classic Twin,,2017-10-13 00:00:00,2999-12-31 00:00:00,2,00M01D
342,2S4,Classic Twin,Classic Twin,,2017-10-13 00:00:00,2999-12-31 00:00:00,2,00M01D
343,2S7,Classic Twin,Classic Twin,,2021-07-21 00:00:00,2999-12-31 00:00:00,2,00M01D
344,2S8,Classic Twin,Classic Twin,,2018-06-07 00:00:00,2999-12-31 00:00:00,2,00M01D
345,2S9,Classic Twin,Classic Twin,,2018-06-07 00:00:00,2999-12-31 00:00:00,2,00M01D
346,2SA,Stena Advance Peak,Stena Advance Peak,,2013-03-26 00:00:00,2999-12-31 00:00:00,,
347,2SF,Advance Single,Advance Single,,2020-05-05 00:00:00,2999-12-31 00:00:00,,
348,2SH,Sleeper Group Classic Twin,Sleeper Group Classic Twin,,2020-06-25 00:00:00,2999-12-31 00:00:00,2,00M01D
349,2SJ,Flexipass Classic Twin Reservation,Flexipass Classic Twin Reservation,,2020-04-30 00:00:00,2999-12-31 00:00:00,2,00M01D
350,2SL,Sleeper Group Classic Twin,Sleeper Group Classic Twin,,2020-06-25 00:00:00,2999-12-31 00:00:00,2,00M01D
351,2SM,Sleeper Group Classic Twin,Sleeper Group Classic Twin,,2020-06-25 00:00:00,2999-12-31 00:00:00,2,00M01D
352,2SO,Stena Advance Off-Peak,Stena Advance Off-Peak,,2013-03-26 00:00:00,2999-12-31 00:00:00,,
353,2SP,Stena Standby Peak,Stena Standby Peak,,2013-03-07 00:00:00,2999-12-31 00:00:00,,
354,2SS,Stena Standby Off-Peak,Stena Standby Off-Peak,,2013-03-07 00:00:00,2999-12-31 00:00:00,,
355,2SZ,Classic Twin Room only Supplement,Classic Twin Room only Supplement,,2019-05-04 00:00:00,2999-12-31 00:00:00,2,00M01D
356,2TF,Transfer Fee,Transfer Fee,,2024-09-28 00:00:00,2999-12-31 00:00:00,,
357,2TM,NETWORK STUDENT 4WK,NETWORK STUDENT 4WK,,2019-06-29 00:00:00,2999-12-31 00:00:00,,
358,2X1,Advance ITX Low,Advance ITX Low,,2021-08-18 00:00:00,2999-12-31 00:00:00,,
359,2X2,Advance ITX Med,Advance ITX Med,,2021-08-18 00:00:00,2999-12-31 00:00:00,,
360,2X3,Advance ITX High,Advance ITX High,,2021-08-18 00:00:00,2999-12-31 00:00:00,,
361,2XC,Complimentary Double (Twin),Complimentary Double (Twin),,2026-04-23 00:00:00,2999-12-31 00:00:00,2,00M01D
362,2XD,Duty Travel Double (Twin),Duty Travel Double (Twin),,2026-04-23 00:00:00,2999-12-31 00:00:00,2,00M01D
363,2XF,Seatfrog Standard Class to First Class Swap,Seatfrog Standard Class to First Class Swap,,2023-05-19 00:00:00,2999-12-31 00:00:00,,
364,2XR,DUMMY DO NOT USE,DUMMY DO NOT USE,,2026-02-04 00:00:00,2999-12-31 00:00:00,,
365,2XS,Seatfrog Standard Class Swap,Seatfrog Standard Class Swap,,2023-05-03 00:00:00,2999-12-31 00:00:00,,
366,2YB,Club Twin Friends and Family,Club Twin Friends and Family,,2026-04-23 00:00:00,2999-12-31 00:00:00,2,00M01D
367,2YC,Complimentary Club Twin,Complimentary Club Twin,,2026-04-23 00:00:00,2999-12-31 00:00:00,2,00M01D
368,2YD,Duty Travel Club Twin,Duty Travel Club Twin,,2026-04-23 00:00:00,2999-12-31 00:00:00,2,00M01D
369,2YE,Leisure Travel Club Twin,Leisure Travel Club Twin,,2026-04-23 00:00:00,2999-12-31 00:00:00,2,00M01D
370,2ZB,Classic Twin Friends and Family,Classic Twin Friends and Family,,2026-04-23 00:00:00,2999-12-31 00:00:00,2,00M01D
371,2ZC,Complimentary Classic Twin,Complimentary Classic Twin,,2026-04-23 00:00:00,2999-12-31 00:00:00,2,00M01D
372,2ZD,Duty Travel Classic Twin,Duty Travel Classic Twin,,2026-04-23 00:00:00,2999-12-31 00:00:00,2,00M01D
373,2ZE,Leisure Travel Classic Twin,Leisure Travel Classic Twin,,2026-04-23 00:00:00,2999-12-31 00:00:00,2,00M01D
374,2ZF,Advance Single,Advance Single,,2022-04-27 00:00:00,2999-12-31 00:00:00,,
375,2ZR,DUMMY DO NOT USE,DUMMY DO NOT USE,,2021-05-19 00:00:00,2999-12-31 00:00:00,,
376,3AS,Family Single 1 Adult 1 Child ,Family Single 1 Adult 1 Child ,,2026-04-22 00:00:00,2999-12-31 00:00:00,,
377,3BD,AWC FLAT FARE,AWC FLAT FARE,,2019-12-08 00:00:00,2999-12-31 00:00:00,,
378,3BS,Family Single 1 Adult 2 Children,Family Single 1 Adult 2 Children,,2026-04-22 00:00:00,2999-12-31 00:00:00,,
379,3CA,Corporate Anytime Day Single,Corporate Anytime Day Single,,2021-08-18 00:00:00,2999-12-31 00:00:00,,
380,3CB,Corporate Anytime Day Return,Corporate Anytime Day Return,,2021-09-29 00:00:00,2999-12-31 00:00:00,,
381,3CC,Corporate Off Peak Day Return,Corporate Off Peak Day Return,,2021-09-29 00:00:00,2999-12-31 00:00:00,,
382,3CS,Family Single 1 Adult 3 Children,Family Single 1 Adult 3 Children,,2026-04-22 00:00:00,2999-12-31 00:00:00,,
383,3DS,Family Single 1 Adult 4 Children,Family Single 1 Adult 4 Children,,2026-04-30 00:00:00,2999-12-31 00:00:00,,
384,3ES,Family Single 2 Adults 1 Child,Family Single 2 Adults 1 Child,,2026-05-01 00:00:00,2999-12-31 00:00:00,2,00M01D
385,3FS,Family Single 2 Adults 2 Children,Family Single 2 Adults 2 Children,,2026-04-22 00:00:00,2999-12-31 00:00:00,2,00M01D
386,3GS,Family Single 2 Adults 3 Children,Family Single 2 Adults 3 Children,,2026-04-22 00:00:00,2999-12-31 00:00:00,2,00M01D
387,3HS,Family Single 2 Adults 4 Children,Family Single 2 Adults 4 Children,,2026-04-22 00:00:00,2999-12-31 00:00:00,2,00M01D
388,3IS,Flexi Advance Single,Flexi Advance Single,,2025-04-10 00:00:00,2999-12-31 00:00:00,,
389,3JS,Flexi Advance Single,Flexi Advance Single,,2025-04-10 00:00:00,2999-12-31 00:00:00,,
390,3LS,Flexi Advance Single,Flexi Advance Single,,2025-04-10 00:00:00,2999-12-31 00:00:00,,
391,3MP,3 MNTH TfW DUTY PASS,3 MNTH TfW DUTY PASS,,2019-07-09 00:00:00,2999-12-31 00:00:00,,
392,3MS,Flexi Advance Single,Flexi Advance Single,,2025-04-10 00:00:00,2999-12-31 00:00:00,,
393,3PF,LNER Promotional Single (1st Class),LNER Promotion Single 1st,,2018-06-18 00:00:00,2999-12-31 00:00:00,,
394,3PS,LNER Promotional Single (Std Class),LNER Promotion Single,,2018-06-18 00:00:00,2999-12-31 00:00:00,,
395,3TM,NET STUDENT DD,NET STUDENT DD,,2019-05-15 00:00:00,2999-12-31 00:00:00,,
396,3YF,AWC PROMO Y,AWC PROMO Y,,2019-12-08 00:00:00,2999-12-31 00:00:00,,
397,3YS,AWC PROMO Y STD,AWC PROMO Y STD,,2019-12-08 00:00:00,2999-12-31 00:00:00,,
398,3ZF,AWC PROMO Z,AWC PROMO Z,,2020-02-25 00:00:00,2999-12-31 00:00:00,,
399,3ZS,AWC PROMO Z STD,AWC PROMO Z STD,,2019-12-08 00:00:00,2999-12-31 00:00:00,,
400,42R,Four for Two Return,Four for Two Return,,2008-12-19 00:00:00,2999-12-31 00:00:00,2,00M01D
401,42S,Four for Two Single,Four for Two Single,,2008-12-19 00:00:00,2999-12-31 00:00:00,2,00M01D
402,43R,Group 5 Return,Group 5 Return,,2011-02-24 00:00:00,2999-12-31 00:00:00,5,00M01D
403,43S,Group 5 Single,Group 5 Single,,2011-02-24 00:00:00,2999-12-31 00:00:00,5,00M01D
404,44R,Group Return,Group Return,,2026-03-04 00:00:00,2999-12-31 00:00:00,2,00M01D
405,44S,Group Single,Group Single,,2026-02-24 00:00:00,2999-12-31 00:00:00,2,00M01D
406,4FF,Seatfrog First Class Swap,Seatfrog First Class Swap,,2020-10-31 00:00:00,2999-12-31 00:00:00,,
407,4FS,Seatfrog First Class to Standard Class Swap,Seatfrog First Class to Standard Class Swap,,2020-10-31 00:00:00,2999-12-31 00:00:00,,
408,4SF,Seatfrog Standard Class to First Class Swap,Seatfrog Standard Class to First Class Swap,,2020-10-31 00:00:00,2999-12-31 00:00:00,,
409,4SS,Seatfrog Standard Class Swap,Seatfrog Standard Class Swap,,2020-10-31 00:00:00,2999-12-31 00:00:00,,
410,4WK,n-Network 1st Plus 4 Weeks,n-Network 1st Plus 4 Weeks,,2017-06-24 00:00:00,2999-12-31 00:00:00,,
411,51A,AWC 1st Comp Single,AWC 1st Comp Single,,2024-01-20 00:00:00,2999-12-31 00:00:00,,
412,51R,AWC 1st Comp Return,AWC 1st Comp Return,,2024-01-20 00:00:00,2999-12-31 00:00:00,,
413,52A,AVANTI A STD,AVANTI A STD,,2025-08-05 00:00:00,2999-12-31 00:00:00,,
414,52B,AVANTI A STD,AVANTI A STD,,2025-08-27 00:00:00,2999-12-31 00:00:00,,
415,52C,AVANTI A STD,AVANTI A STD,,2025-08-05 00:00:00,2999-12-31 00:00:00,,
416,52D,AVANTI A STD,AVANTI A STD,,2025-08-05 00:00:00,2999-12-31 00:00:00,,
417,52E,AVANTI A STD,AVANTI A STD,,2025-08-05 00:00:00,2999-12-31 00:00:00,,
418,52F,AVANTI A STD,AVANTI A STD,,2025-08-05 00:00:00,2999-12-31 00:00:00,,
419,52G,AVANTI A STD,AVANTI A STD,,2025-08-05 00:00:00,2999-12-31 00:00:00,,
420,52H,AVANTI A STD,AVANTI A STD,,2025-08-05 00:00:00,2999-12-31 00:00:00,,
421,52I,AVANTI A STD,AVANTI A STD,,2025-08-05 00:00:00,2999-12-31 00:00:00,,
422,52J,AVANTI A STD,AVANTI A STD,,2025-08-05 00:00:00,2999-12-31 00:00:00,,
423,52K,AVANTI A STD,AVANTI A STD,,2025-08-05 00:00:00,2999-12-31 00:00:00,,
424,52L,AVANTI A STD,AVANTI A STD,,2025-08-05 00:00:00,2999-12-31 00:00:00,,
425,52M,AVANTI A STD,AVANTI A STD,,2025-08-05 00:00:00,2999-12-31 00:00:00,,
426,52N,AVANTI A STD,AVANTI A STD,,2025-08-05 00:00:00,2999-12-31 00:00:00,,
427,52O,AVANTI A STD,AVANTI A STD,,2025-08-05 00:00:00,2999-12-31 00:00:00,,
428,52P,AVANTI A STD,AVANTI A STD,,2025-08-05 00:00:00,2999-12-31 00:00:00,,
429,52Q,AVANTI A STD,AVANTI A STD,,2025-08-05 00:00:00,2999-12-31 00:00:00,,
430,52R,AVANTI A STD,AVANTI A STD,,2025-08-05 00:00:00,2999-12-31 00:00:00,,
431,52S,AVANTI A STD,AVANTI A STD,,2025-08-05 00:00:00,2999-12-31 00:00:00,,
432,52T,AVANTI A STD,AVANTI A STD,,2025-08-05 00:00:00,2999-12-31 00:00:00,,
433,52U,AVANTI A STD,AVANTI A STD,,2025-08-05 00:00:00,2999-12-31 00:00:00,,
434,52V,AVANTI A STD,AVANTI A STD,,2025-08-05 00:00:00,2999-12-31 00:00:00,,
435,52W,AVANTI A STD,AVANTI A STD,,2025-08-05 00:00:00,2999-12-31 00:00:00,,
436,52X,AVANTI A STD,AVANTI A STD,,2025-08-05 00:00:00,2999-12-31 00:00:00,,
437,52Y,AVANTI A STD,AVANTI A STD,,2025-08-05 00:00:00,2999-12-31 00:00:00,,
438,53A,Avanti A Standard Premium,Avanti A Standard Premium,,2026-02-25 00:00:00,2999-12-31 00:00:00,,
439,53B,Avanti A Standard Premium,Avanti A Standard Premium,,2026-02-25 00:00:00,2999-12-31 00:00:00,,
440,53C,Avanti A Standard Premium,Avanti A Standard Premium,,2026-02-25 00:00:00,2999-12-31 00:00:00,,
441,53D,Avanti A Standard Premium,Avanti A Standard Premium,,2026-02-25 00:00:00,2999-12-31 00:00:00,,
442,53E,Avanti A Standard Premium,Avanti A Standard Premium,,2026-02-25 00:00:00,2999-12-31 00:00:00,,
443,53F,Avanti A Standard Premium,Avanti A Standard Premium,,2026-02-25 00:00:00,2999-12-31 00:00:00,,
444,53G,Avanti A Standard Premium,Avanti A Standard Premium,,2026-02-25 00:00:00,2999-12-31 00:00:00,,
445,53H,Avanti A Standard Premium,Avanti A Standard Premium,,2026-02-25 00:00:00,2999-12-31 00:00:00,,
446,53I,Avanti A Standard Premium,Avanti A Standard Premium,,2026-02-25 00:00:00,2999-12-31 00:00:00,,
447,53J,Avanti A Standard Premium,Avanti A Standard Premium,,2026-02-25 00:00:00,2999-12-31 00:00:00,,
448,53K,Avanti A Standard Premium,Avanti A Standard Premium,,2026-02-25 00:00:00,2999-12-31 00:00:00,,
449,53L,Avanti A Standard Premium,Avanti A Standard Premium,,2026-02-25 00:00:00,2999-12-31 00:00:00,,
450,53M,Avanti A Standard Premium,Avanti A Standard Premium,,2026-02-25 00:00:00,2999-12-31 00:00:00,,
451,53N,Avanti A Standard Premium,Avanti A Standard Premium,,2026-02-25 00:00:00,2999-12-31 00:00:00,,
452,53O,Avanti A Standard Premium,Avanti A Standard Premium,,2026-02-25 00:00:00,2999-12-31 00:00:00,,
453,53P,Avanti A Standard Premium,Avanti A Standard Premium,,2026-02-25 00:00:00,2999-12-31 00:00:00,,
454,53Q,Avanti A Standard Premium,Avanti A Standard Premium,,2026-02-25 00:00:00,2999-12-31 00:00:00,,
455,53R,Avanti A Standard Premium,Avanti A Standard Premium,,2026-02-25 00:00:00,2999-12-31 00:00:00,,
456,53S,Avanti A Standard Premium,Avanti A Standard Premium,,2026-02-25 00:00:00,2999-12-31 00:00:00,,
457,53T,Avanti A Standard Premium,Avanti A Standard Premium,,2026-02-25 00:00:00,2999-12-31 00:00:00,,
458,53U,Avanti A Standard Premium,Avanti A Standard Premium,,2026-02-25 00:00:00,2999-12-31 00:00:00,,
459,53V,Avanti A Standard Premium,Avanti A Standard Premium,,2026-02-25 00:00:00,2999-12-31 00:00:00,,
460,53W,Avanti A Standard Premium,Avanti A Standard Premium,,2026-02-25 00:00:00,2999-12-31 00:00:00,,
461,53X,Avanti A Standard Premium,Avanti A Standard Premium,,2026-02-25 00:00:00,2999-12-31 00:00:00,,
462,53Y,Avanti A Standard Premium,Avanti A Standard Premium,,2026-02-25 00:00:00,2999-12-31 00:00:00,,
463,53Z,FIXED PLUS STD PREM,FIXED PLUS STD PREM,,2026-03-20 00:00:00,2999-12-31 00:00:00,,
464,55C,Club 55 Hull Trains (1st Class),Club 55 Hull Trains 1st,,2010-08-10 00:00:00,2999-12-31 00:00:00,,
465,55D,Club 55 Hull Trains Standard,Club 55 Hull Trains Standard,,2010-08-10 00:00:00,2999-12-31 00:00:00,,
466,55E,Club 55 Excess,Club 55 Excess,,2012-09-02 00:00:00,2999-12-31 00:00:00,,
467,55F,Club 55 First Class,Club 55 1st,,2019-04-25 00:00:00,2999-12-31 00:00:00,,
468,55O,Club 55 Website,Club 55 Website,,2012-09-02 00:00:00,2999-12-31 00:00:00,,
469,55P,Club 50 Any Day,Club 50 Any Day,,2019-08-23 00:00:00,2999-12-31 00:00:00,,
470,55S,Club 55 (Standard),Club 55 Standard,,2019-04-25 00:00:00,2999-12-31 00:00:00,,
471,55W,Club 55 Not valid on Fridays,Club55 Not Friday,,2012-09-02 00:00:00,2999-12-31 00:00:00,,
472,56A,AVANTI A FIRST,AVANTI A FIRST,,2025-08-05 00:00:00,2999-12-31 00:00:00,,
473,56B,AVANTI A FIRST,AVANTI A FIRST,,2025-08-05 00:00:00,2999-12-31 00:00:00,,
474,56C,AVANTI A FIRST,AVANTI A FIRST,,2025-08-05 00:00:00,2999-12-31 00:00:00,,
475,56D,AVANTI A FIRST,AVANTI A FIRST,,2025-08-05 00:00:00,2999-12-31 00:00:00,,
476,56E,AVANTI A FIRST,AVANTI A FIRST,,2025-08-05 00:00:00,2999-12-31 00:00:00,,
477,56F,AVANTI A FIRST,AVANTI A FIRST,,2025-08-05 00:00:00,2999-12-31 00:00:00,,
478,56G,AVANTI A FIRST,AVANTI A FIRST,,2025-08-05 00:00:00,2999-12-31 00:00:00,,
479,56H,AVANTI A FIRST,AVANTI A FIRST,,2025-08-05 00:00:00,2999-12-31 00:00:00,,
480,56I,AVANTI A FIRST,AVANTI A FIRST,,2025-08-05 00:00:00,2999-12-31 00:00:00,,
481,56J,AVANTI A FIRST,AVANTI A FIRST,,2025-08-05 00:00:00,2999-12-31 00:00:00,,
482,56K,AVANTI A FIRST,AVANTI A FIRST,,2025-08-05 00:00:00,2999-12-31 00:00:00,,
483,56L,AVANTI A FIRST,AVANTI A FIRST,,2025-08-05 00:00:00,2999-12-31 00:00:00,,
484,56M,AVANTI A FIRST,AVANTI A FIRST,,2025-08-05 00:00:00,2999-12-31 00:00:00,,
485,56N,AVANTI A FIRST,AVANTI A FIRST,,2025-08-05 00:00:00,2999-12-31 00:00:00,,
486,56O,AVANTI A FIRST,AVANTI A FIRST,,2025-08-05 00:00:00,2999-12-31 00:00:00,,
487,56P,AVANTI A FIRST,AVANTI A FIRST,,2025-08-05 00:00:00,2999-12-31 00:00:00,,
488,56Q,AVANTI A FIRST,AVANTI A FIRST,,2025-08-05 00:00:00,2999-12-31 00:00:00,,
489,56R,AVANTI A FIRST,AVANTI A FIRST,,2025-08-05 00:00:00,2999-12-31 00:00:00,,
490,56S,AVANTI A FIRST,AVANTI A FIRST,,2025-08-05 00:00:00,2999-12-31 00:00:00,,
491,56T,AVANTI A FIRST,AVANTI A FIRST,,2025-08-05 00:00:00,2999-12-31 00:00:00,,
492,56U,AVANTI A FIRST,AVANTI A FIRST,,2025-08-05 00:00:00,2999-12-31 00:00:00,,
493,56V,AVANTI A FIRST,AVANTI A FIRST,,2025-08-05 00:00:00,2999-12-31 00:00:00,,
494,56W,AVANTI A FIRST,AVANTI A FIRST,,2025-08-05 00:00:00,2999-12-31 00:00:00,,
495,56X,AVANTI A FIRST,AVANTI A FIRST,,2025-08-05 00:00:00,2999-12-31 00:00:00,,
496,56Y,AVANTI A FIRST,AVANTI A FIRST,,2025-08-05 00:00:00,2999-12-31 00:00:00,,
497,5GA,GROUP PREMIUM STD,GROUP PREMIUM STD,,2021-02-23 00:00:00,2999-12-31 00:00:00,,
498,5GB,GROUP PREMIUM STD,GROUP PREMIUM STD,,2021-02-23 00:00:00,2999-12-31 00:00:00,,
499,5GC,GROUP PREMIUM STD,GROUP PREMIUM STD,,2021-02-23 00:00:00,2999-12-31 00:00:00,,
500,5GD,GROUP PREMIUM STD,GROUP PREMIUM STD,,2021-02-23 00:00:00,2999-12-31 00:00:00,,
501,5GE,GROUP PREMIUM STD,GROUP PREMIUM STD,,2021-02-23 00:00:00,2999-12-31 00:00:00,,
502,5GF,GROUP PREMIUM STD,GROUP PREMIUM STD,,2021-02-23 00:00:00,2999-12-31 00:00:00,,
503,5GG,GROUP PREMIUM STD,GROUP PREMIUM STD,,2021-02-23 00:00:00,2999-12-31 00:00:00,,
504,5GH,GROUP PREMIUM STD,GROUP PREMIUM STD,,2021-02-23 00:00:00,2999-12-31 00:00:00,,
505,5GI,GROUP PREMIUM STD,GROUP PREMIUM STD,,2021-02-23 00:00:00,2999-12-31 00:00:00,,
506,5GJ,GROUP PREMIUM STD,GROUP PREMIUM STD,,2021-02-23 00:00:00,2999-12-31 00:00:00,,
507,5GK,GROUP PREMIUM STD,GROUP PREMIUM STD,,2021-02-23 00:00:00,2999-12-31 00:00:00,,
508,5GL,GROUP PREMIUM STD,GROUP PREMIUM STD,,2021-02-23 00:00:00,2999-12-31 00:00:00,,
509,5PA,Advance Single Standard Premium,Advance Single Standard Premium,,2021-03-13 00:00:00,2999-12-31 00:00:00,,
510,5PB,Advance Single Standard Premium,Advance Single Standard Premium,,2021-03-13 00:00:00,2999-12-31 00:00:00,,
511,5PC,Advance Single Standard Premium,Advance Single Standard Premium,,2021-03-13 00:00:00,2999-12-31 00:00:00,,
512,5PD,Advance Single Standard Premium,Advance Single Standard Premium,,2021-03-13 00:00:00,2999-12-31 00:00:00,,
513,5PE,Advance Single Standard Premium,Advance Single Standard Premium,,2021-03-13 00:00:00,2999-12-31 00:00:00,,
514,5PF,Advance Single Standard Premium,Advance Single Standard Premium,,2022-05-18 00:00:00,2999-12-31 00:00:00,,
515,5PG,Advance Single Standard Premium,Advance Single Standard Premium,,2021-03-13 00:00:00,2999-12-31 00:00:00,,
516,5PH,Advance Single Standard Premium,Advance Single Standard Premium,,2021-03-13 00:00:00,2999-12-31 00:00:00,,
517,5PI,Advance Single Standard Premium,Advance Single Standard Premium,,2021-03-13 00:00:00,2999-12-31 00:00:00,,
518,5PJ,Advance Single Standard Premium,Advance Single Standard Premium,,2021-03-13 00:00:00,2999-12-31 00:00:00,,
519,5PK,Advance Single Standard Premium,Advance Single Standard Premium,,2021-03-13 00:00:00,2999-12-31 00:00:00,,
520,5PL,Advance Single Standard Premium,Advance Single Standard Premium,,2021-03-13 00:00:00,2999-12-31 00:00:00,,
521,5PM,Advance Single Standard Premium,Advance Single Standard Premium,,2021-03-13 00:00:00,2999-12-31 00:00:00,,
522,5PN,Advance Single Standard Premium,Advance Single Standard Premium,,2021-03-13 00:00:00,2999-12-31 00:00:00,,
523,5PO,Advance Single Standard Premium,Advance Single Standard Premium,,2021-03-13 00:00:00,2999-12-31 00:00:00,,
524,5PP,Advance Single Standard Premium,Advance Single Standard Premium,,2021-03-13 00:00:00,2999-12-31 00:00:00,,
525,5PQ,Advance Single Standard Premium,Advance Single Standard Premium,,2021-03-13 00:00:00,2999-12-31 00:00:00,,
526,5PR,Advance Single Standard Premium,Advance Single Standard Premium,,2021-03-13 00:00:00,2999-12-31 00:00:00,,
527,5PS,Advance Single Standard Premium,Advance Single Standard Premium,,2021-03-13 00:00:00,2999-12-31 00:00:00,,
528,5PT,Advance Single Standard Premium,Advance Single Standard Premium,,2021-03-13 00:00:00,2999-12-31 00:00:00,,
529,5PU,Advance Single Standard Premium,Advance Single Standard Premium,,2021-03-13 00:00:00,2999-12-31 00:00:00,,
530,5PV,Advance Single Standard Premium,Advance Single Standard Premium,,2021-03-13 00:00:00,2999-12-31 00:00:00,,
531,5PW,Advance Single Standard Premium,Advance Single Standard Premium,,2021-03-13 00:00:00,2999-12-31 00:00:00,,
532,5PX,Advance Single Standard Premium,Advance Single Standard Premium,,2021-03-13 00:00:00,2999-12-31 00:00:00,,
533,5PY,Advance Single Standard Premium,Advance Single Standard Premium,,2021-03-13 00:00:00,2999-12-31 00:00:00,,
534,5PZ,Advance Single Standard Premium,Advance Single Standard Premium,,2021-03-13 00:00:00,2999-12-31 00:00:00,,
535,6F1,Discount Family (1st),Discount Family (1st),,2018-06-06 00:00:00,2999-12-31 00:00:00,2,00M01D
536,6F2,Discount Family,Discount Family,,2018-06-06 00:00:00,2999-12-31 00:00:00,2,00M01D
537,6MP,6 MNTH TfW DUTY PASS,6 MNTH TfW DUTY PASS,,2019-07-09 00:00:00,2999-12-31 00:00:00,,
538,7BR,7 Day Bus & Rail Card,7 Day Bus & Rail Card,,2009-03-10 00:00:00,2999-12-31 00:00:00,,
539,7BS,Bus 7 Day Season,Bus 7 Day Season,,1999-06-03 00:00:00,2999-12-31 00:00:00,,
540,7CA,7 Day County Card,7 Day County Card,,2009-03-10 00:00:00,2999-12-31 00:00:00,,
541,7CT,Network 1 Week,Network 1 Week,,2017-06-24 00:00:00,2999-12-31 00:00:00,,
542,7D1,Anglia Plus 7 Days (1st Class),Anglia Plus 7 Days 1st,,2020-09-25 00:00:00,2999-12-31 00:00:00,,
543,7DA,Anglia Plus 7 Days ,Anglia Plus 7 Days,,2020-09-25 00:00:00,2999-12-31 00:00:00,,
544,7DF,7 Day Season Ticket (1st Class),7 Day Season 1st,,2020-07-31 00:00:00,2999-12-31 00:00:00,,
545,7DS,7 Day Season Ticket,7 Day Season,,2020-07-31 00:00:00,2999-12-31 00:00:00,,
546,7FF,7 Day Fixed (1st class),7 Day Fixed 1st,,2020-10-23 00:00:00,2999-12-31 00:00:00,,
547,7FS,7 Day Fixed (standard),7 Day Fixed,,2020-10-23 00:00:00,2999-12-31 00:00:00,,
548,7GC,7DAY GREEN STD SEASO,7DAY GREEN STD SEASO,,2019-08-01 00:00:00,2999-12-31 00:00:00,,
549,7GF,7DAY GREEN 1STSEASON,7DAY GREEN 1STSEASON,,2019-08-01 00:00:00,2999-12-31 00:00:00,,
550,7OS,7 Day Season OP,7 Day Season OP,,2019-10-18 00:00:00,2999-12-31 00:00:00,,
551,7PS,Cardiff Seven,Cardiff Seven,,2006-03-07 00:00:00,2999-12-31 00:00:00,,
552,7TA,7 Day Travelcard Season Ticket,7 Day Travelcard Season Ticket,,2018-09-02 00:00:00,2999-12-31 00:00:00,,
553,7TF,7 Day Travelcard Season (1st Class),7 Day Travelcard 1st,,2020-07-31 00:00:00,2999-12-31 00:00:00,,
554,7TS,7 Day Travelcard Season Ticket,7 Day Travelcard,,2020-07-31 00:00:00,2999-12-31 00:00:00,,
555,8AB,Anytime Day Single,Anytime Day Single,,2023-03-29 00:00:00,2999-12-31 00:00:00,,
556,8AC,Anytime Return,Anytime Return,,2023-05-18 00:00:00,2999-12-31 00:00:00,,
557,8AD,Off-Peak Return,Off-Peak Return,,2023-05-16 00:00:00,2999-12-31 00:00:00,,
558,8AE,Anytime Day Return,Anytime Day Return,,2023-05-18 00:00:00,2999-12-31 00:00:00,,
559,8AF,Off-Peak Day Return,Off-Peak Day Return,,2023-05-18 00:00:00,2999-12-31 00:00:00,,
560,8AG,Anytime Day Single (First Class),Anytime Day Single (1st Class),,2023-04-01 00:00:00,2999-12-31 00:00:00,,
561,8AH,Anytime Return (First Class),Anytime Return (1st Class),,2023-05-18 00:00:00,2999-12-31 00:00:00,,
562,91A,ITX Low Return,ITX Low Return,,2008-07-04 00:00:00,2999-12-31 00:00:00,,
563,91B,ITX Low Return,ITX Low Return,,2014-10-01 00:00:00,2999-12-31 00:00:00,,
564,91C,Avanti West Coast Group,Avanti West Coast Group,,2019-12-08 00:00:00,2999-12-31 00:00:00,,
565,91D,Avanti West Coast Group,Avanti West Coast Group,,2019-12-08 00:00:00,2999-12-31 00:00:00,,
566,91G,Grans Central Group 1st,Grans Central Group 1st,,2011-04-28 00:00:00,2999-12-31 00:00:00,,
567,91H,Superbreaks ITX,Superbreaks ITX,,2011-08-30 00:00:00,2999-12-31 00:00:00,,
568,91I,Superbreaks ITX,Superbreaks ITX,,2011-08-30 00:00:00,2999-12-31 00:00:00,,
569,91J,TPE BILAT_1_HE,TPE BILAT_1_HE,,2017-06-05 00:00:00,2999-12-31 00:00:00,2,00M01D
570,91K,TPE BILAT_2_HE,TPE BILAT_2_HE,,2017-06-05 00:00:00,2999-12-31 00:00:00,2,00M01D
571,92A,ITX Low Single,ITX Low Single,,2008-07-04 00:00:00,2999-12-31 00:00:00,,
572,92B,ITX Low Single,ITX Low Single,,2008-07-04 00:00:00,2999-12-31 00:00:00,,
573,92G,Grand Central Standard,Grand Central Standard,,2011-04-28 00:00:00,2999-12-31 00:00:00,,
574,93A,ITX High Return,ITX High Return,,2008-07-04 00:00:00,2999-12-31 00:00:00,,
575,93B,ITX High Return,ITX High Return,,2014-10-01 00:00:00,2999-12-31 00:00:00,,
576,93G,GC BILTRL 1ST LOW,GC BILTRL 1ST LOW,,2021-03-04 00:00:00,2999-12-31 00:00:00,,
577,94A,ITX High Single,ITX High Single,,2008-07-04 00:00:00,2999-12-31 00:00:00,,
578,94B,ITX High Single,ITX High Single,,2008-07-04 00:00:00,2999-12-31 00:00:00,,
579,94G,GC BILTRL STD LOW,GC BILTRL STD LOW,,2021-03-04 00:00:00,2999-12-31 00:00:00,,
580,95A,ITX Low Return,ITX Low Return,,2008-07-04 00:00:00,2999-12-31 00:00:00,,
581,95B,ITX Low Return,ITX Low Return,,2014-10-01 00:00:00,2999-12-31 00:00:00,,
582,96A,ITX Low Single,ITX Low Single,,2008-07-04 00:00:00,2999-12-31 00:00:00,,
583,96B,ITX Low Single,ITX Low Single,,2008-07-04 00:00:00,2999-12-31 00:00:00,,
584,97A,ITX High Return,ITX High Return,,2008-07-04 00:00:00,2999-12-31 00:00:00,,
585,97B,ITX High Return,ITX High Return,,2014-10-01 00:00:00,2999-12-31 00:00:00,,
586,97C,BI LAT RTN 1 HI,BI LAT RTN 1 HI,,2019-06-06 00:00:00,2999-12-31 00:00:00,,
587,97D,BI LAT RTN 1 LOW,BI LAT RTN 1 LOW,,2019-06-06 00:00:00,2999-12-31 00:00:00,,
588,97E,BI LAT RTN 2 HI,BI LAT RTN 2 HI,,2019-06-06 00:00:00,2999-12-31 00:00:00,,
589,97F,BI LAT RTN 2 LOW,BI LAT RTN 2 LOW,,2019-06-06 00:00:00,2999-12-31 00:00:00,,
590,98A,ITX High Single,ITX High Single,,2008-07-04 00:00:00,2999-12-31 00:00:00,,
591,98B,ITX High Single,ITX High Single,,2008-07-04 00:00:00,2999-12-31 00:00:00,,
592,98C,Greater Anglia 1R,Greater Anglia 1R,,2012-02-05 00:00:00,2999-12-31 00:00:00,,
593,98F,Thameslink 1st,Thameslink 1st,,2014-09-09 00:00:00,2999-12-31 00:00:00,,
594,98G,Thameslink Standard,Thameslink Standard,,2014-09-09 00:00:00,2999-12-31 00:00:00,,
595,98H,Thameslink 1HE,Thameslink 1HE,,2014-09-09 00:00:00,2999-12-31 00:00:00,,
596,98I,Thameslink 2HE,Thameslink 2HE,,2014-09-09 00:00:00,2999-12-31 00:00:00,,
597,98J,CrossCountry 1st High,CrossCountry 1st High,,2017-06-03 00:00:00,2999-12-31 00:00:00,,
598,98K,CrossCountry 1st Low,CrossCountry 1st Low,,2017-06-03 00:00:00,2999-12-31 00:00:00,,
599,98L,CrossCountry Standard High,CrossCountry Standard High,,2017-06-03 00:00:00,2999-12-31 00:00:00,,
600,98M,CrossCountry Standard Low,CrossCountry Standard Low,,2017-06-03 00:00:00,2999-12-31 00:00:00,,
601,98N,Hull Trains 1st,Hull Trains 1st,,2012-04-10 00:00:00,2999-12-31 00:00:00,,
602,98P,Hull Trains Standard,Hull Trains Standard,,2012-04-10 00:00:00,2999-12-31 00:00:00,,
603,98R,East Midlands Trains 2R,East Midlands Trains 2R,,2010-07-22 00:00:00,2999-12-31 00:00:00,,
604,98S,East Midlands Trains 1R,East Midlands Trains 1R,,2010-07-22 00:00:00,2999-12-31 00:00:00,,
605,98T,East Midlands Trains 2R Return,East Midlands Trains 2R Return,,2010-07-29 00:00:00,2999-12-31 00:00:00,,
606,98U,East Midlands Trains 1R Return,East Midlands Trains 1R Return,,2010-07-29 00:00:00,2999-12-31 00:00:00,,
607,98V,RAILTRL ITX 1ST,RAILTRL ITX 1ST,,2010-09-07 00:00:00,2999-12-31 00:00:00,,
608,98W,RAILTRL ITX STD,RAILTRL ITX STD,,2010-09-07 00:00:00,2999-12-31 00:00:00,,
609,98X,ITX Package (1st Class),ITX Package 1st,,2022-03-19 00:00:00,2999-12-31 00:00:00,,
610,98Y,ITX Package,ITX Package,,2022-03-19 00:00:00,2999-12-31 00:00:00,,
611,99A,LNER BTL 2R-HE,LNER BTL 2R-HE,,2018-06-18 00:00:00,2999-12-31 00:00:00,,
612,99B,LNER BTL 1R GRJ,LNER BTL 1R GRJ,,2018-06-18 00:00:00,2999-12-31 00:00:00,,
613,99C,LNER BTL 2R SB,LNER BTL 2R SB,,2018-06-18 00:00:00,2999-12-31 00:00:00,,
614,99D,LNER BTL 1R SB,LNER BTL 1R SB,,2018-06-18 00:00:00,2999-12-31 00:00:00,,
615,99E,LNER BTL 2R GRJ,LNER BTL 2R GRJ,,2018-06-18 00:00:00,2999-12-31 00:00:00,,
616,99F,LNER BTL 1R GRJ,LNER BTL 1R GRJ,,2018-06-18 00:00:00,2999-12-31 00:00:00,,
617,99G,LNER Return,LNER Return,,2018-06-18 00:00:00,2999-12-31 00:00:00,,
618,99H,LNER Return,LNER Return,,2018-06-18 00:00:00,2999-12-31 00:00:00,,
619,99K,Chiltern Railways ITX,Chiltern Railways ITX,,2010-03-24 00:00:00,2999-12-31 00:00:00,,
620,99L,Avanti West Coast Bilateral,Avanti West Coast Bilateral,,2019-12-08 00:00:00,2999-12-31 00:00:00,,
621,99M,LNER 2R,LNER 2R,,2018-06-18 00:00:00,2999-12-31 00:00:00,,
622,99N,LNER 1R,LNER 1R,,2018-06-18 00:00:00,2999-12-31 00:00:00,,
623,99O,Avanti West Coast 2 Bilateral,Avanti West Coast 2 Bilateral,,2019-12-08 00:00:00,2999-12-31 00:00:00,,
624,99P,LNER 2R,LNER 2R,,2018-06-18 00:00:00,2999-12-31 00:00:00,,
625,99Q,LNER 1R,LNER 1R,,2018-06-18 00:00:00,2999-12-31 00:00:00,,
626,99R,East Midlands Trains 2R,East Midlands Trains 2R,,2010-02-12 00:00:00,2999-12-31 00:00:00,,
627,99S,East Midlands Trains 1R,East Midlands Trains 1R,,2010-02-12 00:00:00,2999-12-31 00:00:00,,
628,99T,GWR 1R,GWR 1R,,2010-02-26 00:00:00,2999-12-31 00:00:00,,
629,99U,GWR 2R,GWR 2R,,2010-02-26 00:00:00,2999-12-31 00:00:00,,
630,99V,Greater Anglia 1R,Greater Anglia 1R,,2012-02-05 00:00:00,2999-12-31 00:00:00,,
631,99W,Greater Anglia 2R,Greater Anglia 2R,,2012-02-05 00:00:00,2999-12-31 00:00:00,,
632,99X,Chiltern Railways ITX,Chiltern Railways ITX,,2010-03-24 00:00:00,2999-12-31 00:00:00,,
633,A02,Anglia Plus 1 Month,Anglia Plus 1 Month,,2020-09-25 00:00:00,2999-12-31 00:00:00,,
634,A03,Anglia Plus 12 Months,Anglia Plus 12 Months,,2020-09-25 00:00:00,2999-12-31 00:00:00,,
635,A04,Anglia Plus 1 Month (1st Class),Anglia Plus 1 Month 1st,,2020-09-25 00:00:00,2999-12-31 00:00:00,,
636,A05,Anglia Plus 12 Months (1st Class),Anglia Plus 12 Months 1st,,2020-09-25 00:00:00,2999-12-31 00:00:00,,
637,A1S,Early Bird Anytime Single,Early Bird Anytime Single,,2023-03-25 00:00:00,2999-12-31 00:00:00,,
638,A40,Classic Family 2 Rooms,Classic Family 2 Rooms,,2017-10-13 00:00:00,2999-12-31 00:00:00,2,00M01D
639,A41,Classic Family 2 Rooms,Classic Family 2 Rooms,,2017-10-13 00:00:00,2999-12-31 00:00:00,2,00M01D
640,A42,Classic Family 2 Rooms,Classic Family 2 Rooms,,2017-10-13 00:00:00,2999-12-31 00:00:00,2,00M01D
641,A43,Classic Family 2 Rooms,Classic Family 2 Rooms,,2017-10-13 00:00:00,2999-12-31 00:00:00,2,00M01D
642,A44,Classic Family 2 Rooms,Classic Family 2 Rooms,,2017-10-13 00:00:00,2999-12-31 00:00:00,2,00M01D
643,A53,AVANTI A STD PREM,AVANTI A STD PREM,,2026-03-24 00:00:00,2999-12-31 00:00:00,,
644,A54,AVANTI B STD PREM,AVANTI B STD PREM,,2026-03-24 00:00:00,2999-12-31 00:00:00,,
645,A60,Classic Family 3 Rooms,Classic Family 3 Rooms,,2017-10-13 00:00:00,2999-12-31 00:00:00,3,00M01D
646,A61,Classic Family 3 Rooms,Classic Family 3 Rooms,,2017-10-13 00:00:00,2999-12-31 00:00:00,3,00M01D
647,A62,Classic Family 3 Rooms,Classic Family 3 Rooms,,2017-10-13 00:00:00,2999-12-31 00:00:00,3,00M01D
648,A63,Classic Family 3 Rooms,Classic Family 3 Rooms,,2017-10-13 00:00:00,2999-12-31 00:00:00,3,00M01D
649,A64,Classic Family 3 Rooms,Classic Family 3 Rooms,,2017-10-13 00:00:00,2999-12-31 00:00:00,3,00M01D
650,AA1,Airport Advance Single (First Class),Airport Advance Single 1st,,2017-06-09 00:00:00,2999-12-31 00:00:00,,
651,AA2,Airport Advance Single,Airport Advance Single,,2017-06-09 00:00:00,2999-12-31 00:00:00,,
652,AAB,Anytime Day Return,Anytime Day Return,,2018-09-02 00:00:00,2999-12-31 00:00:00,,
653,AAC,Rail-Sea Day Return,Rail-Sea Day Return,,2019-04-05 00:00:00,2999-12-31 00:00:00,,
654,AAE,KIDS R SOUTHEASTERN,KIDS R SOUTHEASTERN,,2019-08-29 00:00:00,2999-12-31 00:00:00,,
655,AAG,OVAL CDR TEST,OVAL CDR TEST,,2023-08-19 00:00:00,2999-12-31 00:00:00,,
656,AB1,Airport Advance Single (First Class),Airport Advance Single 1st,,2017-06-09 00:00:00,2999-12-31 00:00:00,,
657,AB2,Airport Advance Single,Airport Advance Single,,2017-07-06 00:00:00,2999-12-31 00:00:00,,
658,ABA,GTR Std Comp Single,GTR Std Comp Single,,2023-07-20 00:00:00,2999-12-31 00:00:00,,
659,ABB,GTR Std Comp Return,GTR Std Comp Return,,2023-07-20 00:00:00,2999-12-31 00:00:00,,
660,ABC,GTR 1st Comp Single,GTR 1st Comp Single,,2023-07-20 00:00:00,2999-12-31 00:00:00,,
661,ABD,GTR 1st Comp Return,GTR 1st Comp Return,,2023-07-20 00:00:00,2999-12-31 00:00:00,,
662,ABF,GTR Comp Season,GTR Comp Season,,2024-11-28 00:00:00,2999-12-31 00:00:00,,
663,AC1,Airport Advance Single (First Class),Airport Advance Single (1st Class),,2021-05-12 00:00:00,2999-12-31 00:00:00,,
664,AC2,Airport Advance Single,Airport Advance Single,,2021-05-12 00:00:00,2999-12-31 00:00:00,,
665,ACP,n-Network 1st Plus Annual,n-Network 1st Plus Annual,,2017-06-24 00:00:00,2999-12-31 00:00:00,,
666,ACS,n-Network Annual,n-Network Annual,,2017-06-24 00:00:00,2999-12-31 00:00:00,,
667,AD1,Airport Advance Single (First Class),Airport Advance Single 1st,,2017-06-09 00:00:00,2999-12-31 00:00:00,,
668,AD2,Airport Advance Single,Airport Advance Single,,2021-05-12 00:00:00,2999-12-31 00:00:00,,
669,ADC,Admission Concession 1 Month,Admission Concession 1 Month,,2017-06-05 00:00:00,2999-12-31 00:00:00,,
670,ADM,Admission 1 Month,Admission 1 Month,,2017-06-05 00:00:00,2999-12-31 00:00:00,,
671,ADR,PROMO CDR,PROMO CDR,,2018-08-16 00:00:00,2999-12-31 00:00:00,,
672,ADS,PROMO CDS,PROMO CDS,,2018-08-16 00:00:00,2999-12-31 00:00:00,,
673,ADT,Anytime Day Travelcard,Anytime Day Travelcard,,2018-05-20 00:00:00,2999-12-31 00:00:00,,
674,AE1,Airport Advance Single (First Class),Airport Advance Single 1st,,2017-06-09 00:00:00,2999-12-31 00:00:00,,
675,AE2,Airport Advance Single,Airport Advance Single,,2021-05-12 00:00:00,2999-12-31 00:00:00,,
676,AER,PROMO OPDR,PROMO OPDR,,2019-08-02 00:00:00,2999-12-31 00:00:00,,
677,AES,PROMO OPDS,PROMO OPDS,,2019-08-02 00:00:00,2999-12-31 00:00:00,,
678,AF1,Airport Advance Single (First Class),Airport Advance Single 1st,,2017-06-09 00:00:00,2999-12-31 00:00:00,,
679,AF2,Airport Advance Single,Airport Advance Single,,2021-05-12 00:00:00,2999-12-31 00:00:00,,
680,AFA,AnyTrain,AnyTrain,,2025-09-19 00:00:00,2999-12-31 00:00:00,,
681,AFO,AnyTrain Offpeak,AnyTrain Offpeak,,2025-09-19 00:00:00,2999-12-31 00:00:00,,
682,AFS,Greater Anglia 1st Class Supplement,Greater Anglia 1st Supplement,,2017-05-25 00:00:00,2999-12-31 00:00:00,,
683,AFW,GA 1ST SUPPLEMENT,GA 1ST SUPPLEMENT,,2019-12-15 00:00:00,2999-12-31 00:00:00,,
684,AG1,Airport Advance Single (First Class),Airport Advance Single 1st,,2017-06-09 00:00:00,2999-12-31 00:00:00,,
685,AG2,Airport Advance Single,Airport Advance Single,,2017-06-09 00:00:00,2999-12-31 00:00:00,,
686,AGR,PROMO OPDR,PROMO OPDR,,2019-08-02 00:00:00,2999-12-31 00:00:00,,
687,AGS,PROMO OPDS,PROMO OPDS,,2019-08-02 00:00:00,2999-12-31 00:00:00,,
688,AH1,Airport Advance Single (First Class),Airport Advance Single 1st,,2017-06-09 00:00:00,2999-12-31 00:00:00,,
689,AH2,Airport Advance Single,Airport Advance Single,,2017-06-09 00:00:00,2999-12-31 00:00:00,,
690,AHA,ITX LOW,ITX LOW,,2022-07-30 00:00:00,2999-12-31 00:00:00,,
691,AHB,ITX MED,ITX MED,,2022-07-30 00:00:00,2999-12-31 00:00:00,,
692,AHC,ITX HIGH,ITX HIGH,,2022-07-30 00:00:00,2999-12-31 00:00:00,,
693,AHD,ITX LOW RT,ITX LOW RT,,2022-07-30 00:00:00,2999-12-31 00:00:00,,
694,AHE,ITX MED RT,ITX MED RT,,2022-07-30 00:00:00,2999-12-31 00:00:00,,
695,AHF,ITX HIGH RT,ITX HIGH RT,,2022-07-30 00:00:00,2999-12-31 00:00:00,,
696,AHR,PROMO OPDR,PROMO OPDR,,2019-08-02 00:00:00,2999-12-31 00:00:00,,
697,AHS,PROMO OPDS,PROMO OPDS,,2019-08-02 00:00:00,2999-12-31 00:00:00,,
698,AI1,Airport Advance Single (First Class),Airport Advance Single 1st,,2017-06-09 00:00:00,2999-12-31 00:00:00,,
699,AI2,Airport Advance Single,Airport Advance Single,,2017-06-09 00:00:00,2999-12-31 00:00:00,,
700,AIR,AIRPORT-LONDON RTN,AIRPORT-LONDON RTN,,2026-01-20 00:00:00,2999-12-31 00:00:00,,
701,AIS,AIRPORT-LONDON SINGL,AIRPORT-LONDON SINGL,,2026-01-20 00:00:00,2999-12-31 00:00:00,,
702,AJ1,Airport Advance Single (First Class),Airport Advance Single 1st,,2017-06-09 00:00:00,2999-12-31 00:00:00,,
703,AJ2,Airport Advance Single,Airport Advance Single,,2017-06-09 00:00:00,2999-12-31 00:00:00,,
704,AJR,Promo Off-Peak Day Return,Promo Off-Peak Day Return,,2020-02-12 00:00:00,2999-12-31 00:00:00,,
705,AJS,Promo Off-Peak Day Single,Promo Off-Peak Day Single,,2020-02-12 00:00:00,2999-12-31 00:00:00,,
706,AK1,Airport Advance Single (First Class),Airport Advance Single 1st,,2017-06-09 00:00:00,2999-12-31 00:00:00,,
707,AK2,Airport Advance Single,Airport Advance Single,,2017-06-09 00:00:00,2999-12-31 00:00:00,,
708,AKR,Promo Off-Peak Day Return,Promo Off-Peak Day Return,,2020-02-12 00:00:00,2999-12-31 00:00:00,,
709,AKS,Promo Off-Peak Day Single,Promo Off-Peak Day Single,,2020-02-12 00:00:00,2999-12-31 00:00:00,,
710,AL1,Airport Advance Single (First Class),Airport Advance Single (1st Class),,2021-05-12 00:00:00,2999-12-31 00:00:00,,
711,AL2,Airport Advance Single,Airport Advance Single,,2017-06-09 00:00:00,2999-12-31 00:00:00,,
712,ALO,Loyalty Off-Peak Return,Loyalty Off-Peak Return,,2014-10-20 00:00:00,2999-12-31 00:00:00,,
713,ALP,Alpamare Admittance ticket only,Alpamare Admittance Ticket,,2017-06-09 00:00:00,2999-12-31 00:00:00,,
714,AM1,Super Off-Peak Day Single,Super Off-Peak Day Single,,2020-04-21 00:00:00,2999-12-31 00:00:00,,
715,AM2,Super Off-Peak Day Return,Super Off-Peak Day Return,,2020-04-21 00:00:00,2999-12-31 00:00:00,,
716,AM3,Super Off-Peak Day Travelcard,Super Off-Peak Day Travelcard,,2018-05-20 00:00:00,2999-12-31 00:00:00,,
717,AMF,Advance Single,Advance Single,,2022-10-19 00:00:00,2999-12-31 00:00:00,,
718,AN1,Airport Advance Single (First Class),Airport Advance Single (1st Class),,2021-05-12 00:00:00,2999-12-31 00:00:00,,
719,AN2,Airport Advance Single,Airport Advance Single,,2017-06-09 00:00:00,2999-12-31 00:00:00,,
720,AO1,Airport Advance Single (First Class),Airport Advance Single (1st Class),,2021-05-12 00:00:00,2999-12-31 00:00:00,,
721,AO2,Airport Advance Single,Airport Advance Single,,2017-06-09 00:00:00,2999-12-31 00:00:00,,
722,AP2,Airport Advance Single,Airport Advance Single,,2018-01-02 00:00:00,2999-12-31 00:00:00,,
723,APU,Avanti Prem Upgrade,Avanti Prem Upgrade,,2025-12-11 00:00:00,2999-12-31 00:00:00,,
724,AR1,Rail-Air Return (1st Class),Rail-Air Return (1st Class),,2020-06-30 00:00:00,2999-12-31 00:00:00,,
725,AR2,Rail-Air Return,Rail-Air Return,,2020-06-30 00:00:00,2999-12-31 00:00:00,,
726,ARM,nTrain Annual,nTrain Annual,,2017-06-24 00:00:00,2999-12-31 00:00:00,,
727,ARN,TfW Rail Rugby Train,Transport for Wales Rugby Train,,2018-10-14 00:00:00,2999-12-31 00:00:00,,
728,ARR,Transport for Wales Rugby Train,Transport for Wales Rugby Train,,2018-10-14 00:00:00,2999-12-31 00:00:00,,
729,AS1,Rail-Air Single (1st Class),Rail-Air Single 1st,,2020-06-30 00:00:00,2999-12-31 00:00:00,,
730,AS2,Rail-Air Single,Rail-Air Single,,2020-06-30 00:00:00,2999-12-31 00:00:00,,
731,ATR,ASC10.00GBP VCR,ASC10.00GBP VCR,,2018-05-21 00:00:00,2999-12-31 00:00:00,,
732,ATS,Ascot 10.00GBP Voucher,Ascot 10.00GBP Voucher,,2018-05-21 00:00:00,2999-12-31 00:00:00,,
733,ATT,Ascot 5.00GBP Voucher,Ascot 5.00GBP Voucher,,2016-02-29 00:00:00,2999-12-31 00:00:00,,
734,ATV,ASC GBP5.00 Voucher,ASC GBP5.00 Voucher,,2014-11-21 00:00:00,2999-12-31 00:00:00,,
735,AVK,GWR Promo Std Advance Single,GWR Promo Std Advance Single,,2025-11-12 00:00:00,2999-12-31 00:00:00,,
736,AVL,GWR Promo 1st Advance Single,GWR Promo 1st Advance Single,,2025-11-12 00:00:00,2999-12-31 00:00:00,,
737,AVM,GWR Promo Std Advance Single,GWR Promo Std Advance Single,,2025-11-12 00:00:00,2999-12-31 00:00:00,,
738,AVN,GWR Promo 1st Advance Single,GWR Promo 1st Advance Single,,2025-11-12 00:00:00,2999-12-31 00:00:00,,
739,AVR,Promotional Return,Promotional Return,,2021-05-30 00:00:00,2999-12-31 00:00:00,,
740,AW1,Advance Single (First Class),Advance Single 1st,,2012-04-11 00:00:00,2999-12-31 00:00:00,,
741,AWR,Transport for Wales Reservation,Transport for Wales Reservation,,2018-10-14 00:00:00,2999-12-31 00:00:00,,
742,AX0,Classic Twin 1 Adult 1 Child,Classic Twin 1 Adult 1 Child,,2019-07-13 00:00:00,2999-12-31 00:00:00,,
743,AX1,Classic Twin 1 Adult 1 Child,Classic Twin 1 Adult 1 Child,,2019-07-13 00:00:00,2999-12-31 00:00:00,,
744,AX2,Classic Twin 1 Adult 1 Child,Classic Twin 1 Adult 1 Child,,2019-07-13 00:00:00,2999-12-31 00:00:00,,
745,AX3,Classic Twin 1 Adult 1 Child,Classic Twin 1 Adult 1 Child,,2019-07-13 00:00:00,2999-12-31 00:00:00,,
746,AX4,Classic Twin 1 Adult 1 Child,Classic Twin 1 Adult 1 Child,,2019-07-13 00:00:00,2999-12-31 00:00:00,,
747,AX7,Classic Twin 1 Adult 1 Child,Classic Twin 1 Adult 1 Child,,2021-07-21 00:00:00,2999-12-31 00:00:00,,
748,AX8,Classic Twin 1 Adult 1 Child,Classic Twin 1 Adult 1 Child,,2019-07-13 00:00:00,2999-12-31 00:00:00,,
749,AX9,Classic Twin 1 Adult 1 Child,Classic Twin 1 Adult 1 Child,,2019-07-13 00:00:00,2999-12-31 00:00:00,,
750,AXS,Advance Single,Advance Single,,2017-06-09 00:00:00,2999-12-31 00:00:00,,
751,AZF,1st Partner Offer,1st Partner Offer,,2025-02-11 00:00:00,2999-12-31 00:00:00,,
752,AZP,Partner Promo Standard Premium,Partner Promo Standard Premium,,2025-02-04 00:00:00,2999-12-31 00:00:00,,
753,AZS,Partner Offer,Partner Offer,,2023-03-16 00:00:00,2999-12-31 00:00:00,,
754,B1R,Business Return (1st Class),Business Return 1st,,2017-06-05 00:00:00,2999-12-31 00:00:00,,
755,B1S,Business Single (1st Class),Business Single 1st,,2017-06-05 00:00:00,2999-12-31 00:00:00,,
756,B2R,Business Return,Business Return,,2017-06-05 00:00:00,2999-12-31 00:00:00,,
757,B2S,Business Single,Business Single,,2017-06-05 00:00:00,2999-12-31 00:00:00,,
758,B51,AWC Std Comp Single,AWC Std Comp Single,,2024-01-20 00:00:00,2999-12-31 00:00:00,,
759,B52,AWC Std Comp Return,AWC Std Comp Return,,2024-01-20 00:00:00,2999-12-31 00:00:00,,
760,BAS,Bus Annual Season,Bus Annual Season,,2017-05-23 00:00:00,2999-12-31 00:00:00,,
761,BB4,Big Bus 48 hours,Big Bus 48 hours,,2013-01-28 00:00:00,2999-12-31 00:00:00,,
762,BBT,Big Bus 24 Hours,Big Bus 24 Hours,,2014-12-17 00:00:00,2999-12-31 00:00:00,,
763,BCF,Friends & Family,Friends & Family,,2017-06-27 00:00:00,2999-12-31 00:00:00,,
764,BCP,Room Cleaning Charge,Room Cleaning Charge,,2017-10-13 00:00:00,2999-12-31 00:00:00,,
765,BDA,Stena Day Return,Stena Day Return,,2017-06-03 00:00:00,2999-12-31 00:00:00,,
766,BDD,Busmaster Term,Busmaster Term,,2017-06-24 00:00:00,2999-12-31 00:00:00,,
767,BDR,Bus Day Return,Bus Day Return,,2017-11-11 00:00:00,2999-12-31 00:00:00,,
768,BDS,Bus Day Single,Bus Day Single,,2017-11-11 00:00:00,2999-12-31 00:00:00,,
769,BDU,EMR 1st Class Upgrade,EMR 1st Upgrade,,2019-08-18 00:00:00,2999-12-31 00:00:00,,
770,BED,Busmaster 52 weeks,Busmaster 52 weeks,,2010-01-14 00:00:00,2999-12-31 00:00:00,,
771,BFR,Off-Peak Return (1st Class),Off-Peak Return 1st,,2017-06-02 00:00:00,2999-12-31 00:00:00,,
772,BFS,Off-Peak Single (1st Class),Off-Peak Single 1st,,2017-06-02 00:00:00,2999-12-31 00:00:00,,
773,BG1,Business Groupsave,Business Groupsave,,2017-06-03 00:00:00,2999-12-31 00:00:00,4,00M01D
774,BJD,Avanti West Coast Staff,Avanti West Coast Staff,,2019-12-08 00:00:00,2999-12-31 00:00:00,,
775,BK1,Booking.com 1st Class,Booking.com 1st Class,,2023-06-27 00:00:00,2999-12-31 00:00:00,,
776,BK2,Booking.com Standard,Booking.com Standard,,2023-06-27 00:00:00,2999-12-31 00:00:00,,
777,BMA,Busmaster 52 Week,Busmaster 52 Week,,2017-06-24 00:00:00,2999-12-31 00:00:00,,
778,BMB,Bus+Metro Direct Debit M,Bus+Metro Direct Debit M,,2017-06-24 00:00:00,2999-12-31 00:00:00,,
779,BMC,NBus Direct Debit Month,NBus Direct Debit Month,,2017-06-24 00:00:00,2999-12-31 00:00:00,,
780,BMJ,Bus Multi Journey,Bus Multi Journey,,2017-06-05 00:00:00,2999-12-31 00:00:00,,
781,BMS,Bus Season 1 Month,Bus Season 1 Month,,2017-05-23 00:00:00,2999-12-31 00:00:00,,
782,BOR,Bus Open Return,Bus Open Return,,2017-06-05 00:00:00,2999-12-31 00:00:00,,
783,BPH,Combined Bus and Attraction,Combined Bus and Attraction,,2023-05-13 00:00:00,2999-12-31 00:00:00,,
784,BPL,Off-Peak Day Return,Off-Peak Day Return,,2016-02-15 00:00:00,2999-12-31 00:00:00,,
785,BPR,Bus Period Return,Bus Period Return,,2017-11-11 00:00:00,2999-12-31 00:00:00,,
786,BPS,Advance Single,Advance Single,,2024-03-08 00:00:00,2999-12-31 00:00:00,,
787,BPT,Advance Single,Advance Single,,2024-03-08 00:00:00,2999-12-31 00:00:00,,
788,BPU,Advance Single,Advance Single,,2024-03-08 00:00:00,2999-12-31 00:00:00,,
789,BQS,Bus Season 3 Months,Bus Season 3 Months,,2017-05-23 00:00:00,2999-12-31 00:00:00,,
790,BRR,Standard Off-Peak 1 Return,Standard Off-Peak 1 Return,,2017-06-04 00:00:00,2999-12-31 00:00:00,,
791,BRS,Advance Single,Advance Single,,2017-06-02 00:00:00,2999-12-31 00:00:00,,
792,BRT,Advance Single,Advance Single,,2024-03-08 00:00:00,2999-12-31 00:00:00,,
793,BRU,Advance Single,Advance Single,,2024-03-08 00:00:00,2999-12-31 00:00:00,,
794,BS1,One Day London Bus & Tram Pass,London Bus & Tram Pass,,2021-03-01 00:00:00,2999-12-31 00:00:00,,
795,BSS,Advance Single,Advance Single,,2024-03-08 00:00:00,2999-12-31 00:00:00,,
796,BST,Advance Single,Advance Single,,2024-03-08 00:00:00,2999-12-31 00:00:00,,
797,BSU,Advance Single,Advance Single,,2024-03-08 00:00:00,2999-12-31 00:00:00,,
798,BSZ,Advance Single,Advance Single,,2024-03-08 00:00:00,2999-12-31 00:00:00,,
799,BT1,7-Day Bus & Tram Pass,7-Day Bus & Tram Pass,,2017-03-23 00:00:00,2999-12-31 00:00:00,,
800,BT2,1 Month Bus & Tram Pass,1 Month Bus & Tram Pass,,2017-03-23 00:00:00,2999-12-31 00:00:00,,
801,BTP,Advance Single,Advance Single,,2024-03-08 00:00:00,2999-12-31 00:00:00,,
802,BTQ,Advance Single,Advance Single,,2024-03-08 00:00:00,2999-12-31 00:00:00,,
803,BTS,Advance Single,Advance Single,,2017-06-02 00:00:00,2999-12-31 00:00:00,,
804,BTT,Advance Single,Advance Single,,2024-03-08 00:00:00,2999-12-31 00:00:00,,
805,BTU,Advance Single,Advance Single,,2024-03-08 00:00:00,2999-12-31 00:00:00,,
806,BUS,Advance Single,Advance Single,,2017-06-02 00:00:00,2999-12-31 00:00:00,,
807,BUU,Advance Single,Advance Single,,2024-03-08 00:00:00,2999-12-31 00:00:00,,
808,BUV,Advance Single,Advance Single,,2024-03-08 00:00:00,2999-12-31 00:00:00,,
809,BVR,Off-Peak Return,Off-Peak Return,,2017-10-18 00:00:00,2999-12-31 00:00:00,,
810,BVS,Off-Peak Single,Off-Peak Single,,2017-06-04 00:00:00,2999-12-31 00:00:00,,
811,BXS,Advance Single,Advance Single,,2017-06-02 00:00:00,2999-12-31 00:00:00,,
812,BXT,Advance Single,Advance Single,,2024-03-08 00:00:00,2999-12-31 00:00:00,,
813,BXU,Advance Single,Advance Single,,2024-03-08 00:00:00,2999-12-31 00:00:00,,
814,BXZ,Advance Single,Advance Single,,2024-03-08 00:00:00,2999-12-31 00:00:00,,
815,BYQ,Advance Single,Advance Single,,2024-03-08 00:00:00,2999-12-31 00:00:00,,
816,BYR,Advance Single,Advance Single,,2024-03-08 00:00:00,2999-12-31 00:00:00,,
817,BYS,Advance Single,Advance Single,,2024-03-08 00:00:00,2999-12-31 00:00:00,,
818,BYT,Advance Single,Advance Single,,2024-03-08 00:00:00,2999-12-31 00:00:00,,
819,BYU,Advance Single,Advance Single,,2024-03-08 00:00:00,2999-12-31 00:00:00,,
820,BZ1,Chiltern Off-Peak 1st Upgrade,Chiltern Off-Peak 1st Upgrade,,2025-10-30 00:00:00,2999-12-31 00:00:00,,
821,BZ2,Chiltern Anytime 1st Upgrade,Chiltern Anytime 1st Upgrade,,2025-10-30 00:00:00,2999-12-31 00:00:00,,
822,BZ3,Chiltern Promo 1st Upgrade,Chiltern Promo 1st Upgrade,,2025-12-23 00:00:00,2999-12-31 00:00:00,,
823,BZ9,DUMMY DO NOT USE,DUMMY DO NOT USE,,2015-10-20 00:00:00,2999-12-31 00:00:00,,
824,BZS,Advance Single,Advance Single,,2024-03-08 00:00:00,2999-12-31 00:00:00,,
825,BZT,Advance Single,Advance Single,,2024-03-08 00:00:00,2999-12-31 00:00:00,,
826,BZU,Advance Single,Advance Single,,2024-03-08 00:00:00,2999-12-31 00:00:00,,
827,BZV,Advance Single,Advance Single,,2024-03-08 00:00:00,2999-12-31 00:00:00,,
828,BZZ,DUMMY DO NOT USE,DUMMY DO NOT USE,,2015-10-20 00:00:00,2999-12-31 00:00:00,,
829,C0S,Corporate Anytime Single,Corporate Anytime Single,,2021-06-12 00:00:00,2999-12-31 00:00:00,,
830,C13,Network 13 Week,Network 13 Week,,2020-05-01 00:00:00,2999-12-31 00:00:00,,
831,C14,Network 2 Week Off-Peak,Network 2 Week Off-Peak,,2020-05-01 00:00:00,2999-12-31 00:00:00,,
832,C19,Anytime Advance,Anytime Advance,,2020-04-18 00:00:00,2999-12-31 00:00:00,,
833,C1A,CLUB AVANTI 1ST,CLUB AVANTI 1ST,,2026-04-29 00:00:00,2999-12-31 00:00:00,,
834,C1R,Evening Fare Day,Evening Fare Day,,2020-09-29 00:00:00,2999-12-31 00:00:00,,
835,C1S,Advance Single,Advance Single,,2017-08-31 00:00:00,2999-12-31 00:00:00,,
836,C22,FAMILY B STD,FAMILY B STD,,2026-03-12 00:00:00,2999-12-31 00:00:00,2,00M01D
837,C23,FAMILY B STD PREM,FAMILY B STD PREM,,2026-03-12 00:00:00,2999-12-31 00:00:00,2,00M01D
838,C28,Network 4 Week,Network 4 Week,,2017-06-24 00:00:00,2999-12-31 00:00:00,,
839,C2R,Evening Group,Evening Group,,2021-10-01 00:00:00,2999-12-31 00:00:00,2,00M01D
840,C2S,Advance Single,Advance Single,,2017-08-31 00:00:00,2999-12-31 00:00:00,,
841,C2W,Network 2 Week Add-On,Network 2 Week Add-On,,2017-06-24 00:00:00,2999-12-31 00:00:00,,
842,C3S,Advance Single,Advance Single,,2025-10-03 00:00:00,2999-12-31 00:00:00,,
843,C41,AWC PRM Corp Return,AWC PRM Corp Return,,2024-02-06 00:00:00,2999-12-31 00:00:00,,
844,C4S,Advance Single,Advance Single,,2017-08-31 00:00:00,2999-12-31 00:00:00,,
845,C4T,NET 4 WK STUD ADD-ON,NET 4 WK STUD ADD-ON,,2019-06-21 00:00:00,2999-12-31 00:00:00,,
846,C4W,Network 4 Week Add-On,Network 4 Week Add-On,,2017-05-31 00:00:00,2999-12-31 00:00:00,,
847,C51,AWC Prem Comp Single,AWC Prem Comp Single,,2024-02-06 00:00:00,2999-12-31 00:00:00,,
848,C52,AWC 1st Prem Single,AWC 1st Prem Single,,2024-02-06 00:00:00,2999-12-31 00:00:00,,
849,C5S,Advance Single,Advance Single,,2024-12-06 00:00:00,2999-12-31 00:00:00,,
850,C6S,Advance Single,Advance Single,,2024-12-06 00:00:00,2999-12-31 00:00:00,,
851,C7S,Advance Single,Advance Single,,2025-10-03 00:00:00,2999-12-31 00:00:00,,
852,CA3,Carnet Single,Carnet Single,,2013-06-18 00:00:00,2999-12-31 00:00:00,10,03M00D
853,CAB,Carnet 5 (1st Class),Carnet 5 1st,,2017-06-01 00:00:00,2999-12-31 00:00:00,5,01M00D
854,CAF,Carnet 10 (1st Class),Carnet 10 1st,,2023-06-06 00:00:00,2999-12-31 00:00:00,10,03M00D
855,CAN,Network 52 Week Add-On,Network 52 Week Add-On,,2017-05-31 00:00:00,2999-12-31 00:00:00,,
856,CAP,PAYG Cap (Peak),PAYG Cap (Peak),,2025-06-08 00:00:00,2999-12-31 00:00:00,,
857,CAS,Carnet 5 Standard,Carnet 5 Standard,,2020-09-25 00:00:00,2999-12-31 00:00:00,5,03M00D
858,CAV,Carnet 5 (1st Class),Carnet 5 1st,,2020-09-25 00:00:00,2999-12-31 00:00:00,5,03M00D
859,CBA,Super Off-Peak Day Return,Super Off-Peak Day Return,,2012-04-16 00:00:00,2999-12-31 00:00:00,,
860,CBB,Super Off-Peak Single,Super Off-Peak Single,,2017-05-31 00:00:00,2999-12-31 00:00:00,,
861,CCR,Scotrail Concession Return,Scotrail Concession Return,,2017-06-05 00:00:00,2999-12-31 00:00:00,,
862,CCS,Scotrail Concession Single,Scotrail Concession Single,,2017-06-05 00:00:00,2999-12-31 00:00:00,,
863,CDE,Soccerbus Season,Soccerbus Season,,2017-05-31 00:00:00,2999-12-31 00:00:00,,
864,CDN,Off-Peak Day Return,Off-Peak Day Return,,2024-08-24 00:00:00,2999-12-31 00:00:00,,
865,CDP,Off-Peak Day Return,Off-Peak Day Return,,2019-04-07 00:00:00,2999-12-31 00:00:00,,
866,CDR,Off-Peak Day Return,Off-Peak Day Return,,2017-05-23 00:00:00,2999-12-31 00:00:00,,
867,CDS,Off-Peak Day Single,Off-Peak Day Single,,2017-05-23 00:00:00,2999-12-31 00:00:00,,
868,CE2,Special Events Peak,Special Events Peak,,2026-05-22 00:00:00,2999-12-31 00:00:00,,
869,CEF,Special Events Peak,Special Events Peak,,2026-05-22 00:00:00,2999-12-31 00:00:00,,
870,CFF,Kids-for-a-Quid Return,Kids-for-a-Quid Return,,2025-03-15 00:00:00,2999-12-31 00:00:00,,
871,CFS,Kids-for-a-Quid Single,Kids-for-a-Quid Single,,2020-09-25 00:00:00,2999-12-31 00:00:00,,
872,CFT,Club 50 Flat Fare Return,Club 50 Flat Fare Return,,2025-05-07 00:00:00,2999-12-31 00:00:00,,
873,CH1,GWR ITX High 1st,GWR ITX High 1st,,2015-11-01 00:00:00,2999-12-31 00:00:00,,
874,CH2,GWR ITX High (Std),GWR ITX High (Std),,2015-11-01 00:00:00,2999-12-31 00:00:00,,
875,CHA,Charter Return,Charter Return,,2014-01-09 00:00:00,2999-12-31 00:00:00,,
876,CHR,Cheltenham Races Bus,Cheltenham Races Bus,,2020-10-23 00:00:00,2999-12-31 00:00:00,,
877,CL1,GWR ITX Low 1st,GWR ITX Low 1st,,2015-11-01 00:00:00,2999-12-31 00:00:00,,
878,CL2,GWR ITX Low (Std),GWR ITX Low (Std),,2015-11-01 00:00:00,2999-12-31 00:00:00,,
879,CLB,CLUB 50 SINGLE 10,CLUB 50 SINGLE 10,,2026-02-18 00:00:00,2999-12-31 00:00:00,,
880,CLC,CLUB 50 SINGLE 20,CLUB 50 SINGLE 20,,2026-02-18 00:00:00,2999-12-31 00:00:00,,
881,CLD,CLUB 50 RETURN 10,CLUB 50 RETURN 10,,2026-02-18 00:00:00,2999-12-31 00:00:00,,
882,CLE,CLUB 50 RETURN 20,CLUB 50 RETURN 20,,2026-02-18 00:00:00,2999-12-31 00:00:00,,
883,CLF,CLUB 50 P.RETURN 10,CLUB 50 P.RETURN 10,,2026-02-18 00:00:00,2999-12-31 00:00:00,,
884,CLG,CLUB 50 P.RETURN 20,CLUB 50 P.RETURN 20,,2026-02-18 00:00:00,2999-12-31 00:00:00,,
885,CLP,Commuter Reward Flat Fare,Commuter Reward Flat Fare,,2022-07-13 00:00:00,2999-12-31 00:00:00,,
886,CLS,Cityline Promotion,Cityline Promotion,,2002-04-10 00:00:00,2999-12-31 00:00:00,,
887,CM1,GWR ITX Medium 1st,GWR ITX Medium 1st,,2015-11-01 00:00:00,2999-12-31 00:00:00,,
888,CM2,GWR ITX Medium (Std),GWR ITX Medium (Std),,2015-11-01 00:00:00,2999-12-31 00:00:00,,
889,CMR,Special HBL,Special HBL,,2026-03-17 00:00:00,2999-12-31 00:00:00,,
890,CN1,CARNET 5 1ST,CARNET 5 1ST,,2020-09-25 00:00:00,2999-12-31 00:00:00,5,03M00D
891,CN2,CARNET 5 STD,CARNET 5 STD,,2020-09-25 00:00:00,2999-12-31 00:00:00,5,03M00D
892,CNF,Gatwick Express Carnet 1st Class,Carnet 1st,,2011-07-02 00:00:00,2999-12-31 00:00:00,1,12M00D
893,CNM,Cheltenham Student,Cheltenham Student,,2017-06-03 00:00:00,2999-12-31 00:00:00,,
894,CNP,Carnet Peak,Carnet Peak,,2020-10-13 00:00:00,2999-12-31 00:00:00,1,03M00D
895,CNR,Concession Return,Concession Return,,2008-06-17 00:00:00,2999-12-31 00:00:00,,
896,CNS,Concession Single,Concession Single,,2008-06-17 00:00:00,2999-12-31 00:00:00,,
897,CNT,Gatwick Express Carnet Standard Class,Carnet,,2015-10-20 00:00:00,2999-12-31 00:00:00,1,12M00D
898,CO5,Carnet Off-Peak 5,Carnet Off-Peak 5,,2019-07-05 00:00:00,2999-12-31 00:00:00,1,03M00D
899,COA,Grand Central Complementary (1st Class),GC Comp 1st,,2015-08-10 00:00:00,2999-12-31 00:00:00,,
900,COB,Grand Central Complementary (Std Class),GC Comp STD,,2015-08-10 00:00:00,2999-12-31 00:00:00,,
901,COH,Coach Link,Coach Link,,2003-05-18 00:00:00,2999-12-31 00:00:00,,
902,COL,Southern Complementary Return (1st Class),Southern Complementary Return 1st,,2017-06-03 00:00:00,2999-12-31 00:00:00,,
903,COM,Southern Complementary Return,Southern Complementary Return,,2017-06-03 00:00:00,2999-12-31 00:00:00,,
904,COP,Carnet Off-Peak,Carnet Off-Peak,,2020-10-13 00:00:00,2999-12-31 00:00:00,1,03M00D
905,COR,WAG Concession Return,WAG Concession Return,,2007-04-24 00:00:00,2999-12-31 00:00:00,,
906,COS,WAG Concession Single,WAG Concession Single,,2007-04-24 00:00:00,2999-12-31 00:00:00,,
907,CP1,PAYG Daily Cap,PAYG Daily Cap,,2025-06-28 00:00:00,2999-12-31 00:00:00,,
908,CP5,Carnet Peak 5,Carnet Peak 5,,2019-07-05 00:00:00,2999-12-31 00:00:00,1,03M00D
909,CP7,PAYG 7 Day Cap,PAYG 7 Day Cap,,2025-06-28 00:00:00,2999-12-31 00:00:00,,
910,CPA,CLUB AVANTI STD PREM,CLUB AVANTI STD PREM,,2025-09-09 00:00:00,2999-12-31 00:00:00,,
911,CPO,PAYG Cap (Off-Peak),PAYG Cap (Off-Peak),,2025-06-08 00:00:00,2999-12-31 00:00:00,,
912,CPR,Cheap Park & Ride,Cheap Park & Ride,,2006-12-25 00:00:00,2999-12-31 00:00:00,,
913,CPW,7-Day PAYG Cap,7-Day PAYG Cap,,2025-06-08 00:00:00,2999-12-31 00:00:00,,
914,CR1,Charter Return (1st Class),Charter Return 1st,,2020-10-23 00:00:00,2999-12-31 00:00:00,,
915,CR2,Charter Return (Standard),Charter Return,,2020-10-23 00:00:00,2999-12-31 00:00:00,,
916,CRF,Business Return (1st Class),Business Return 1st,,2023-09-08 00:00:00,2999-12-31 00:00:00,,
917,CRU,Business Return,Business Return,,2023-09-08 00:00:00,2999-12-31 00:00:00,,
918,CSA,Network Student Add-On,Network Student Add-On,,2017-06-24 00:00:00,2999-12-31 00:00:00,,
919,CSD,Carnet Day Return,Carnet Day Return,,2018-05-22 00:00:00,2999-12-31 00:00:00,,
920,CSF,Business Single First Class,Business Single First Class,,2023-09-08 00:00:00,2999-12-31 00:00:00,,
921,CST,Cycle Season,Cycle Season,,2020-07-14 00:00:00,2999-12-31 00:00:00,,
922,CSU,Business Single,Business Single,,2023-09-08 00:00:00,2999-12-31 00:00:00,,
923,CT1,Sea Control Ticket,Sea Control Ticket,,2020-07-14 00:00:00,2999-12-31 00:00:00,,
924,CTA,Network Student 4 Week Add-on,Network Student 4 Week Add-on,,2019-06-28 00:00:00,2999-12-31 00:00:00,,
925,CTM,Network Child Term RM,Network Child Term RM,,2020-12-03 00:00:00,2999-12-31 00:00:00,,
926,CTR,TFW ONLY CONCESSIONARY CHILD RETURN,TFW ONLY CONCESSIONARY CHILD RETURN,,2023-05-04 00:00:00,2999-12-31 00:00:00,,
927,CTS,TFW ONLY CONCESSIONARY CHILD SINGLE ,TFW ONLY CONCESSIONARY CHILD SINGLE ,,2023-02-16 00:00:00,2999-12-31 00:00:00,,
928,CTW,Network Term Add-On,Network Term Add-On,,2021-03-09 00:00:00,2999-12-31 00:00:00,,
929,CWR,Wally Rover,Wally Rover,,2020-10-20 00:00:00,2999-12-31 00:00:00,,
930,CWS,Wally Rover Senior,Wally Rover Senior,,2020-10-23 00:00:00,2999-12-31 00:00:00,,
931,CX1,OFF PEAK DAY R APEX1,OFF PEAK DAY R APEX1,,2026-05-29 00:00:00,2999-12-31 00:00:00,,
932,CX2,OFF PEAK DAY R APEX2,OFF PEAK DAY R APEX2,,2026-05-29 00:00:00,2999-12-31 00:00:00,,
933,CX3,OFF PEAK DAY R APEX3,OFF PEAK DAY R APEX3,,2026-06-03 00:00:00,2999-12-31 00:00:00,,
934,CX7,OFF PEAK  R APEX7,OFF PEAK  R APEX7,,2026-05-29 00:00:00,2999-12-31 00:00:00,,
935,CYC,Cycle Fee,Cycle Fee,,2020-07-14 00:00:00,2999-12-31 00:00:00,,
936,CZS,Zoo Student,Zoo Student,,2017-05-31 00:00:00,2999-12-31 00:00:00,,
937,D1A,Advance Promo Single (1st Class),Advance Promo Single (1st Class),,2021-02-09 00:00:00,2999-12-31 00:00:00,,
938,D1B,Advance Promo Single (1st Class),Advance Promo Single (1st Class),,2021-02-09 00:00:00,2999-12-31 00:00:00,,
939,D1C,Advance Promo Single (1st Class),Advance Promo Single (1st Class),,2021-02-09 00:00:00,2999-12-31 00:00:00,,
940,D1D,Advance Promo Single (1st Class),Advance Promo Single (1st Class),,2021-02-09 00:00:00,2999-12-31 00:00:00,,
941,D1E,Advance Promo Single (1st Class),Advance Promo Single (1st Class),,2021-02-09 00:00:00,2999-12-31 00:00:00,,
942,D1F,Advance Promo Single (1st Class),Advance Promo Single (1st Class),,2021-02-09 00:00:00,2999-12-31 00:00:00,,
943,D1G,Advance Promo Single (1st Class),Advance Promo Single (1st Class),,2021-02-09 00:00:00,2999-12-31 00:00:00,,
944,D1H,Advance Promo Single (1st Class),Advance Promo Single (1st Class),,2021-02-09 00:00:00,2999-12-31 00:00:00,,
945,D2A,Advance Promo Single,Advance Promo Single,,2021-02-09 00:00:00,2999-12-31 00:00:00,,
946,D2B,Advance Promo Single,Advance Promo Single,,2021-02-09 00:00:00,2999-12-31 00:00:00,,
947,D2C,Advance Promo Single,Advance Promo Single,,2021-02-09 00:00:00,2999-12-31 00:00:00,,
948,D2D,Advance Promo Single,Advance Promo Single,,2021-02-09 00:00:00,2999-12-31 00:00:00,,
949,D2E,Advance Promo Single,Advance Promo Single,,2021-02-09 00:00:00,2999-12-31 00:00:00,,
950,D2F,Advance Promo Single,Advance Promo Single,,2021-02-09 00:00:00,2999-12-31 00:00:00,,
951,D2G,Advance Promo Single,Advance Promo Single,,2021-02-09 00:00:00,2999-12-31 00:00:00,,
952,D2H,Advance Promo Single,Advance Promo Single,,2021-02-09 00:00:00,2999-12-31 00:00:00,,
953,D3A,Advance Promo Single (1st Class),Advance Promo Single (1st Class),,2020-11-19 00:00:00,2999-12-31 00:00:00,,
954,D3B,Advance Promo Single (1st Class),Advance Promo Single (1st Class),,2020-11-19 00:00:00,2999-12-31 00:00:00,,
955,D3C,Advance Promo Single (1st Class),Advance Promo Single (1st Class),,2020-11-19 00:00:00,2999-12-31 00:00:00,,
956,D3D,Advance Promo Single (1st Class),Advance Promo Single (1st Class),,2020-11-19 00:00:00,2999-12-31 00:00:00,,
957,D3E,Advance Promo Single (1st Class),Advance Promo Single (1st Class),,2020-11-19 00:00:00,2999-12-31 00:00:00,,
958,D3F,Advance Promo Single (1st Class),Advance Promo Single (1st Class),,2020-11-19 00:00:00,2999-12-31 00:00:00,,
959,D3G,Advance Promo Single (1st Class),Advance Promo Single (1st Class),,2020-11-19 00:00:00,2999-12-31 00:00:00,,
960,D3H,Advance Promo Single (1st Class),Advance Promo Single (1st Class),,2020-11-19 00:00:00,2999-12-31 00:00:00,,
961,D4A,Advance Promo Single,Advance Promo Single,,2020-11-19 00:00:00,2999-12-31 00:00:00,,
962,D4B,Advance Promo Single,Advance Promo Single,,2020-11-19 00:00:00,2999-12-31 00:00:00,,
963,D4C,Advance Promo Single,Advance Promo Single,,2020-11-19 00:00:00,2999-12-31 00:00:00,,
964,D4D,Advance Promo Single,Advance Promo Single,,2020-11-19 00:00:00,2999-12-31 00:00:00,,
965,D4E,Advance Promo Single,Advance Promo Single,,2020-11-19 00:00:00,2999-12-31 00:00:00,,
966,D4F,Advance Promo Single,Advance Promo Single,,2020-11-19 00:00:00,2999-12-31 00:00:00,,
967,D4G,Advance Promo Single,Advance Promo Single,,2020-11-19 00:00:00,2999-12-31 00:00:00,,
968,D4H,Advance Promo Single,Advance Promo Single,,2020-11-19 00:00:00,2999-12-31 00:00:00,,
969,D52,FAMILY A STD,FAMILY A STD,,2026-03-12 00:00:00,2999-12-31 00:00:00,2,00M01D
970,D53,FAMILY A STD PREM,FAMILY A STD PREM,,2026-03-12 00:00:00,2999-12-31 00:00:00,2,00M01D
971,DAA,DTPR Plus,DTPR Plus,,2017-06-04 00:00:00,2999-12-31 00:00:00,,
972,DAF,Family DTPR Plus,Family DTPR Plus,,2017-06-04 00:00:00,2999-12-31 00:00:00,2,00M01D
973,DAS,Advance Single (First Class),Advance Single 1st,,2017-06-03 00:00:00,2999-12-31 00:00:00,,
974,DBS,Advance Single (First Class),Advance Single 1st,,2017-06-03 00:00:00,2999-12-31 00:00:00,,
975,DCS,Advance Single (First Class),Advance Single 1st,,2017-06-03 00:00:00,2999-12-31 00:00:00,,
976,DDO,Dublin Day Out,Dublin Day Out,,2008-05-18 00:00:00,2999-12-31 00:00:00,,
977,DDR,Off-Peak Day Return,Off-Peak Day Return,,2025-01-25 00:00:00,2999-12-31 00:00:00,,
978,DDS,Advance Single (First Class),Advance Single 1st,,2017-06-03 00:00:00,2999-12-31 00:00:00,,
979,DEA,Evening Day Single,Evening Day Single,,2026-06-02 00:00:00,2999-12-31 00:00:00,,
980,DEB,Evening Day Return,Evening Day Return,,2026-06-02 00:00:00,2999-12-31 00:00:00,,
981,DEF,DTPR Family Exchange,DTPR Family Exchange,,2017-06-04 00:00:00,2999-12-31 00:00:00,2,00M01D
982,DES,Advance Single (First Class),Advance Single 1st,,2017-06-03 00:00:00,2999-12-31 00:00:00,,
983,DF1,Advance Single (1st Class),Advance Single 1st,,2018-09-20 00:00:00,2999-12-31 00:00:00,,
984,DF2,Advance Single (1st Class),Advance Single 1st,,2018-09-20 00:00:00,2999-12-31 00:00:00,,
985,DF3,Advance Single (1st Class),Advance Single 1st,,2018-09-20 00:00:00,2999-12-31 00:00:00,,
986,DF4,Advance Single (1st Class),Advance Single 1st,,2017-06-07 00:00:00,2999-12-31 00:00:00,,
987,DF5,Advance Single (1st Class),Advance Single 1st,,2017-06-07 00:00:00,2999-12-31 00:00:00,,
988,DF6,Advance Single (1st Class),Advance Single 1st,,2017-06-07 00:00:00,2999-12-31 00:00:00,,
989,DFS,Advance Single (1st Class),Advance Single 1st,,2017-06-03 00:00:00,2999-12-31 00:00:00,,
990,DG0,Advance Single,Advance Single,,2018-03-22 00:00:00,2999-12-31 00:00:00,,
991,DG1,Advance Single,Advance Single,,2017-09-26 00:00:00,2999-12-31 00:00:00,,
992,DG2,Advance Single,Advance Single,,2017-09-26 00:00:00,2999-12-31 00:00:00,,
993,DG3,Advance Single,Advance Single,,2017-09-26 00:00:00,2999-12-31 00:00:00,,
994,DG4,Advance Single,Advance Single,,2017-09-26 00:00:00,2999-12-31 00:00:00,,
995,DG5,Advance Single,Advance Single,,2017-09-26 00:00:00,2999-12-31 00:00:00,,
996,DG6,Advance Single,Advance Single,,2017-09-26 00:00:00,2999-12-31 00:00:00,,
997,DG7,Advance Single,Advance Single,,2017-09-26 00:00:00,2999-12-31 00:00:00,,
998,DG8,Advance Single,Advance Single,,2017-09-26 00:00:00,2999-12-31 00:00:00,,
999,DG9,Advance Single,Advance Single,,2017-09-26 00:00:00,2999-12-31 00:00:00,,
1000,DGA,Sale Advance,Advance Single,,2020-07-24 00:00:00,2999-12-31 00:00:00,,
1001,DGB,Sale Advance,Advance Single,,2020-07-24 00:00:00,2999-12-31 00:00:00,,
1002,DGC,Sale Advance,Sale Advance,,2022-05-31 00:00:00,2999-12-31 00:00:00,,
1003,DGQ,Advance Single,Advance Single,,2025-06-04 00:00:00,2999-12-31 00:00:00,,
1004,DGS,Advance Single (1st Class),Advance Single 1st,,2017-06-03 00:00:00,2999-12-31 00:00:00,,
1005,DH1,On The Up,On The Up,,2020-04-01 00:00:00,2999-12-31 00:00:00,,
1006,DH5,Standard Great Scot,Standard Great Scot,,2021-11-23 00:00:00,2999-12-31 00:00:00,,
1007,DH6,Standard Great Scot,Standard Great Scot,,2021-11-23 00:00:00,2999-12-31 00:00:00,,
1008,DHS,Advance Single (1st Class),Advance Single 1st,,2017-06-03 00:00:00,2999-12-31 00:00:00,,
1009,DJS,Advance Single (1st Class),Advance Single 1st,,2017-06-03 00:00:00,2999-12-31 00:00:00,,
1010,DKS,GWR SeatFrog 1,GWR SeatFrog 1,,2019-05-24 00:00:00,2999-12-31 00:00:00,,
1011,DLS,GWR SeatFrog 2,GWR SeatFrog 2,,2025-12-12 00:00:00,2999-12-31 00:00:00,,
1012,DMA,70min Flex Single,70min Flex Single,,2023-11-01 00:00:00,2999-12-31 00:00:00,,
1013,DMB,70min Flex Single,70min Flex Single,,2023-11-01 00:00:00,2999-12-31 00:00:00,,
1014,DMC,70min Flex Single,70min Flex Single,,2023-11-01 00:00:00,2999-12-31 00:00:00,,
1015,DMD,70min Flex Single,70min Flex Single,,2023-11-01 00:00:00,2999-12-31 00:00:00,,
1016,DME,70min Flex Single,70min Flex Single,,2023-11-01 00:00:00,2999-12-31 00:00:00,,
1017,DMF,70min Flex Single,70min Flex Single,,2023-11-01 00:00:00,2999-12-31 00:00:00,,
1018,DMG,70min Flex Single,70min Flex Single,,2023-11-01 00:00:00,2999-12-31 00:00:00,,
1019,DMH,70min Flex Single,70min Flex Single,,2023-11-01 00:00:00,2999-12-31 00:00:00,,
1020,DMI,70min Flex Single,70min Flex Single,,2023-11-01 00:00:00,2999-12-31 00:00:00,,
1021,DMJ,70min Flex Single,70min Flex Single,,2023-11-01 00:00:00,2999-12-31 00:00:00,,
1022,DMK,70min Flex Single,70min Flex Single,,2023-11-01 00:00:00,2999-12-31 00:00:00,,
1023,DML,70min Flex Single,70min Flex Single,,2023-11-01 00:00:00,2999-12-31 00:00:00,,
1024,DMM,70min Flex Single,70min Flex Single,,2023-11-01 00:00:00,2999-12-31 00:00:00,,
1025,DMN,70min Flex Single,70min Flex Single,,2023-11-01 00:00:00,2999-12-31 00:00:00,,
1026,DMO,70min Flex Single,70min Flex Single,,2023-11-01 00:00:00,2999-12-31 00:00:00,,
1027,DMP,70min Flex Single,70min Flex Single,,2023-11-01 00:00:00,2999-12-31 00:00:00,,
1028,DMQ,70min Flex Single,70min Flex Single,,2023-11-01 00:00:00,2999-12-31 00:00:00,,
1029,DMR,70min Flex Single,70min Flex Single,,2023-11-01 00:00:00,2999-12-31 00:00:00,,
1030,DMS,70min Flex Single,70min Flex Single,,2023-11-01 00:00:00,2999-12-31 00:00:00,,
1031,DMT,70min Flex Single,70min Flex Single,,2023-11-01 00:00:00,2999-12-31 00:00:00,,
1032,DMU,70min Flex Single,70min Flex Single,,2023-11-01 00:00:00,2999-12-31 00:00:00,,
1033,DMV,70min Flex Single,70min Flex Single,,2023-11-01 00:00:00,2999-12-31 00:00:00,,
1034,DMW,70min Flex Single,70min Flex Single,,2023-11-01 00:00:00,2999-12-31 00:00:00,,
1035,DMX,70min Flex Single,70min Flex Single,,2023-11-01 00:00:00,2999-12-31 00:00:00,,
1036,DMY,70min Flex Single,70min Flex Single,,2023-11-01 00:00:00,2999-12-31 00:00:00,,
1037,DNA,70min Flex Single (First Class),70min Flex Single (First Class),,2023-11-01 00:00:00,2999-12-31 00:00:00,,
1038,DNB,70min Flex Single (First Class),70min Flex Single (First Class),,2023-11-01 00:00:00,2999-12-31 00:00:00,,
1039,DNC,70min Flex Single (First Class),70min Flex Single (First Class),,2023-11-01 00:00:00,2999-12-31 00:00:00,,
1040,DND,70min Flex Single (First Class),70min Flex Single (First Class),,2023-11-01 00:00:00,2999-12-31 00:00:00,,
1041,DNE,70min Flex Single (First Class),70min Flex Single (First Class),,2023-11-01 00:00:00,2999-12-31 00:00:00,,
1042,DNF,70min Flex Single (First Class),70min Flex Single (First Class),,2023-11-01 00:00:00,2999-12-31 00:00:00,,
1043,DNG,70min Flex Single (First Class),70min Flex Single (First Class),,2023-11-01 00:00:00,2999-12-31 00:00:00,,
1044,DNH,70min Flex Single (First Class),70min Flex Single (First Class),,2023-11-01 00:00:00,2999-12-31 00:00:00,,
1045,DNI,70min Flex Single (First Class),70min Flex Single (First Class),,2023-11-01 00:00:00,2999-12-31 00:00:00,,
1046,DNJ,70min Flex Single (First Class),70min Flex Single (First Class),,2023-11-01 00:00:00,2999-12-31 00:00:00,,
1047,DNK,70min Flex Single (First Class),70min Flex Single (First Class),,2023-11-01 00:00:00,2999-12-31 00:00:00,,
1048,DNL,70min Flex Single (First Class),70min Flex Single (First Class),,2023-11-01 00:00:00,2999-12-31 00:00:00,,
1049,DNM,70min Flex Single (First Class),70min Flex Single (First Class),,2023-11-01 00:00:00,2999-12-31 00:00:00,,
1050,DNN,70min Flex Single (First Class),70min Flex Single (First Class),,2023-11-01 00:00:00,2999-12-31 00:00:00,,
1051,DNO,70min Flex Single (First Class),70min Flex Single (First Class),,2023-11-01 00:00:00,2999-12-31 00:00:00,,
1052,DNP,70min Flex Single (First Class),70min Flex Single (First Class),,2023-11-01 00:00:00,2999-12-31 00:00:00,,
1053,DNQ,70min Flex Single (First Class),70min Flex Single (First Class),,2023-11-01 00:00:00,2999-12-31 00:00:00,,
1054,DNR,70min Flex Single (First Class),70min Flex Single (First Class),,2023-11-01 00:00:00,2999-12-31 00:00:00,,
1055,DNS,70min Flex Single (First Class),70min Flex Single (First Class),,2023-11-01 00:00:00,2999-12-31 00:00:00,,
1056,DNT,70min Flex Single (First Class),70min Flex Single (First Class),,2023-11-01 00:00:00,2999-12-31 00:00:00,,
1057,DNU,70min Flex Single (First Class),70min Flex Single (First Class),,2023-11-01 00:00:00,2999-12-31 00:00:00,,
1058,DNV,70min Flex Single (First Class),70min Flex Single (First Class),,2023-11-01 00:00:00,2999-12-31 00:00:00,,
1059,DNW,70min Flex Single (First Class),70min Flex Single (First Class),,2023-11-01 00:00:00,2999-12-31 00:00:00,,
1060,DNX,70min Flex Single (First Class),70min Flex Single (First Class),,2023-11-01 00:00:00,2999-12-31 00:00:00,,
1061,DNY,70min Flex Single (First Class),70min Flex Single (First Class),,2023-11-01 00:00:00,2999-12-31 00:00:00,,
1062,DOR,Off-Peak Day Return,Off-Peak Day Return,,2025-01-25 00:00:00,2999-12-31 00:00:00,,
1063,DOS,Off-Peak Day Single,Off-Peak Day Single,,2025-01-25 00:00:00,2999-12-31 00:00:00,,
1064,DPC,Daily Carpark,Daily Carpark,,2004-03-11 00:00:00,2999-12-31 00:00:00,,
1065,DPS,Advance Single,Advance Single,,2017-06-03 00:00:00,2999-12-31 00:00:00,,
1066,DRG,Dalesrail Duo,Dalesrail Duo,,2022-06-14 00:00:00,2999-12-31 00:00:00,2,00M01D
1067,DRI,Dalesrail Off-Peak Day Return,Dalesrail Off-Peak Day Return,,2022-06-14 00:00:00,2999-12-31 00:00:00,,
1068,DS1,DaySave,DaySave,,2017-05-28 00:00:00,2999-12-31 00:00:00,,
1069,DS4,DaySave 4,DaySave 4,,2017-05-28 00:00:00,2999-12-31 00:00:00,,
1070,DSD,Day Ranger,Day Ranger,,2011-08-05 00:00:00,2999-12-31 00:00:00,,
1071,DST,Flexiday Season,Flexiday Season,,2016-04-30 00:00:00,2999-12-31 00:00:00,,
1072,DTA,DTPR Add-On,DTPR Add-On,,2017-06-27 00:00:00,2999-12-31 00:00:00,,
1073,DTD,LNER Promise,LNER Promise,,2023-08-03 00:00:00,2999-12-31 00:00:00,,
1074,DTE,DTPR Exchange,DTPR Exchange,,2017-06-27 00:00:00,2999-12-31 00:00:00,,
1075,DTF,Family DTPR Add-On,Family DTPR Add-On,,2017-06-27 00:00:00,2999-12-31 00:00:00,2,00M01D
1076,DTP,Off Peak Day Travelcard PLUS,Off Peak Day Travelcard PLUS,,2018-05-20 00:00:00,2999-12-31 00:00:00,,
1077,DUO,Greater Anglia Duo Return,Greater Anglia Duo Return,,2020-04-04 00:00:00,2999-12-31 00:00:00,2,00M01D
1078,DUS,Duo Single,Duo Single,,2017-05-26 00:00:00,2999-12-31 00:00:00,2,00M01D
1079,DZM,70min Flex Single Res,70min Flex Single Res,,2023-11-30 00:00:00,2999-12-31 00:00:00,,
1080,DZN,70min Flex Single Res (First Class),70min Flex Single Res (First Class),,2023-11-30 00:00:00,2999-12-31 00:00:00,,
1081,E1A,Advance Single,Advance Single,,2021-09-01 00:00:00,2999-12-31 00:00:00,,
1082,E1R,Anytime Return,Anytime Return,,2017-12-07 00:00:00,2999-12-31 00:00:00,,
1083,E1S,Anytime Day Single (1st Class),Anytime Day Single (1st Class),,2023-07-26 00:00:00,2999-12-31 00:00:00,,
1084,E2R,Anytime Day Return,Anytime Day Return,,2017-12-07 00:00:00,2999-12-31 00:00:00,,
1085,E2S,Anytime Day Single,Anytime Day Single,,2023-07-26 00:00:00,2999-12-31 00:00:00,,
1086,E3R,Anytime Short Distance Return,Anytime Short Return,,2017-12-07 00:00:00,2999-12-31 00:00:00,,
1087,E40,Club Family 2 Rooms,Club Family 2 Rooms,,2017-10-13 00:00:00,2999-12-31 00:00:00,2,00M01D
1088,E41,Club Family 2 Rooms,Club Family 2 Rooms,,2017-10-13 00:00:00,2999-12-31 00:00:00,2,00M01D
1089,E42,Club Family 2 Rooms,Club Family 2 Rooms,,2017-10-13 00:00:00,2999-12-31 00:00:00,2,00M01D
1090,E43,Club Family 2 Rooms,Club Family 2 Rooms,,2017-10-13 00:00:00,2999-12-31 00:00:00,2,00M01D
1091,E44,Club Family 2 Rooms,Club Family 2 Rooms,,2017-10-13 00:00:00,2999-12-31 00:00:00,2,00M01D
1092,E4R,Off-Peak Day Return,Off-Peak Day Return,,2017-12-07 00:00:00,2999-12-31 00:00:00,,
1093,E4S,Off-Peak Day Single,Off-Peak Day Single,,2017-12-07 00:00:00,2999-12-31 00:00:00,,
1094,E60,Club Family 3 Rooms,Club Family 3 Rooms,,2017-10-13 00:00:00,2999-12-31 00:00:00,3,00M01D
1095,E61,Club Family 3 Rooms,Club Family 3 Rooms,,2017-10-13 00:00:00,2999-12-31 00:00:00,3,00M01D
1096,E62,Club Family 3 Rooms,Club Family 3 Rooms,,2017-10-13 00:00:00,2999-12-31 00:00:00,3,00M01D
1097,E63,Club Family 3 Rooms,Club Family 3 Rooms,,2017-10-13 00:00:00,2999-12-31 00:00:00,3,00M01D
1098,E64,Club Family 3 Rooms,Club Family 3 Rooms,,2017-10-13 00:00:00,2999-12-31 00:00:00,3,00M01D
1099,EAS,Advance Single (CIV),Advance Single (CIV),,2021-09-21 00:00:00,2999-12-31 00:00:00,,
1100,EBP,Early Bird Plus,Early Bird Plus,,2017-06-05 00:00:00,2999-12-31 00:00:00,,
1101,ECR,Economy Return,Economy Return,,2017-06-04 00:00:00,2999-12-31 00:00:00,,
1102,EDA,Bus/Admission Only,Bus/Admission Only,,2017-06-03 00:00:00,2999-12-31 00:00:00,,
1103,EDF,Admit Only Youth,Admit Only Youth,,2010-06-03 00:00:00,2999-12-31 00:00:00,,
1104,EDR,Day Return,Day Return,,2017-06-01 00:00:00,2999-12-31 00:00:00,,
1105,EDS,Day Single,Day Single,,2017-06-01 00:00:00,2999-12-31 00:00:00,,
1106,EFR,Euro Anytime Return (1st Class),Anytime Return 1st (CIV),,2017-06-20 00:00:00,2999-12-31 00:00:00,,
1107,EFS,Eurostar (CIV),Anytime Single 1st (CIV),,2017-06-20 00:00:00,2999-12-31 00:00:00,,
1108,EGF,Evening Day Return,Evening Day Return,,2017-06-27 00:00:00,2999-12-31 00:00:00,,
1109,EGG,Off Peak Day Return,Off Peak Day Return,,2025-03-14 00:00:00,2999-12-31 00:00:00,,
1110,EGH,Off Peak Day Single,Off Peak Day Single,,2025-03-14 00:00:00,2999-12-31 00:00:00,,
1111,EGI,SWR Promo Return,SWR Promo Return,,2020-09-26 00:00:00,2999-12-31 00:00:00,,
1112,EGJ,Child Flat Fare Return,Child Flat Fare Return,,2020-09-26 00:00:00,2999-12-31 00:00:00,,
1113,EGK,Child Flat Fare Single,Child Flat Fare Single,,2020-09-26 00:00:00,2999-12-31 00:00:00,,
1114,EGM,SWR Promo Day R,SWR Promo Day R,,2020-09-26 00:00:00,2999-12-31 00:00:00,,
1115,EGN,SWR Promo Day R,SWR Promo Day R,,2020-09-26 00:00:00,2999-12-31 00:00:00,,
1116,EGP,Evening Day Group Return,Evening Day Group Return,,2017-06-27 00:00:00,2999-12-31 00:00:00,4,00M01D
1117,EGS,Evening Day Single,Evening Day Single,,2021-10-12 00:00:00,2999-12-31 00:00:00,,
1118,EIF,Advance ITX (1st Class) Return.,Advance ITX (1st Class) Return.,,2023-02-21 00:00:00,2999-12-31 00:00:00,,
1119,EIP,AWC ITX Standard Premium,AWC ITX Standard Premium,,2021-08-26 00:00:00,2999-12-31 00:00:00,,
1120,EIS,Advance ITX Return.,Advance ITX Return.,,2023-02-21 00:00:00,2999-12-31 00:00:00,,
1121,EJF,Advance ITX 1S,Advance ITX 1S,,2025-02-18 00:00:00,2999-12-31 00:00:00,,
1122,EJS,Advance ITX S,Advance ITX S,,2025-02-18 00:00:00,2999-12-31 00:00:00,,
1123,ELV,Elvis Exhibition,Elvis Exhibition,,2017-05-31 00:00:00,2999-12-31 00:00:00,,
1124,EM0,EMR ITX High 1st,EMR ITX 1st,,2019-08-18 00:00:00,2999-12-31 00:00:00,,
1125,EM2,EMR ITX High,EMR ITX High,,2019-08-18 00:00:00,2999-12-31 00:00:00,,
1126,EM3,AITX Online 1st,AITX Online 1st,,2025-06-11 00:00:00,2999-12-31 00:00:00,,
1127,EM4,AITX Online Std,AITX Online Std,,2025-06-11 00:00:00,2999-12-31 00:00:00,,
1128,EM5,EMR ITX Low 1,EMR ITX Low 1,,2019-08-18 00:00:00,2999-12-31 00:00:00,,
1129,EM6,EMR ITX Low,EMR ITX Low,,2019-08-18 00:00:00,2999-12-31 00:00:00,,
1130,EMB,Business Return,Business Return,,2017-06-01 00:00:00,2999-12-31 00:00:00,,
1131,EMD,Business Standard 2,Business Standard 2,,2017-09-03 00:00:00,2999-12-31 00:00:00,,
1132,EME,Business Standard Return,Business Standard Return,,2017-06-01 00:00:00,2999-12-31 00:00:00,,
1133,EMT,EMR Promotion,EMR Promotion,,2023-07-20 00:00:00,2999-12-31 00:00:00,,
1134,ENT,TFW Event Concession,TFW Event Concession,,2026-02-13 00:00:00,2999-12-31 00:00:00,,
1135,EOR,Euro Anytime Return,Euro Anytime Return (CIV) ,,2017-06-20 00:00:00,2999-12-31 00:00:00,,
1136,EOS,Euro Anytime Single (Standard Class),Euro Anytime Single (CIV),,2017-06-20 00:00:00,2999-12-31 00:00:00,,
1137,ES1,Eurostar ITX 1st Class,Eurostar ITX 1st Class,,2010-04-29 00:00:00,2999-12-31 00:00:00,,
1138,ES2,Eurostar ITX Standard,Eurostar ITX Standard,,2010-04-29 00:00:00,2999-12-31 00:00:00,,
1139,ES3,Domestic ITX 1st Class,Domestic ITX 1st Class,,2010-04-29 00:00:00,2999-12-31 00:00:00,,
1140,ES4,Domestic ITX Standard,Domestic ITX Standard,,2010-04-29 00:00:00,2999-12-31 00:00:00,,
1141,ES5,TOUROPS_ITX1ST,TOUROPS_ITX1ST,,2010-09-16 00:00:00,2999-12-31 00:00:00,,
1142,ES6,TOUROPS_ITXSTD,TOUROPS_ITXSTD,,2010-09-16 00:00:00,2999-12-31 00:00:00,,
1143,ETR,Executive Return Package 1st,Executive Return 1st,,2016-02-01 00:00:00,2999-12-31 00:00:00,,
1144,EV1,EVENING RETURN,EVENING RETURN,,2019-08-02 00:00:00,2999-12-31 00:00:00,,
1145,EV2,EVENING RETURN,EVENING RETURN,,2019-08-02 00:00:00,2999-12-31 00:00:00,,
1146,EV3,EVENING RETURN,EVENING RETURN,,2019-08-02 00:00:00,2999-12-31 00:00:00,,
1147,EVA,Evening Out Single,Evening Out Single,,2021-06-05 00:00:00,2999-12-31 00:00:00,,
1148,EVB,Evening Out Return,Evening Out Return,,2021-06-05 00:00:00,2999-12-31 00:00:00,,
1149,EVE,Special Events,Special Events,,2026-05-22 00:00:00,2999-12-31 00:00:00,,
1150,EVF,Special Events,Special Events,,2026-05-22 00:00:00,2999-12-31 00:00:00,,
1151,EVR,Euro High Saver Return (CIV),Euro High Saver Return (CIV),,2017-06-20 00:00:00,2999-12-31 00:00:00,,
1152,EVS,Euro High Saver Single (CIV),Euro High Saver Single (CIV),,2017-06-20 00:00:00,2999-12-31 00:00:00,,
1153,EVT,Evening Out Travelcard,Evening Out Travelcard,,2021-06-16 00:00:00,2999-12-31 00:00:00,,
1154,EX0,Club Twin 1 Adult 1 Child,Club Twin 1 Adult 1 Child,,2019-07-13 00:00:00,2999-12-31 00:00:00,,
1155,EX1,Club Twin 1 Adult 1 Child,Club Twin 1 Adult 1 Child,,2019-07-13 00:00:00,2999-12-31 00:00:00,,
1156,EX2,Club Twin 1 Adult 1 Child,Club Twin 1 Adult 1 Child,,2019-07-13 00:00:00,2999-12-31 00:00:00,,
1157,EX3,Club Twin 1 Adult 1 Child,Club Twin 1 Adult 1 Child,,2019-07-13 00:00:00,2999-12-31 00:00:00,,
1158,EX4,Club Twin 1 Adult 1 Child,Club Twin 1 Adult 1 Child,,2019-07-13 00:00:00,2999-12-31 00:00:00,,
1159,EX7,Club Twin 1 Adult 1 Child,Club Twin 1 Adult 1 Child,,2021-07-21 00:00:00,2999-12-31 00:00:00,,
1160,EX8,Club Twin 1 Adult 1 Child,Club Twin 1 Adult 1 Child,,2019-07-13 00:00:00,2999-12-31 00:00:00,,
1161,EX9,Club Twin 1 Adult 1 Child,Club Twin 1 Adult 1 Child,,2019-07-13 00:00:00,2999-12-31 00:00:00,,
1162,EXP,HIGHLAND EXPLORER,HIGHLAND EXPLORER,,2021-08-05 00:00:00,2999-12-31 00:00:00,,
1163,F0S,Anytime Single (1st Class),Anytime Single (1st Class),,2025-08-23 00:00:00,2999-12-31 00:00:00,,
1164,F1A,Advance Single (1st Class),Advance Single 1st,,2017-05-25 00:00:00,2999-12-31 00:00:00,,
1165,F1B,Advance Single (1st Class),Advance Single (1st Class),,2020-10-01 00:00:00,2999-12-31 00:00:00,,
1166,F1F,Family & Friends 1st,Family & Friends 1st,,2019-08-30 00:00:00,2999-12-31 00:00:00,,
1167,F1L,Flexipass 50 Journey (1st Class),Flexipass 50 Jny (1st Class),,2017-10-03 00:00:00,2999-12-31 00:00:00,,
1168,F1V,Advance Single (1st Class),Advance Single 1st,,2017-08-31 00:00:00,2999-12-31 00:00:00,,
1169,F1X,Fixed Single,Fixed Single,,2026-01-20 00:00:00,2999-12-31 00:00:00,,
1170,F2A,Advance Single (1st Class),Advance Single 1st,,2017-05-25 00:00:00,2999-12-31 00:00:00,,
1171,F2B,Advance Single (First Class),Advance Single (First Class),,2020-10-01 00:00:00,2999-12-31 00:00:00,,
1172,F2F,Family & Friends Standard class only,Family & Friends Standard class only,,2019-07-31 00:00:00,2999-12-31 00:00:00,,
1173,F2L,Flexipass 50 Journey (Standard),Flexipass 50 Jny (Standard),,2014-10-01 00:00:00,2999-12-31 00:00:00,1,12M00D
1174,F2V,Advance Single (1st Class),Advance Single 1st,,2017-08-31 00:00:00,2999-12-31 00:00:00,,
1175,F2X,Fixed Single Promo,Fixed Single Promo,,2026-01-20 00:00:00,2999-12-31 00:00:00,,
1176,F3A,Advance Single (1st Class),Advance Single 1st,,2017-05-25 00:00:00,2999-12-31 00:00:00,,
1177,F3B,Advance Single (First Class),Advance Single (First Class),,2020-10-01 00:00:00,2999-12-31 00:00:00,,
1178,F3C,Fixed Single,Fixed Single,,2026-01-20 00:00:00,2999-12-31 00:00:00,,
1179,F3D,Fixed Single,Fixed Single,,2026-01-20 00:00:00,2999-12-31 00:00:00,,
1180,F3E,Fixed Single,Fixed Single,,2026-01-20 00:00:00,2999-12-31 00:00:00,,
1181,F3F,Fixed Single,Fixed Single,,2026-01-20 00:00:00,2999-12-31 00:00:00,,
1182,F3G,Fixed Single,Fixed Single,,2026-01-20 00:00:00,2999-12-31 00:00:00,,
1183,F3H,Fixed Single,Fixed Single,,2026-01-20 00:00:00,2999-12-31 00:00:00,,
1184,F3I,Fixed Single,Fixed Single,,2026-01-20 00:00:00,2999-12-31 00:00:00,,
1185,F3J,Fixed Single,Fixed Single,,2026-01-20 00:00:00,2999-12-31 00:00:00,,
1186,F3K,Fixed Single,Fixed Single,,2026-01-20 00:00:00,2999-12-31 00:00:00,,
1187,F3L,Fixed Single,Fixed Single,,2026-01-20 00:00:00,2999-12-31 00:00:00,,
1188,F3M,Fixed Single,Fixed Single,,2026-01-20 00:00:00,2999-12-31 00:00:00,,
1189,F3N,Fixed Single,Fixed Single,,2026-01-20 00:00:00,2999-12-31 00:00:00,,
1190,F3O,Fixed Single,Fixed Single,,2026-01-20 00:00:00,2999-12-31 00:00:00,,
1191,F3P,Fixed Single,Fixed Single,,2026-01-20 00:00:00,2999-12-31 00:00:00,,
1192,F3V,Advance Single (1st Class),Advance Single 1st,,2017-08-31 00:00:00,2999-12-31 00:00:00,,
1193,F3X,Fixed Single,Fixed Single,,2026-01-20 00:00:00,2999-12-31 00:00:00,,
1194,F4A,Advance Single (1st Class),Advance Single 1st,,2017-05-25 00:00:00,2999-12-31 00:00:00,,
1195,F4B,Advance Single (First Class),Advance Single (First Class),,2020-10-01 00:00:00,2999-12-31 00:00:00,,
1196,F4V,Advance Single (1st Class),Advance Single 1st,,2017-08-31 00:00:00,2999-12-31 00:00:00,,
1197,F4X,Fixed Single,Fixed Single,,2026-02-05 00:00:00,2999-12-31 00:00:00,,
1198,F5A,Advance Single (1st Class),Advance Single 1st,,2017-05-25 00:00:00,2999-12-31 00:00:00,,
1199,F5B,Advance Single (First Class),Advance Single (First Class),,2020-10-01 00:00:00,2999-12-31 00:00:00,,
1200,F5X,Fixed Single,Fixed Single,,2026-02-05 00:00:00,2999-12-31 00:00:00,,
1201,F6A,Advance Single (1st Class),Advance Single 1st,,2017-05-25 00:00:00,2999-12-31 00:00:00,,
1202,F6B,Advance Single (First Class),Advance Single (First Class),,2020-10-01 00:00:00,2999-12-31 00:00:00,,
1203,F6X,Fixed Single,Fixed Single,,2026-02-05 00:00:00,2999-12-31 00:00:00,,
1204,F7A,Advance Single (1st Class),Advance Single 1st,,2017-05-25 00:00:00,2999-12-31 00:00:00,,
1205,F7B,Advance Single (1st Class),Advance Single (1st Class),,2024-01-31 00:00:00,2999-12-31 00:00:00,,
1206,F7C,Fixed Single 1st,Fixed Single 1st,,2026-01-20 00:00:00,2999-12-31 00:00:00,,
1207,F7D,Fixed Single 1st,Fixed Single 1st,,2026-01-20 00:00:00,2999-12-31 00:00:00,,
1208,F7E,Fixed Single 1st,Fixed Single 1st,,2026-01-20 00:00:00,2999-12-31 00:00:00,,
1209,F7F,Fixed Single 1st,Fixed Single 1st,,2026-01-20 00:00:00,2999-12-31 00:00:00,,
1210,F7G,Fixed Single 1st,Fixed Single 1st,,2026-01-20 00:00:00,2999-12-31 00:00:00,,
1211,F7H,Fixed Single 1st,Fixed Single 1st,,2026-01-20 00:00:00,2999-12-31 00:00:00,,
1212,F7I,Fixed Single 1st,Fixed Single 1st,,2026-01-20 00:00:00,2999-12-31 00:00:00,,
1213,F7J,Fixed Single 1st,Fixed Single 1st,,2026-01-20 00:00:00,2999-12-31 00:00:00,,
1214,F7K,Fixed Single 1st,Fixed Single 1st,,2026-01-20 00:00:00,2999-12-31 00:00:00,,
1215,F7L,Fixed Single 1st,Fixed Single 1st,,2026-01-20 00:00:00,2999-12-31 00:00:00,,
1216,F7M,Fixed Single 1st,Fixed Single 1st,,2026-01-20 00:00:00,2999-12-31 00:00:00,,
1217,F7N,Fixed Single 1st,Fixed Single 1st,,2026-01-20 00:00:00,2999-12-31 00:00:00,,
1218,F7O,Fixed Single 1st,Fixed Single 1st,,2026-01-20 00:00:00,2999-12-31 00:00:00,,
1219,F7P,Fixed Single 1st,Fixed Single 1st,,2026-01-20 00:00:00,2999-12-31 00:00:00,,
1220,F7V,Advance Single (1st Class),Advance Single 1st,,2017-08-31 00:00:00,2999-12-31 00:00:00,,
1221,F7X,Fixed Single,Fixed Single,,2026-02-05 00:00:00,2999-12-31 00:00:00,,
1222,F8A,Advance Single (1st Class),Advance Single 1st,,2017-05-25 00:00:00,2999-12-31 00:00:00,,
1223,F8B,Advance Single (1st Class),Advance Single (1st Class),,2024-01-31 00:00:00,2999-12-31 00:00:00,,
1224,F8X,Fixed Single,Fixed Single,,2026-02-05 00:00:00,2999-12-31 00:00:00,,
1225,F9A,Advance Single (1st Class),Advance Single 1st,,2017-05-25 00:00:00,2999-12-31 00:00:00,,
1226,F9B,Advance Single (1st Class),Advance Single (1st Class),,2024-01-31 00:00:00,2999-12-31 00:00:00,,
1227,F9X,Fixed Single,Fixed Single,,2026-02-05 00:00:00,2999-12-31 00:00:00,,
1228,FA2,Family ticket,Family ticket,,2019-04-27 00:00:00,2999-12-31 00:00:00,2,00M01D
1229,FAA,Family Tkt 1+1,Family Tkt 1+1,,2025-10-25 00:00:00,2999-12-31 00:00:00,,
1230,FAB,Family Tkt 1+2,Family Tkt 1+2,,2025-10-25 00:00:00,2999-12-31 00:00:00,,
1231,FAC,Family Tkt 2+1,Family Tkt 2+1,,2025-10-25 00:00:00,2999-12-31 00:00:00,2,00M01D
1232,FAD,Family Tkt 2+2,Family Tkt 2+2,,2025-10-25 00:00:00,2999-12-31 00:00:00,2,00M01D
1233,FAE,Family Tkt 2+3,Family Tkt 2+3,,2025-10-25 00:00:00,2999-12-31 00:00:00,2,00M01D
1234,FAF,Family Tkt 2+4,Family Tkt 2+4,,2025-10-25 00:00:00,2999-12-31 00:00:00,2,00M01D
1235,FAG,Family Tkt 1+1,Family Tkt 1+1,,2025-10-25 00:00:00,2999-12-31 00:00:00,,
1236,FAH,Family Tkt 1+2,Family Tkt 1+2,,2025-10-25 00:00:00,2999-12-31 00:00:00,,
1237,FAI,Family Tkt 2+1,Family Tkt 2+1,,2025-10-25 00:00:00,2999-12-31 00:00:00,2,00M01D
1238,FAJ,Family Tkt 2+2,Family Tkt 2+2,,2025-10-25 00:00:00,2999-12-31 00:00:00,2,00M01D
1239,FAK,Family Tkt 2+3,Family Tkt 2+3,,2025-10-25 00:00:00,2999-12-31 00:00:00,2,00M01D
1240,FAL,Family Tkt 2+4,Family Tkt 2+4,,2025-10-25 00:00:00,2999-12-31 00:00:00,2,00M01D
1241,FAP,FIRST + PARKING,FIRST + PARKING,,2019-03-21 00:00:00,2999-12-31 00:00:00,,
1242,FAV,Advance Single (1st Class),Advance Single 1st,,2022-03-19 00:00:00,2999-12-31 00:00:00,,
1243,FAW,Conwy Valley Special,Conwy Valley Special,,2019-07-18 00:00:00,2999-12-31 00:00:00,,
1244,FBD,Bus Day Rover,Bus Day Rover,,2017-06-09 00:00:00,2999-12-31 00:00:00,,
1245,FBM,Bus Monthly,Bus Monthly,,2017-06-09 00:00:00,2999-12-31 00:00:00,,
1246,FBV,Advance Single (1st Class),Advance Single 1st,,2017-05-31 00:00:00,2999-12-31 00:00:00,,
1247,FBW,Bus Weekly,Bus Weekly,,2017-06-09 00:00:00,2999-12-31 00:00:00,,
1248,FC1,GWR Corporate Single (1st Class),GWR Corporate Single 1st,,2017-06-03 00:00:00,2999-12-31 00:00:00,,
1249,FC2,GWR Corporate Return (1st Class),GWR Corporate Return 1st,,2017-06-03 00:00:00,2999-12-31 00:00:00,,
1250,FC3,GWR Corporate Single,GWR Corporate Single,,2017-06-03 00:00:00,2999-12-31 00:00:00,,
1251,FC4,GWR Corporate Return,GWR Corporate Return,,2017-06-03 00:00:00,2999-12-31 00:00:00,,
1252,FCB,Group Return (1st Class),Group Return (1st Class),,2026-02-24 00:00:00,2999-12-31 00:00:00,2,00M01D
1253,FCF,GTW Valid 42R1,GTW Valid 42R1,,2017-06-03 00:00:00,2999-12-31 00:00:00,,
1254,FCR,Off-Peak Day Return (1st Class),Off-Peak Day Return 1st,,2017-05-23 00:00:00,2999-12-31 00:00:00,,
1255,FCU,1st Upgrade Single,1st Upgrade Single,,2020-04-03 00:00:00,2999-12-31 00:00:00,,
1256,FCV,1st Upgrade Return,1st Upgrade Return,,2015-10-20 00:00:00,2999-12-31 00:00:00,,
1257,FCW,Concession Anytime Day Return,Concession Anytime Day Return,,2020-07-22 00:00:00,2999-12-31 00:00:00,,
1258,FCZ,1stClass Refund info,1stClass Refund info,,2025-04-04 00:00:00,2999-12-31 00:00:00,,
1259,FDA,Kids Go Free 1,Kids Go Free 1,,2017-06-05 00:00:00,2999-12-31 00:00:00,,
1260,FDB,Kids Go Free 2,Kids Go Free 2,,2017-06-05 00:00:00,2999-12-31 00:00:00,2,00M01D
1261,FDC,Kids Go Free 1,Kids Go Free 1,,2017-06-05 00:00:00,2999-12-31 00:00:00,,
1262,FDD,Kids Go Free 2,Kids Go Free 2,,2017-06-05 00:00:00,2999-12-31 00:00:00,2,00M01D
1263,FDR,Anytime Day Return (1st Class),Anytime Day Return 1st,,2017-05-23 00:00:00,2999-12-31 00:00:00,,
1264,FDS,Anytime Day Single (1st Class),Anytime Day Single 1st,,2017-05-23 00:00:00,2999-12-31 00:00:00,,
1265,FDT,Anytime Day Travelcard (1st Class),Anytime Day Travelcard 1st,,2018-05-20 00:00:00,2999-12-31 00:00:00,,
1266,FDV,Advance Single (1st Class),Advance Single 1st,,2017-05-31 00:00:00,2999-12-31 00:00:00,,
1267,FE0,Day-Flex Single,Day-Flex Single,,2026-02-12 00:00:00,2999-12-31 00:00:00,,
1268,FE1,Day-Flex Single,Day-Flex Single,,2026-01-24 00:00:00,2999-12-31 00:00:00,,
1269,FE2,Day-Flex Single,Day-Flex Single,,2026-01-24 00:00:00,2999-12-31 00:00:00,,
1270,FE3,Day-Flex Single,Day-Flex Single,,2026-01-24 00:00:00,2999-12-31 00:00:00,,
1271,FE4,Day-Flex Single,Day-Flex Single,,2026-01-24 00:00:00,2999-12-31 00:00:00,,
1272,FE5,Day-Flex Single,Day-Flex Single,,2026-01-24 00:00:00,2999-12-31 00:00:00,,
1273,FE6,Day-Flex Single,Day-Flex Single,,2026-01-24 00:00:00,2999-12-31 00:00:00,,
1274,FE7,Day-Flex Single,Day-Flex Single,,2026-01-24 00:00:00,2999-12-31 00:00:00,,
1275,FE8,Day-Flex Single,Day-Flex Single,,2026-01-24 00:00:00,2999-12-31 00:00:00,,
1276,FE9,Day-Flex Single,Day-Flex Single,,2026-01-24 00:00:00,2999-12-31 00:00:00,,
1277,FES,Ffestiniog Round Robin,Ffestiniog Round Robin,,2013-07-25 00:00:00,2999-12-31 00:00:00,,
1278,FEV,Advance Single (1st Class),Advance Single (1st Class),,2022-09-22 00:00:00,2999-12-31 00:00:00,,
1279,FEX,Day-Flex Single,Day-Flex Single,,2026-02-12 00:00:00,2999-12-31 00:00:00,,
1280,FF1,Fixed Family Single 1st,Fixed Family Single 1st,,2021-08-13 00:00:00,2999-12-31 00:00:00,2,00M01D
1281,FF2,Family Advance,Family Advance,,2023-04-15 00:00:00,2999-12-31 00:00:00,2,00M01D
1282,FF3,Family Refundable,Family Refundable,,2023-04-19 00:00:00,2999-12-31 00:00:00,2,00M01D
1283,FF8,Family Plus,Family Plus,,2022-07-27 00:00:00,2999-12-31 00:00:00,,
1284,FFA,Group 5 Single (1st Class),Group 5 Single (1st Class),,2011-02-24 00:00:00,2999-12-31 00:00:00,5,00M01D
1285,FFF,GWT Valid FOR4S,GWT Valid FOR4S,,2015-10-20 00:00:00,2999-12-31 00:00:00,,
1286,FFL,Flexipass 50 Journey (1st Class),Flexipass 50 Jny (1st Class),,2021-10-05 00:00:00,2999-12-31 00:00:00,1,12M00D
1287,FFM,Ffestiniog Round Robin Family,Ffestiniog Round Robin Family,,2013-07-25 00:00:00,2999-12-31 00:00:00,,
1288,FFO,Flat Fare Super Off-Peak Return,Super Off-Peak Return,,2020-03-10 00:00:00,2999-12-31 00:00:00,255,00M01D
1289,FFP,Sale First,SALE FIRST,,2018-05-12 00:00:00,2999-12-31 00:00:00,,
1290,FFR,Chiltern Railways Family Ticket,Family Ticket,,2024-08-09 00:00:00,2999-12-31 00:00:00,2,00M01D
1291,FFS,Family Return,Family Return,,2017-06-03 00:00:00,2999-12-31 00:00:00,,
1292,FFT,GTW Valid 42S1,GTW Valid 42S1,,2004-01-26 00:00:00,2999-12-31 00:00:00,,
1293,FFV,Advance Single (1st Class),Advance Single (1st Class),,2022-09-22 00:00:00,2999-12-31 00:00:00,,
1294,FFW,FAW Day Return (1st Class),FAW Day Return 1st,,2020-07-22 00:00:00,2999-12-31 00:00:00,,
1295,FFX,Flexipass 10 Journey (1st Class),Flexipass 10 Jny (1st Class),,2024-09-17 00:00:00,2999-12-31 00:00:00,10,01M00D
1296,FFY,Group Single (1st Class),Group Single (1st Class),,2026-02-24 00:00:00,2999-12-31 00:00:00,2,00M01D
1297,FG3,Anytime Group 3,Anytime Group 3,,2017-05-31 00:00:00,2999-12-31 00:00:00,3,00M01D
1298,FG4,Anytime Group 4,Anytime Group 4,,2017-05-31 00:00:00,2999-12-31 00:00:00,4,00M01D
1299,FG5,Anytime Group 5,Anytime Group 5,,2017-05-31 00:00:00,2999-12-31 00:00:00,5,00M01D
1300,FG8,Family Plus,Family Plus,,2022-11-24 00:00:00,2999-12-31 00:00:00,2,00M01D
1301,FGA,SPEC 1st,SPEC 1st,,2023-09-22 00:00:00,2999-12-31 00:00:00,,
1302,FGB,SPEC 1st,SPEC 1st,,2023-09-22 00:00:00,2999-12-31 00:00:00,,
1303,FGC,SPECIAL GROUP 1ST C,SPECIAL GROUP 1ST C,,2019-11-27 00:00:00,2999-12-31 00:00:00,,
1304,FGD,SPECIAL GROUP 1ST D,SPECIAL GROUP 1ST D,,2019-12-14 00:00:00,2999-12-31 00:00:00,,
1305,FGR,Group Anytime Return (1st Class),Group Anytime Return 1st,,2017-05-28 00:00:00,2999-12-31 00:00:00,,
1306,FGS,Group Anytime Single (1st Class),Group Anytime Single 1st,,2017-05-28 00:00:00,2999-12-31 00:00:00,,
1307,FH8,Family Plus,Family Plus,,2022-11-24 00:00:00,2999-12-31 00:00:00,2,00M01D
1308,FHR,Anytime Short Distance Return (1st Class),Anytime Short Return 1st,,2017-06-13 00:00:00,2999-12-31 00:00:00,,
1309,FI8,Family Plus,Family Plus,,2022-11-24 00:00:00,2999-12-31 00:00:00,2,00M01D
1310,FIF,Scottish Sun and Times Offer,Scottish Sun and Times Offer,,2022-11-01 00:00:00,2999-12-31 00:00:00,,
1311,FL1,Flexi Season,Flexi Season,,2021-06-21 00:00:00,2999-12-31 00:00:00,,
1312,FL2,Flexi Season 12,Flexi Season 12,,2021-02-10 00:00:00,2999-12-31 00:00:00,,
1313,FL3,FLEXI-RESERVED,FLEXI-RESERVED,,2021-02-10 00:00:00,2999-12-31 00:00:00,,
1314,FL4,FLEXI-RESERVED,FLEXI-RESERVED,,2021-02-10 00:00:00,2999-12-31 00:00:00,,
1315,FL5,FLEXI-RESERVED,FLEXI-RESERVED,,2021-02-10 00:00:00,2999-12-31 00:00:00,,
1316,FL6,FLEXI-RESERVED,FLEXI-RESERVED,,2021-02-10 00:00:00,2999-12-31 00:00:00,,
1317,FM1,FLEXI-RESERVED,FLEXI-RESERVED,,2021-02-10 00:00:00,2999-12-31 00:00:00,,
1318,FM2,FLEXI-RESERVED,FLEXI-RESERVED,,2021-09-28 00:00:00,2999-12-31 00:00:00,,
1319,FM3,FLEXI-RESERVED,FLEXI-RESERVED,,2021-02-10 00:00:00,2999-12-31 00:00:00,,
1320,FM4,FLEXI-RESERVED,FLEXI-RESERVED,,2021-02-10 00:00:00,2999-12-31 00:00:00,,
1321,FM5,FLEXI-RESERVED,FLEXI-RESERVED,,2021-02-10 00:00:00,2999-12-31 00:00:00,,
1322,FM6,FLEXI-RESERVED,FLEXI-RESERVED,,2021-02-10 00:00:00,2999-12-31 00:00:00,,
1323,FMA,LNER Family Single (1 Adult 1 Child),LNER Family Single (1 Adult 1 Child),,2023-05-23 00:00:00,2026-07-04 00:00:00,,
1324,FMB,LNER Family Single (1 Adult 2 Children),LNER Family Single (1 Adult 2 Children),,2023-05-23 00:00:00,2026-07-04 00:00:00,,
1325,FMC,LNER Family Single (1 Adult 3 Children),LNER Family Single (1 Adult 3 Children),,2023-05-23 00:00:00,2026-07-04 00:00:00,,
1326,FMD,LNER Family Single (1 Adult 4 Children),LNER Family Single (1 Adult 4 Children),,2023-05-23 00:00:00,2026-07-04 00:00:00,,
1327,FME,LNER Family Single (2 Adults 1 Child),LNER Family Single (2 Adults 1 Child),,2023-05-23 00:00:00,2026-07-04 00:00:00,2,00M01D
1328,FMF,LNER Family Single (2 Adults 2 Children),LNER Family Single (2 Adults 2 Children),,2023-05-23 00:00:00,2026-07-04 00:00:00,2,00M01D
1329,FMG,LNER Family Single (2 Adults 3 Children),LNER Family Single (2 Adults 3 Children),,2023-05-23 00:00:00,2026-07-04 00:00:00,2,00M01D
1330,FMH,LNER Family Single (2 Adults 4 Children),LNER Family Single (2 Adults 4 Children),,2023-05-23 00:00:00,2026-07-04 00:00:00,2,00M01D
1331,FMM,Travelmaster 28 Days (1st Class),Travelmaster 28 Days 1st,,2016-01-18 00:00:00,2999-12-31 00:00:00,,
1332,FMR,Falmouth 150 Return,Falmouth 150 Return,,2013-07-25 00:00:00,2999-12-31 00:00:00,,
1333,FMS,Falmouth 150 Single,Falmouth 150 Single,,2013-07-25 00:00:00,2999-12-31 00:00:00,,
1334,FMW,Travelmaster 7 Days (1st Class),Travelmaster 7 Days 1st,,2016-01-18 00:00:00,2999-12-31 00:00:00,,
1335,FNW,Duo,Duo,,2020-04-23 00:00:00,2999-12-31 00:00:00,2,00M01D
1336,FOR,Anytime Return (1st Class),Anytime Return 1st,,2017-05-23 00:00:00,2999-12-31 00:00:00,,
1337,FOS,Anytime Single (1st Class),Anytime Single 1st,,2017-05-23 00:00:00,2999-12-31 00:00:00,,
1338,FP1,Flexipass 10 Journey (1st Class),Flexipass 10 Jny (1st Class),,2020-10-15 00:00:00,2999-12-31 00:00:00,1,01M00D
1339,FP2,Flexipass 10 Journey (Standard),Flexipass 10 Jny (Standard),,2020-10-15 00:00:00,2999-12-31 00:00:00,1,01M00D
1340,FP7,Family Plus Standard Premium,Family Plus Standard Premium,,2022-07-27 00:00:00,2999-12-31 00:00:00,,
1341,FPL,LNER Group Single (1st Class),LNER Group Single (1st Class),,2018-06-18 00:00:00,2999-12-31 00:00:00,,
1342,FPP,First + Parking,First + Parking,,2017-06-01 00:00:00,2999-12-31 00:00:00,,
1343,FPR,Hay Festival Family,Hay Festival Family,,2015-05-08 00:00:00,2999-12-31 00:00:00,2,01M00D
1344,FPS,Family Premium Single,Family Premium Single,,2022-11-24 00:00:00,2999-12-31 00:00:00,2,00M01D
1345,FPT,Hay Festival Family,Hay Festival Family,,2015-05-07 00:00:00,2999-12-31 00:00:00,,
1346,FPW,Club Flexipass,Club Flexipass,,2022-10-18 00:00:00,2999-12-31 00:00:00,10,00M01D
1347,FPZ,Classic Flexipass,Classic Flexipass,,2022-10-18 00:00:00,2999-12-31 00:00:00,10,00M01D
1348,FQ7,Family Plus Standard Premium,Family Plus Standard Premium,,2022-11-24 00:00:00,2999-12-31 00:00:00,2,00M01D
1349,FR7,Family Plus Standard Premium,Family Plus Standard Premium,,2022-11-24 00:00:00,2999-12-31 00:00:00,2,00M01D
1350,FRW,Off-Peak Return (1st Class),Off-Peak Return (1st Class),,2020-01-02 00:00:00,2999-12-31 00:00:00,,
1351,FRX,Off-Peak Day Return (1st Class),Off-Peak Day Return 1st,,2020-06-11 00:00:00,2999-12-31 00:00:00,,
1352,FS7,Family Plus Standard Premium,Family Plus Standard Premium,,2022-11-24 00:00:00,2999-12-31 00:00:00,2,00M01D
1353,FSA,Super Off-Peak Day Single (1st Class),Super Off-Peak Day Single 1st,,2020-09-06 00:00:00,2999-12-31 00:00:00,,
1354,FSB,Super Off-Peak Day Return (1st Class),Super Off-Peak Day Return 1,,2020-09-06 00:00:00,2999-12-31 00:00:00,,
1355,FSC,Super Off-Peak Day Travelcard (1st Class),Super Off-Peak Day Travelcard 1st,,2020-09-06 00:00:00,2999-12-31 00:00:00,,
1356,FSL,Flexipass 50 Journey (Standard),Flexipass 50 Jny (Standard),,2021-09-23 00:00:00,2999-12-31 00:00:00,,
1357,FSO,Off-Peak Day Return (1st Class),Off-Peak Day Return 1st,,2021-05-30 00:00:00,2999-12-31 00:00:00,,
1358,FSP,Firstgroup Staff Promotion,Firstgroup Staff Promotion,,2012-04-17 00:00:00,2999-12-31 00:00:00,,
1359,FSR,Off-Peak Return (1st Class),Off-Peak Return 1st,,2018-10-17 00:00:00,2999-12-31 00:00:00,,
1360,FSS,Off-Peak Single (1st Class),Off-Peak Single 1st,,2017-05-23 00:00:00,2999-12-31 00:00:00,,
1361,FST,Football ST,Football ST,,2017-05-25 00:00:00,2999-12-31 00:00:00,,
1362,FSX,Off-Peak Single (1st Class),Off-Peak Single 1st,,2020-06-11 00:00:00,2999-12-31 00:00:00,,
1363,FTA,GWT Valid for 2R,GWT Valid for 2R,,2015-10-20 00:00:00,2999-12-31 00:00:00,,
1364,FTB,GWT Valid For 3R,GWT Valid For 3R,,2015-10-20 00:00:00,2999-12-31 00:00:00,,
1365,FTC,Off-Peak Family Travelcard,Off-Peak Family Travelcard,,2020-07-09 00:00:00,2999-12-31 00:00:00,,
1366,FTD,GTW Valid for 4R,GTW Valid for 4R,,2015-10-20 00:00:00,2999-12-31 00:00:00,,
1367,FTF,GWT valid for 3S,GWT valid for 3S,,2015-10-20 00:00:00,2999-12-31 00:00:00,,
1368,FTP,Off-Peak Day Travelcard PLUS (1st Class),Off-Peak Day Trvlcrd Plus 1st,,2018-05-20 00:00:00,2999-12-31 00:00:00,,
1369,FTR,Web Off-Peak Day Travelcard 1st,Web Off-Peak Day Travelcard 1st,,2018-05-20 00:00:00,2999-12-31 00:00:00,,
1370,FTS,FCC TfL Priv,FCC TfL Priv,,2009-08-08 00:00:00,2999-12-31 00:00:00,,
1371,FTT,GWT Valid for 2S,GWT Valid for 2S,,2015-10-20 00:00:00,2999-12-31 00:00:00,,
1372,FTX,Off-Peak Day Travelcard (1st Class),Off-Peak Day Travelcard 1st,,2018-05-20 00:00:00,2999-12-31 00:00:00,,
1373,FUS,Rail Staff Travel Single (1st Class),Rail Staff Travel Single 1st,,2022-04-28 00:00:00,2999-12-31 00:00:00,,
1374,FWE,GWR Weekend Explorer,GWR Weekend Explorer,,2012-04-17 00:00:00,2999-12-31 00:00:00,,
1375,FWF,GWR Weekend Upgrade,GWR Weekend Upgrade,,2018-01-02 00:00:00,2999-12-31 00:00:00,,
1376,FWK,1ST Long Weekender,1ST Long Weekender,,2022-12-10 00:00:00,2999-12-31 00:00:00,,
1377,FXC,Family Cracker,Family Cracker,,2009-09-23 00:00:00,2999-12-31 00:00:00,2,00M01D
1378,FZI,SCILLY BUS,SCILLY BUS,,2025-07-18 00:00:00,2999-12-31 00:00:00,,
1379,FZL,Scilly Island Long Stay,Scilly Island Long Stay,,2017-06-03 00:00:00,2999-12-31 00:00:00,,
1380,FZM,SCILLY FERRY,SCILLY FERRY,,2025-07-18 00:00:00,2999-12-31 00:00:00,,
1381,FZN,SCILLY FLY+BUS,SCILLY FLY+BUS,,2025-07-24 00:00:00,2999-12-31 00:00:00,,
1382,FZO,SCILLY FLY,SCILLY FLY,,2025-07-18 00:00:00,2999-12-31 00:00:00,,
1383,FZP,Sale First,Sale First,,2017-11-01 00:00:00,2999-12-31 00:00:00,,
1384,FZS,Scilly Island Short Stay,Scilly Island Short Stay,,2017-06-03 00:00:00,2999-12-31 00:00:00,,
1385,G0X,Fixed Single,Fixed Single,,2026-02-05 00:00:00,2999-12-31 00:00:00,,
1386,G10,LNER Weekend First Supplement,LNER Weekend First Supplement,,2026-02-24 00:00:00,2999-12-31 00:00:00,,
1387,G15,LNER Seatfrog 1st Class Upgrade,LNER Seatfrog 1st Class Upgrade,,2026-02-09 00:00:00,2999-12-31 00:00:00,,
1388,G16,LNER Spotlight 1st Upgrade,LNER Spotlight 1st Upgrade,,2019-03-30 00:00:00,2999-12-31 00:00:00,,
1389,G1A,SPECIAL GROUP 1ST A,SPECIAL GROUP 1ST A,,2020-08-20 00:00:00,2999-12-31 00:00:00,,
1390,G1B,SPECIAL GROUP 1ST B,SPECIAL GROUP 1ST B,,2020-08-20 00:00:00,2999-12-31 00:00:00,,
1391,G1C,SPECIAL GROUP 1ST C,SPECIAL GROUP 1ST C,,2020-08-20 00:00:00,2999-12-31 00:00:00,,
1392,G1R,Off-Peak Return (1st Class),Off-Peak Return 1st,,2023-07-12 00:00:00,2999-12-31 00:00:00,,
1393,G1S,Off-Peak Single (1st Class),Off-Peak Single 1st,,2022-07-02 00:00:00,2999-12-31 00:00:00,,
1394,G1X,Fixed Single,Fixed Single,,2026-01-20 00:00:00,2999-12-31 00:00:00,,
1395,G1Y,Grand Central Promotion 1Y,Grand Central Promotion 1Y,,2020-09-25 00:00:00,2999-12-31 00:00:00,,
1396,G1Z,Granc Central Promotion 1Z,Granc Central Promotion 1Z,,2020-09-25 00:00:00,2999-12-31 00:00:00,,
1397,G2A,SPECIAL GROUP STD A,SPECIAL GROUP STD A,,2020-08-20 00:00:00,2999-12-31 00:00:00,,
1398,G2B,SPECIAL GROUP STD B,SPECIAL GROUP STD B,,2020-08-20 00:00:00,2999-12-31 00:00:00,,
1399,G2F,Gatwick Flyaway Two,Gatwick Flyaway Two,,2025-08-14 00:00:00,2999-12-31 00:00:00,2,01M00D
1400,G2O,Off-Peak Single,Off-Peak Single,,2019-01-02 00:00:00,2999-12-31 00:00:00,,
1401,G2R,Off-Peak Return,Off-Peak Return,,2023-07-12 00:00:00,2999-12-31 00:00:00,,
1402,G2S,Off-Peak Single,Off-Peak Single,,2022-07-02 00:00:00,2999-12-31 00:00:00,,
1403,G2T,Web Duo Anytime Return,Web Duo Anytime Return,,2017-05-31 00:00:00,2999-12-31 00:00:00,2,00M05D
1404,G2X,Fixed Single,Fixed Single,,2026-01-20 00:00:00,2999-12-31 00:00:00,,
1405,G3F,Gatwick Flyaway Three,Gatwick Flyaway Three,,2025-08-14 00:00:00,2999-12-31 00:00:00,3,01M00D
1406,G3X,Fixed Single,Fixed Single,,2026-01-20 00:00:00,2999-12-31 00:00:00,,
1407,G4F,Gatwick Flyaway Four,Gatwick Flyaway Four,,2025-08-14 00:00:00,2999-12-31 00:00:00,4,01M00D
1408,G50,LNER OFFP1STSUP,LNER OFFP1STSUP,,2019-11-27 00:00:00,2999-12-31 00:00:00,,
1409,G60,LNER Peak 1st Class Upgrade,LNER Peak 1st Class Upgrade,,2026-02-04 00:00:00,2999-12-31 00:00:00,,
1410,GA1,GA Promotion Single,GA Promotion Single,,2017-11-21 00:00:00,2999-12-31 00:00:00,,
1411,GA2,Group Advance 02,Group Advance 02,,2017-05-31 00:00:00,2999-12-31 00:00:00,,
1412,GA3,GA Seatfrog Upgrade,GA Seatfrog Upgrade,,2024-04-17 00:00:00,2999-12-31 00:00:00,,
1413,GA4,GA Seatfrog Secret Fare,GA Seatfrog Secret Fare,,2025-04-25 00:00:00,2999-12-31 00:00:00,,
1414,GA5,Group Advance 05,Group Advance 05,,2017-05-31 00:00:00,2999-12-31 00:00:00,,
1415,GAR,PROMO DAY RETURN WEB,PROMO DAY RETURN WEB,,2020-03-07 00:00:00,2999-12-31 00:00:00,,
1416,GAS,PROMO DAY SINGLE WEB,PROMO DAY SINGLE WEB,,2020-03-07 00:00:00,2999-12-31 00:00:00,,
1417,GAT,Megabus Plus,Megabus Plus,,2015-10-20 00:00:00,2999-12-31 00:00:00,,
1418,GAU,Megatrain,Megatrain,,2020-05-20 00:00:00,2999-12-31 00:00:00,,
1419,GAX,Group Advance 10,Group Advance 10,,2017-05-31 00:00:00,2999-12-31 00:00:00,,
1420,GB1,Value 5 Pounds,Value 5 Pounds,,2024-01-03 00:00:00,2999-12-31 00:00:00,,
1421,GBR,PROMO DAY RETURN,PROMO DAY RETURN,,2020-03-07 00:00:00,2999-12-31 00:00:00,,
1422,GBS,PROMO DAY SINGLE,PROMO DAY SINGLE,,2020-03-07 00:00:00,2999-12-31 00:00:00,,
1423,GC0,Advance Single (1st Class),Advance Single (1st Class),,2020-02-13 00:00:00,2999-12-31 00:00:00,,
1424,GC3,Advance Single (1st Class),Advance Single 1st,,2025-07-24 00:00:00,2999-12-31 00:00:00,,
1425,GC4,Advance Single (1st Class),Advance Single 1st,,2017-06-02 00:00:00,2999-12-31 00:00:00,,
1426,GC5,Advance Single (1st Class),Advance Single 1st,,2017-06-02 00:00:00,2999-12-31 00:00:00,,
1427,GC6,Advance Single (1st Class),Advance Single 1st,,2017-06-02 00:00:00,2999-12-31 00:00:00,,
1428,GC7,Advance Single (1st Class),Advance Single 1st,,2017-06-02 00:00:00,2999-12-31 00:00:00,,
1429,GC8,Advance Single (1st Class),Advance Single 1st,,2017-06-02 00:00:00,2999-12-31 00:00:00,,
1430,GC9,Advance Single (1st Class),Advance Single (1st Class),,2019-12-13 00:00:00,2999-12-31 00:00:00,,
1431,GCA,Advance Single (1st Class),Advance Single 1st,,2017-06-02 00:00:00,2999-12-31 00:00:00,,
1432,GCB,Advance Single,Advance Single,,2017-06-02 00:00:00,2999-12-31 00:00:00,,
1433,GCD,Advance Single,Advance Single,,2017-06-02 00:00:00,2999-12-31 00:00:00,,
1434,GCE,Advance Single (1st Class),Advance Single 1st,,2013-05-17 00:00:00,2999-12-31 00:00:00,,
1435,GCF,Grand Central Family & Friends,Grand Central Family & Friends,,2011-02-23 00:00:00,2999-12-31 00:00:00,,
1436,GCG,Advance Single,Advance Single,,2017-06-02 00:00:00,2999-12-31 00:00:00,,
1437,GCH,Advance Single,Advance Single,,2012-04-17 00:00:00,2999-12-31 00:00:00,,
1438,GCI,Advance Single,Advance Single,,2012-04-17 00:00:00,2999-12-31 00:00:00,,
1439,GCJ,Advance Single,Advance Single,,2013-05-17 00:00:00,2999-12-31 00:00:00,,
1440,GCK,SEATFROG UPGRADE,SEATFROG UPGRADE,,2021-08-07 00:00:00,2999-12-31 00:00:00,,
1441,GCL,Granc Central Kids Go Free 2,Granc Central Kids Go Free 2,,2011-07-08 00:00:00,2999-12-31 00:00:00,2,00M01D
1442,GCP,Grand Central Promotion,Grand Central Promotion,,2017-06-02 00:00:00,2999-12-31 00:00:00,,
1443,GCQ,Advance Single,Advance Single,,2017-06-02 00:00:00,2999-12-31 00:00:00,,
1444,GCR,Advance Single,Advance Single,,2017-06-02 00:00:00,2999-12-31 00:00:00,,
1445,GCS,Advance Single,Advance Single,,2017-06-02 00:00:00,2999-12-31 00:00:00,,
1446,GCT,Advance Single,Advance Single,,2017-06-02 00:00:00,2999-12-31 00:00:00,,
1447,GCU,Advance Single,Advance Single,,2017-06-02 00:00:00,2999-12-31 00:00:00,,
1448,GCV,Advance Single,Advance Single,,2017-06-02 00:00:00,2999-12-31 00:00:00,,
1449,GCX,Grand Central Promotion X,Grand Central Promotion X,,2017-06-02 00:00:00,2999-12-31 00:00:00,,
1450,GCY,Grand Central Promo Y,Grand Central Promo Y,,2017-06-02 00:00:00,2999-12-31 00:00:00,,
1451,GCZ,Grand Central Promotion Z,Grand Central Promotion Z,,2020-09-25 00:00:00,2999-12-31 00:00:00,,
1452,GD0,Advance Single (1st Class),Advance Single (1st Class),,2022-01-07 00:00:00,2999-12-31 00:00:00,,
1453,GD1,Advance Single (1st Class),Advance Single 1st,,2018-09-20 00:00:00,2999-12-31 00:00:00,,
1454,GD2,Advance Single (1st Class),Advance Single 1st,,2018-09-20 00:00:00,2999-12-31 00:00:00,,
1455,GD3,7DAY 1ST PEAK SEASON,7DAY 1ST PEAK SEASON,,2019-02-22 00:00:00,2999-12-31 00:00:00,,
1456,GD4,7DAY 1ST OFFP SEASON,7DAY 1ST OFFP SEASON,,2019-01-02 00:00:00,2999-12-31 00:00:00,,
1457,GD5,Advance Single,Advance Single,,2019-11-30 00:00:00,2999-12-31 00:00:00,,
1458,GD6,Advance Single,Advance Single,,2025-07-24 00:00:00,2999-12-31 00:00:00,,
1459,GD7,Advance Single,Advance Single,,2019-11-30 00:00:00,2999-12-31 00:00:00,,
1460,GD8,Advance Single (1st Class),Advance Single (1st Class),,2019-11-30 00:00:00,2999-12-31 00:00:00,,
1461,GD9,GC Standard Sale,GC Standard Sale,,2023-02-07 00:00:00,2999-12-31 00:00:00,,
1462,GDA,Advance Single,Advance Single,,2025-07-24 00:00:00,2999-12-31 00:00:00,,
1463,GDB,Advance Single,Advance Single,,2018-09-20 00:00:00,2999-12-31 00:00:00,,
1464,GDC,7DAY STD PEAK SEASON,7DAY STD PEAK SEASON,,2019-02-22 00:00:00,2999-12-31 00:00:00,,
1465,GDD,7DAY STD OFFP SEASON,7DAY STD OFFP SEASON,,2019-01-02 00:00:00,2999-12-31 00:00:00,,
1466,GDM,Advance Single,Advance Single,,2023-10-28 00:00:00,2999-12-31 00:00:00,,
1467,GDN,Advance Single,Advance Single,,2023-10-28 00:00:00,2999-12-31 00:00:00,,
1468,GDO,Advance Single,Advance Single,,2023-10-28 00:00:00,2999-12-31 00:00:00,,
1469,GDP,Advance Single,Advance Single,,2023-10-28 00:00:00,2999-12-31 00:00:00,,
1470,GDQ,Advance Single,Advance Single,,2023-10-28 00:00:00,2999-12-31 00:00:00,,
1471,GDR,Super Off-Peak Day Return,Super Off-Peak Day Return,,2012-04-16 00:00:00,2999-12-31 00:00:00,,
1472,GDS,Super Off-Peak Day Single,Super Off-Peak Day Single,,2012-04-16 00:00:00,2999-12-31 00:00:00,,
1473,GDT,Advance Single (1st Class),Advance Single (1st Class),,2023-10-28 00:00:00,2999-12-31 00:00:00,,
1474,GDU,Advance Single (1st Class),Advance Single (1st Class),,2023-10-28 00:00:00,2999-12-31 00:00:00,,
1475,GDV,Advance Single (1st Class),Advance Single (1st Class),,2023-10-28 00:00:00,2999-12-31 00:00:00,,
1476,GDX,GC 1st Upgrade,GC 1st Upgrade,,2024-04-10 00:00:00,2999-12-31 00:00:00,,
1477,GE1,Off-Peak Day Return (1st Class),Off-Peak Day Return 1st,,2017-05-31 00:00:00,2999-12-31 00:00:00,,
1478,GE2,Greater Days - Family ticket,Greater Days - Family Ticket,,2019-02-19 00:00:00,2999-12-31 00:00:00,2,00M04D
1479,GE3,Greater Days - One Adult Ticket,Greater Days - One Adult Ticket,,2019-02-19 00:00:00,2999-12-31 00:00:00,,
1480,GE4,Greater Days - One Adult Two Child Ticket,Greater Days - One Adult Two Child,,2019-02-19 00:00:00,2999-12-31 00:00:00,,
1481,GE5,Greater Days - Accessibility Ticket,Greater Days - Accessibility Ticket,,2019-02-19 00:00:00,2999-12-31 00:00:00,,
1482,GEB,Advance Single,Advance Single,,2019-12-13 00:00:00,2999-12-31 00:00:00,,
1483,GEC,Advance Single,Advance Single,,2019-12-13 00:00:00,2999-12-31 00:00:00,,
1484,GED,Advance Single,Advance Single,,2024-02-03 00:00:00,2999-12-31 00:00:00,,
1485,GEE,Advance Single,Advance Single,,2025-07-24 00:00:00,2999-12-31 00:00:00,,
1486,GET,Advance Single,Advance Single,,2020-02-13 00:00:00,2999-12-31 00:00:00,,
1487,GEU,O2 1st Upgrade,O2 1st Upgrade,,2015-10-20 00:00:00,2999-12-31 00:00:00,,
1488,GEV,Advance Single,Advance Single,,2020-02-13 00:00:00,2999-12-31 00:00:00,,
1489,GF1,Gatwick Flyaway Child,Gatwick Flyaway Child,,2025-08-14 00:00:00,2999-12-31 00:00:00,,
1490,GF3,Group 3 Advance Single,Group 3 Advance Single,,2018-01-02 00:00:00,2999-12-31 00:00:00,3,00M01D
1491,GF4,Group 4 Advance Single,Group 4 Advance Single,,2018-01-02 00:00:00,2999-12-31 00:00:00,4,00M01D
1492,GF5,Group 5 Advance Single,Group 5 Advance Single,,2018-01-02 00:00:00,2999-12-31 00:00:00,5,00M01D
1493,GF7,7-Day Season,7-Day Season,,2017-05-26 00:00:00,2999-12-31 00:00:00,,
1494,GFA,SPEC Std,SPEC Std,,2023-09-23 00:00:00,2999-12-31 00:00:00,,
1495,GFB,SPEC Std Prem,SPEC Std Prem,,2023-09-22 00:00:00,2999-12-31 00:00:00,,
1496,GFC,SPEC Std Prem,SPEC Std Prem,,2023-09-22 00:00:00,2999-12-31 00:00:00,,
1497,GFD,Day Return,Anytime Day Return,,2017-05-26 00:00:00,2999-12-31 00:00:00,,
1498,GFF,GA Friends & Fam OP Rtn,GA Friends & Fam OP Rtn,,2022-11-30 00:00:00,2999-12-31 00:00:00,,
1499,GFR,Anytime Return (1st Class),Anytime Return 1st,,2008-09-10 00:00:00,2999-12-31 00:00:00,,
1500,GFS,Anytime Single (1st Class),Anytime Single 1st,,2023-12-14 00:00:00,2999-12-31 00:00:00,,
1501,GG8,Family Plus,Family Plus,,2022-12-13 00:00:00,2999-12-31 00:00:00,,
1502,GGW,Goodwood Races,Goodwood Races,,2011-05-11 00:00:00,2999-12-31 00:00:00,,
1503,GGX,Glorious Goodwood,Glorious Goodwood,,2011-05-11 00:00:00,2999-12-31 00:00:00,,
1504,GH8,Family Plus,Family Plus,,2022-12-13 00:00:00,2999-12-31 00:00:00,,
1505,GI8,Family Plus,Family Plus,,2022-12-13 00:00:00,2999-12-31 00:00:00,,
1506,GLR,Glastonbury Festival Single,Glastonbury Festival Single,,2011-05-24 00:00:00,2999-12-31 00:00:00,,
1507,GLS,Glastonbury Festival Return,Glastonbury Festival Return,,2011-05-24 00:00:00,2999-12-31 00:00:00,,
1508,GMM,TfM 1 Month Traincard ,TfM 1 Month Traincard ,,2017-05-31 00:00:00,2999-12-31 00:00:00,,
1509,GMW,TfM 7 Day Traincard,TfM 7 Day Traincard,,2017-05-31 00:00:00,2999-12-31 00:00:00,,
1510,GMY,TfM Annual Traincard,TfM Annual Traincard,,2017-05-31 00:00:00,2999-12-31 00:00:00,,
1511,GO3,EMR Group Off-Peak 3,EMR Group Off-Peak 3,,2019-08-18 00:00:00,2999-12-31 00:00:00,3,00M01D
1512,GO5,EMR Group Off-Peak 5,EMR Group Off-Peak 5,,2019-08-18 00:00:00,2999-12-31 00:00:00,5,00M01D
1513,GOR,Anytime Return,Anytime Return,,2025-06-24 00:00:00,2999-12-31 00:00:00,,
1514,GPA,ITX High 1st Class,ITX High 1st Class,,2014-03-26 00:00:00,2999-12-31 00:00:00,,
1515,GPB,ITX 1st Medium,ITX 1st Medium,,2014-03-26 00:00:00,2999-12-31 00:00:00,,
1516,GPC,ITX 1st Low,ITX 1st Low,,2014-03-26 00:00:00,2999-12-31 00:00:00,,
1517,GPD,ITX High Standard,ITX High Standard,,2014-03-26 00:00:00,2999-12-31 00:00:00,,
1518,GPE,ITX Std Medium,ITX Std Medium,,2014-03-26 00:00:00,2999-12-31 00:00:00,,
1519,GPF,ITX Std Low,ITX Std Low,,2014-03-26 00:00:00,2999-12-31 00:00:00,,
1520,GPG,ITX STD HIGH,ITX STD HIGH,,2019-03-06 00:00:00,2999-12-31 00:00:00,,
1521,GPH,ITX 1ST MEDIUM RT,ITX 1ST MEDIUM RT,,2020-02-26 00:00:00,2999-12-31 00:00:00,,
1522,GPI,ITX 1ST LOW RTN,ITX 1ST LOW RTN,,2022-02-11 00:00:00,2999-12-31 00:00:00,,
1523,GPJ,ITX STD LOW RT,ITX STD LOW RT,,2020-02-26 00:00:00,2999-12-31 00:00:00,,
1524,GPK,ITX STD MED RT,ITX STD MED RT,,2020-02-26 00:00:00,2999-12-31 00:00:00,,
1525,GPL,ITX 1ST HIGH RTN,ITX 1ST HIGH RTN,,2020-02-26 00:00:00,2999-12-31 00:00:00,,
1526,GPM,ITX STD HIGH RT,ITX STD HIGH RT,,2020-02-26 00:00:00,2999-12-31 00:00:00,,
1527,GPS,Small Group Single,Small Group Single,,2012-04-17 00:00:00,2999-12-31 00:00:00,,
1528,GQ7,Family Plus Standard Premium,Family Plus Standard Premium,,2022-12-13 00:00:00,2999-12-31 00:00:00,,
1529,GR3,Groupsave Day Return 3,Groupsave Day Return 3,,2017-06-01 00:00:00,2999-12-31 00:00:00,,
1530,GR4,Groupsave Day Return 4,Groupsave Day Return 4,,2017-06-01 00:00:00,2999-12-31 00:00:00,,
1531,GR5,Groupsave Day Return 5,Groupsave Day Return 5,,2017-06-01 00:00:00,2999-12-31 00:00:00,,
1532,GR7,Family Plus Standard Premium,Family Plus Standard Premium,,2022-12-13 00:00:00,2999-12-31 00:00:00,,
1533,GRE,Green Commuter Club Annual Season,Green Commuter Club Annual Season,,2020-03-13 00:00:00,2999-12-31 00:00:00,,
1534,GS7,Family Plus Standard Premium,Family Plus Standard Premium,,2022-12-13 00:00:00,2999-12-31 00:00:00,,
1535,GSH,Super Off-Peak Day Travelcard,Super Off-Peak Day Travelcard,,2020-01-31 00:00:00,2999-12-31 00:00:00,,
1536,GSK,Groupsave Child,Groupsave Child,,2017-06-01 00:00:00,2999-12-31 00:00:00,,
1537,GT3,EMR Group SOP3,EMR Group SOP3,,2019-08-18 00:00:00,2999-12-31 00:00:00,3,00M01D
1538,GT5,EMR Group SOP5,EMR Group SOP5,,2019-08-18 00:00:00,2999-12-31 00:00:00,5,00M01D
1539,GTR,Anytime Return,Anytime Return,,2023-07-12 00:00:00,2999-12-31 00:00:00,,
1540,GTS,Anytime Single,Anytime Single,,2023-07-12 00:00:00,2999-12-31 00:00:00,,
1541,GUR,Anytime Return (1st Class),Anytime Return 1st,,2023-07-12 00:00:00,2999-12-31 00:00:00,,
1542,GUS,Anytime Single (1st Class),Anytime Single 1st,,2023-07-12 00:00:00,2999-12-31 00:00:00,,
1543,GVR,Anglo-Scottish Off-Peak Return,Angloscot Off-Peak Return,,2014-10-01 00:00:00,2999-12-31 00:00:00,,
1544,GW4,Secret Fare,Secret Fare,,2025-07-09 00:00:00,2999-12-31 00:00:00,,
1545,GXO,1st Upgrade SOR,1st Upgrade SOR,,2018-12-18 00:00:00,2999-12-31 00:00:00,,
1546,GXR,CDGE 1 Upgrade,CDGE 1 Upgrade,,2012-04-17 00:00:00,2999-12-31 00:00:00,,
1547,GXS,1st Upgrade SOS,1st Upgrade SOS,,2023-05-26 00:00:00,2999-12-31 00:00:00,,
1548,GYA,Great Yorkshire Show Adult Admit,Great Yorkshire Show Adult Admit,,2017-02-22 00:00:00,2999-12-31 00:00:00,,
1549,GYF,Great Yorkshire Show Family Admit,Great Yorkshire Show Family Admit,,2017-02-17 00:00:00,2999-12-31 00:00:00,,
1550,H1F,Helicopter X 1,Helicopter X 1,,2017-06-03 00:00:00,2999-12-31 00:00:00,,
1551,HAB,Bus & Admission Concession,Bus & Admission Concession,,2015-10-20 00:00:00,2999-12-31 00:00:00,,
1552,HAC,Bus & Admission Only,Bus & Admission Only,,2012-04-10 00:00:00,2999-12-31 00:00:00,,
1553,HAD,Bus & Admission Concession,Bus & Admission Concession,,2012-04-10 00:00:00,2999-12-31 00:00:00,,
1554,HAE,Bus&Admission Toddler,Bus&Admission Toddler,,2012-04-10 00:00:00,2999-12-31 00:00:00,,
1555,HAF,Admission (Family),Admission (Family),,2010-03-25 00:00:00,2999-12-31 00:00:00,,
1556,HAG,Family Admit,Family Admit,,2017-02-27 00:00:00,2999-12-31 00:00:00,2,00M01D
1557,HB1,ANYTIME B2B SINGLE,ANYTIME B2B SINGLE,,2021-02-05 00:00:00,2999-12-31 00:00:00,,
1558,HB2,ANYTIME B2B RETURN,ANYTIME B2B RETURN,,2021-02-05 00:00:00,2999-12-31 00:00:00,,
1559,HB3,Fast Track Business 1st on Outward Leg,Fast Track Business 1st on Outward Leg,,2023-03-25 00:00:00,2999-12-31 00:00:00,,
1560,HB4,Fast Track Business 1st on Return Leg,Fast Track Business 1st on Return Leg,,2023-03-25 00:00:00,2999-12-31 00:00:00,,
1561,HCA,Admit 1 Film,Admit 1 Film,,2014-01-24 00:00:00,2999-12-31 00:00:00,,
1562,HCD,Admission Only Concession,Admission Only Concession,,2003-03-04 00:00:00,2999-12-31 00:00:00,,
1563,HCE,Admission Only Student,Admission Only Student,,2017-07-13 00:00:00,2999-12-31 00:00:00,,
1564,HCF,Admission Only,Admission Only,,2024-05-02 00:00:00,2999-12-31 00:00:00,,
1565,HCG,2 Day Fri & Sat,2 Day Fri & Sat,,2015-03-26 00:00:00,2999-12-31 00:00:00,,
1566,HCH,Admission Only (Senior),Admission Only (Senior),,2017-07-13 00:00:00,2999-12-31 00:00:00,,
1567,HCI,Bus & Admission (Youth),Bus & Admission (Youth),,2015-10-20 00:00:00,2999-12-31 00:00:00,,
1568,HCJ,Bus & Admission (Senior),Bus & Admission (Senior),,2015-10-20 00:00:00,2999-12-31 00:00:00,,
1569,HCK,2 Day Sat & Sun,2 Day Sat & Sun,,2015-03-26 00:00:00,2999-12-31 00:00:00,,
1570,HCL,Friday Preview,Friday Preview,,2010-03-24 00:00:00,2999-12-31 00:00:00,,
1571,HCM,3 Day Admission,3 Day Admission,,2010-06-23 00:00:00,2999-12-31 00:00:00,,
1572,HCN,2 Day Family Admit,2 Day Family Admit,,2010-03-24 00:00:00,2999-12-31 00:00:00,6,00M02D
1573,HCO,Lingfield Return Saturday,Lingfield Return Saturday,,2010-07-26 00:00:00,2999-12-31 00:00:00,,
1574,HCP,2 Day Admit Concession,2 Day Admit Concession,,2013-10-22 00:00:00,2999-12-31 00:00:00,,
1575,HCQ,2 Day Admission,2 Day Admission,,2010-03-19 00:00:00,2999-12-31 00:00:00,,
1576,HCR,2 Day Fri & Sun,2 Day Fri & Sun,,2015-03-26 00:00:00,2999-12-31 00:00:00,,
1577,HCU,Lingfield Races (Mon-Fri),Lingfield Races (Mon-Fri),,2011-05-24 00:00:00,2999-12-31 00:00:00,,
1578,HCV,Epsom Live,Epsom Live,,2011-06-28 00:00:00,2999-12-31 00:00:00,,
1579,HCW,1 Day Family Admit,1 Day Family Admit,,2015-03-09 00:00:00,2999-12-31 00:00:00,2,00M01D
1580,HCX,2 Day Family Admit,2 Day Family Admit,,2015-03-10 00:00:00,2999-12-31 00:00:00,2,00M02D
1581,HED,Off-Peak Promo Return,Off-Peak Promo Return,,2017-09-15 00:00:00,2999-12-31 00:00:00,,
1582,HEG,Heathrow Express Promotional Return,Heathrow Express Promotional Return,,2017-12-20 00:00:00,2999-12-31 00:00:00,,
1583,HEI,Highland Explorer Single,Highland Explorer Single,,2021-06-03 00:00:00,2999-12-31 00:00:00,,
1584,HEJ,Highland Explorer Return,Highland Explorer Return,,2021-06-03 00:00:00,2999-12-31 00:00:00,,
1585,HEK,HIGHLAND EXPLORER OFF PEAK RETURN,HIGHLAND EXPLORER OFF PEAK RETURN,,2021-09-18 00:00:00,2999-12-31 00:00:00,,
1586,HEL,HIGHLAND EXPLORER OFF PEAK DAY RETURN,HIGHLAND EXPLORER OFF PEAK DAY RETURN,,2021-09-18 00:00:00,2999-12-31 00:00:00,,
1587,HF2,Family 2 Return,Family 2 Return,,2019-09-02 00:00:00,2999-12-31 00:00:00,2,00M01D
1588,HF3,Family 3 Return,Family 3 Return,,2019-09-02 00:00:00,2999-12-31 00:00:00,2,00M01D
1589,HF4,Family 4 Return,Family 4 Return,,2019-09-02 00:00:00,2999-12-31 00:00:00,2,00M01D
1590,HG3,Groupsave 3 Single,Groupsave 3 Single,,2017-12-20 00:00:00,2999-12-31 00:00:00,3,00M01D
1591,HG4,Groupsave 4 Single,Groupsave 4 Single,,2017-12-20 00:00:00,2999-12-31 00:00:00,4,00M01D
1592,HG5,Groupsave 5 Single,Groupsave 5 Single,,2017-12-20 00:00:00,2999-12-31 00:00:00,5,00M01D
1593,HH1,FHT ITX 1st Class High,FHT ITX 1st Class High,,2014-05-13 00:00:00,2999-12-31 00:00:00,,
1594,HH2,FHT ITX Standard High,FHT ITX Standard High,,2014-05-13 00:00:00,2999-12-31 00:00:00,,
1595,HHH,NRS High WE 1st,NRS High WE 1st,,2020-07-10 00:00:00,2999-12-31 00:00:00,,
1596,HHP,Heathrow Porter S,Heathrow Porter S,,2019-10-09 00:00:00,2999-12-31 00:00:00,,
1597,HL1,FHT ITX 1st Class Low,FHT ITX 1st Class Low,,2014-05-13 00:00:00,2999-12-31 00:00:00,,
1598,HL2,FHT ITX Standard Low,FHT ITX Standard Low,,2014-05-13 00:00:00,2999-12-31 00:00:00,,
1599,HLC,Bus & Admittance Concession,Bus & Admittance Concession,,2017-05-31 00:00:00,2999-12-31 00:00:00,,
1600,HMC,"Bus & Admittance Family (1 Adult, 3 Children)",Bus & Admit Family  1A 3C,,2017-05-31 00:00:00,2999-12-31 00:00:00,,
1601,HNC,"Bus & Admittance Family (2 Adults, 2 Children",Bus & Admittance Family 2A 2C,,2017-05-31 00:00:00,2999-12-31 00:00:00,,
1602,HOR,Group Anytime Return,Group Anytime Return,,2017-05-28 00:00:00,2999-12-31 00:00:00,,
1603,HOS,Group Anytime Single,Group Anytime Single,,2017-05-28 00:00:00,2999-12-31 00:00:00,,
1604,HPA,HT Promo Advance Single,HT Promo Advance Single,,2012-04-17 00:00:00,2999-12-31 00:00:00,,
1605,HR3,Groupsave 3 Return,Groupsave 3 Return,,2017-12-20 00:00:00,2999-12-31 00:00:00,3,00M01D
1606,HR4,Groupsave 4 Return,Groupsave 4 Return,,2017-12-20 00:00:00,2999-12-31 00:00:00,4,00M01D
1607,HR5,Groupsave 5 Return,Groupsave 5 Return,,2017-12-20 00:00:00,2999-12-31 00:00:00,5,00M01D
1608,HRO,Promo Off-Peak Day Return,Promo Off-Peak Day Return,,2025-05-23 00:00:00,2999-12-31 00:00:00,,
1609,HS7,HS1 Free 7 Day,HS1 Free 7 Day,,2009-07-22 00:00:00,2999-12-31 00:00:00,,
1610,HSO,Promo Off-Peak Day Single,Promo Off-Peak Day Single,,2026-05-12 00:00:00,2999-12-31 00:00:00,,
1611,HT1,Advance Single (1st Class),Advance Single 1st,,2012-04-11 00:00:00,2999-12-31 00:00:00,,
1612,HT2,Advance Single,Advance Single,,2012-04-17 00:00:00,2999-12-31 00:00:00,,
1613,HT4,Advance Single,Advance Single,,2012-11-29 00:00:00,2999-12-31 00:00:00,,
1614,HTA,Advance Single,Advance Single,,2012-04-17 00:00:00,2999-12-31 00:00:00,,
1615,HTD,Hull Trains Duo,Hull Trains Duo,,2012-10-26 00:00:00,2999-12-31 00:00:00,2,00M01D
1616,HTS,Advance Single,Advance Single,,2012-04-17 00:00:00,2999-12-31 00:00:00,,
1617,HTT,Advance Single (1st Class),Advance Single 1st,,2012-11-29 00:00:00,2999-12-31 00:00:00,,
1618,HTW,Advance Single,Advance Single,,2025-12-06 00:00:00,2999-12-31 00:00:00,,
1619,HTX,Advance Single,Advance Single,,2025-12-06 00:00:00,2999-12-31 00:00:00,,
1620,HTY,Advance Single,Advance Single,,2025-09-27 00:00:00,2999-12-31 00:00:00,,
1621,HTZ,Advance Single,Advance Single,,2025-09-27 00:00:00,2999-12-31 00:00:00,,
1622,HU2,Hull Trains Family 2,Hull Trains Family 2,,2013-02-21 00:00:00,2999-12-31 00:00:00,2,00M01D
1623,HU3,Hull Trains Family 3,Hull Trains Family 3,,2013-02-21 00:00:00,2999-12-31 00:00:00,2,00M01D
1624,HU4,Hull Trains Family 4,Hull Trains Family 4,,2013-02-21 00:00:00,2999-12-31 00:00:00,2,00M01D
1625,HUA,HS1 Upgrade Single,HS1 Upgrade Single,,2018-04-27 00:00:00,2999-12-31 00:00:00,,
1626,HUB,HS1 Upgrade Anytime,HS1 Upgrade Anytime,,2018-04-27 00:00:00,2999-12-31 00:00:00,,
1627,HUC,HS1 Upgrade Off-Peak,HS1 Upgrade Off-Peak,,2018-04-27 00:00:00,2999-12-31 00:00:00,,
1628,HUD,High Speed Upgrade Super Off-Peak,High Speed Upgrade Super Off-Peak,,2018-04-27 00:00:00,2999-12-31 00:00:00,,
1629,HUG,Anytime 1st Upgrade,Anytime 1st Upgrade,,2017-11-10 00:00:00,2999-12-31 00:00:00,,
1630,HUR,Onboard Return Upgrade,Onboard Return Upgrade,,2024-05-30 00:00:00,2999-12-31 00:00:00,,
1631,HV0,Advance Discounted Single,Advance Discounted Single,,2024-09-04 00:00:00,2999-12-31 00:00:00,,
1632,HV1,Advance Discounted Single,Advance Discounted Single,,2024-09-04 00:00:00,2999-12-31 00:00:00,,
1633,HV2,Advance Discounted Single,Advance Discounted Single,,2024-09-04 00:00:00,2999-12-31 00:00:00,,
1634,HV3,Early Bird Discounted Single,Early Bird Discounted Single,,2023-03-24 00:00:00,2999-12-31 00:00:00,,
1635,HV4,Advance Discounted Single,Advance Discounted Single,,2024-09-04 00:00:00,2999-12-31 00:00:00,,
1636,HV5,Early Bird Discounted Single,Early Bird Discounted Single,,2023-03-24 00:00:00,2999-12-31 00:00:00,,
1637,HX1,Fully Flexible Single Standard,Fully Flexible Single Standard,,2023-03-24 00:00:00,2999-12-31 00:00:00,,
1638,HX2,Unaccompanied Child Single,Unaccompanied Child Single,,2017-09-15 00:00:00,2999-12-31 00:00:00,,
1639,HX3,TwoTogether,TwoTogether,,2023-07-27 00:00:00,2999-12-31 00:00:00,2,00M01D
1640,HX4,Anytime Return,Anytime Return,,2017-08-05 00:00:00,2999-12-31 00:00:00,,
1641,HX5,ThreeTogether,ThreeTogether,,2024-02-27 00:00:00,2999-12-31 00:00:00,3,00M01D
1642,HX7,Fully Flexible Single Standard,Fully Flexible Single Standard,,2023-03-24 00:00:00,2999-12-31 00:00:00,,
1643,HX8,Anytime Sameday 1st Return,Anytime Sameday 1st Return,,2024-10-02 00:00:00,2999-12-31 00:00:00,,
1644,HX9,Anytime Sameday Return,Anytime Sameday Return,,2024-09-20 00:00:00,2999-12-31 00:00:00,,
1645,HXX,TEST DO NOT BUY,TEST DO NOT BUY,,2018-06-06 00:00:00,2999-12-31 00:00:00,,
1646,HZ0,Fully Flexible Single Business First,Fully Flexible Single Business First,,2023-03-24 00:00:00,2999-12-31 00:00:00,,
1647,HZ1,Carnet 6,Carnet 6,,2023-04-04 00:00:00,2999-12-31 00:00:00,6,12M00D
1648,HZ2,Carnet 6 (1st Class),Carnet 6 (1st Class),,2018-02-16 00:00:00,2999-12-31 00:00:00,6,12M00D
1649,HZ3,Carnet 12,Carnet 12,,2023-04-04 00:00:00,2999-12-31 00:00:00,12,12M00D
1650,HZ4,Carnet 12 (1st Class),Carnet 12 (1st Class),,2018-02-16 00:00:00,2999-12-31 00:00:00,12,12M00D
1651,HZ6,Anytime Return (1st Class),Anytime Return 1st,,2019-04-11 00:00:00,2999-12-31 00:00:00,,
1652,I1A,Summer Sale First,Summer Sale First,,2023-05-25 00:00:00,2999-12-31 00:00:00,,
1653,I1B,Advance Single (1st Class),Advance Single 1st,,2017-06-03 00:00:00,2999-12-31 00:00:00,,
1654,I1C,Advance Single (1st Class),Advance Single 1st,,2017-06-03 00:00:00,2999-12-31 00:00:00,,
1655,I1D,Advance Single (1st Class),Advance Single 1st,,2017-06-03 00:00:00,2999-12-31 00:00:00,,
1656,I1E,Advance Single (1st Class),Advance Single 1st,,2017-06-03 00:00:00,2999-12-31 00:00:00,,
1657,I1F,Family & Friends (First),Family & Friends (First),,2019-08-06 00:00:00,2999-12-31 00:00:00,,
1658,I1G,Advance Single (1st Class),Advance Single 1st,,2017-06-03 00:00:00,2999-12-31 00:00:00,,
1659,I1H,Advance Single (1st Class) & breakfast,Advance Sgl 1st &Breakfast,,2017-06-03 00:00:00,2999-12-31 00:00:00,,
1660,I1I,Advance Single (1st Class),Advance Single 1st,,2017-06-03 00:00:00,2999-12-31 00:00:00,,
1661,IAB,Advance Single (1st Class),Advance Single 1st,,2017-06-03 00:00:00,2999-12-31 00:00:00,,
1662,IBB,Advance Single (1st Class),Advance Single 1st,,2017-06-03 00:00:00,2999-12-31 00:00:00,,
1663,ICB,Advance Single (1st Class),Advance Single 1st,,2017-06-03 00:00:00,2999-12-31 00:00:00,,
1664,IF1,Advance ITX (1st Class) Single (L),Advance ITX (1st Class) Single (L),,2023-02-21 00:00:00,2999-12-31 00:00:00,,
1665,IF3,Advance ITX (1st Class) Single (H),Advance ITX (1st Class) Single (H),,2023-02-21 00:00:00,2999-12-31 00:00:00,,
1666,IGR,SG Off Peak Day R,SG Off Peak Day R,,2025-04-15 00:00:00,2999-12-31 00:00:00,3,00M01D
1667,IGS,SG Off Peak Day S,SG Off Peak Day S,,2025-04-15 00:00:00,2999-12-31 00:00:00,3,00M01D
1668,ILF,DUMMY DO NOT USE,DUMMY DO NOT USE,,2021-05-28 00:00:00,2999-12-31 00:00:00,,
1669,IS0,Advance ITX Single,Advance ITX Single,,2023-02-21 00:00:00,2999-12-31 00:00:00,,
1670,IS1, Advance ITX Single (L), Advance ITX Single (L),,2023-02-21 00:00:00,2999-12-31 00:00:00,,
1671,IS3, Advance ITX Single (H), Advance ITX Single (H),,2023-02-21 00:00:00,2999-12-31 00:00:00,,
1672,ITI,ITISON Promo,ITISON Promo,,2019-10-25 00:00:00,2999-12-31 00:00:00,,
1673,ITT,ITISON Promo,ITISON Promo,,2019-11-06 00:00:00,2999-12-31 00:00:00,,
1674,JAS,Advance Promo Single,Advance Promo Single,,2021-09-08 00:00:00,2999-12-31 00:00:00,,
1675,JBS,Advance Single,Advance Single,,2017-06-03 00:00:00,2999-12-31 00:00:00,,
1676,JCS,Advance Single,Advance Single,,2017-06-03 00:00:00,2999-12-31 00:00:00,,
1677,JDS,Advance Single,Advance Single,,2017-06-03 00:00:00,2999-12-31 00:00:00,,
1678,JES,Advance Single,Advance Single,,2017-06-03 00:00:00,2999-12-31 00:00:00,,
1679,JFS,Advance Single,Advance Single,,2017-06-03 00:00:00,2999-12-31 00:00:00,,
1680,JGS,Advance Single,Advance Single,,2017-06-03 00:00:00,2999-12-31 00:00:00,,
1681,JHS,Advance Single,Advance Single,,2017-06-03 00:00:00,2999-12-31 00:00:00,,
1682,K09,Advance Single,Advance Single,,2023-02-10 00:00:00,2999-12-31 00:00:00,,
1683,K10,Advance,Advance,,2025-04-07 00:00:00,2999-12-31 00:00:00,,
1684,K11,Advance Single,Advance Single,,2026-02-13 00:00:00,2999-12-31 00:00:00,,
1685,K12,Advance Single,Advance Single,,2026-02-13 00:00:00,2999-12-31 00:00:00,,
1686,K13,Advance Single,Advance Single,,2026-02-13 00:00:00,2999-12-31 00:00:00,,
1687,K14,Advance Single,Advance Single,,2026-02-13 00:00:00,2999-12-31 00:00:00,,
1688,K4Q,Kids Flat Fare,Kids Flat Fare,,2021-03-01 00:00:00,2999-12-31 00:00:00,,
1689,K7D,SE COMP 7D,SE COMP 7D,,2024-03-01 00:00:00,2999-12-31 00:00:00,,
1690,KCR,SE Comp Day Return,SE Comp Day Return,,2024-03-01 00:00:00,2999-12-31 00:00:00,,
1691,KDP,SE COMP DAY PASS,SE COMP DAY PASS,,2024-03-01 00:00:00,2999-12-31 00:00:00,,
1692,KDS,SE Comp Day Single,SE Comp Day Single,,2024-03-01 00:00:00,2999-12-31 00:00:00,,
1693,KFQ,Child Flat Fare,Child Flat Fare,,2023-03-16 00:00:00,2999-12-31 00:00:00,,
1694,KOR,SE Comp Period Return,SE Comp Period Return,,2024-04-11 00:00:00,2999-12-31 00:00:00,,
1695,KS2,Std Scholar Season,Std Scholar Season,,2024-07-18 00:00:00,2999-12-31 00:00:00,,
1696,KS3,Std Scholar Season,Std Scholar Season,,2024-11-14 00:00:00,2999-12-31 00:00:00,,
1697,KSB,SE Comp Season Coupon,SE Comp Season Coupon,,2024-03-01 00:00:00,2999-12-31 00:00:00,,
1698,KSD,SE Comp Season Back Up Coupon,SE Comp Season Back Up Coupon,,2024-03-01 00:00:00,2999-12-31 00:00:00,,
1699,KSE,SE Comp Season Coupon,SE Comp Season Coupon,,2024-03-01 00:00:00,2999-12-31 00:00:00,,
1700,KSF,SE Comp Season Back Up Coupon,SE Comp Season Back Up Coupon,,2024-03-01 00:00:00,2999-12-31 00:00:00,,
1701,KSH,SE Comp Day Pass Coupon,SE Comp Day Pass Coupon,,2024-03-01 00:00:00,2999-12-31 00:00:00,,
1702,KSI,SE Comp Day Pass Back Up Coupon,SE Comp Day Pass Back Up Coupon,,2024-03-01 00:00:00,2999-12-31 00:00:00,,
1703,KSS,SE COMP OTW,SE COMP OTW,,2024-03-01 00:00:00,2999-12-31 00:00:00,,
1704,KWA,Kid with Adult,Kid with Adult,,2019-01-05 00:00:00,2999-12-31 00:00:00,,
1705,L09,Advance Single,Advance Single,,2023-02-10 00:00:00,2999-12-31 00:00:00,,
1706,L10,Advance,Advance,,2025-04-07 00:00:00,2999-12-31 00:00:00,,
1707,L11,Advance Single,Advance Single,,2026-02-13 00:00:00,2999-12-31 00:00:00,,
1708,L12,Advance Single,Advance Single,,2026-02-13 00:00:00,2999-12-31 00:00:00,,
1709,L13,Advance Single,Advance Single,,2026-02-13 00:00:00,2999-12-31 00:00:00,,
1710,L14,Advance Single,Advance Single,,2026-02-13 00:00:00,2999-12-31 00:00:00,,
1711,L1A,LUMOFIXED,LUMOFIXED,,2025-10-24 00:00:00,2999-12-31 00:00:00,,
1712,L1B,LUMOFIXED,LUMOFIXED,,2025-10-24 00:00:00,2999-12-31 00:00:00,,
1713,L1C,LUMOFIXED,LUMOFIXED,,2025-10-24 00:00:00,2999-12-31 00:00:00,,
1714,L1D,LUMOFIXED,LUMOFIXED,,2025-10-24 00:00:00,2999-12-31 00:00:00,,
1715,L1E,LUMOFIXED,LUMOFIXED,,2025-10-24 00:00:00,2999-12-31 00:00:00,,
1716,L1F,LUMOFIXED,LUMOFIXED,,2025-10-24 00:00:00,2999-12-31 00:00:00,,
1717,L1G,LUMOFIXED,LUMOFIXED,,2025-10-24 00:00:00,2999-12-31 00:00:00,,
1718,L1H,LUMOFIXED,LUMOFIXED,,2025-10-24 00:00:00,2999-12-31 00:00:00,,
1719,L1I,LUMOFIXED,LUMOFIXED,,2025-10-24 00:00:00,2999-12-31 00:00:00,,
1720,L1J,LUMOFIXED,LUMOFIXED,,2025-10-24 00:00:00,2999-12-31 00:00:00,,
1721,L1K,LUMOFIXED,LUMOFIXED,,2025-10-24 00:00:00,2999-12-31 00:00:00,,
1722,L1L,LUMOFIXED,LUMOFIXED,,2025-10-24 00:00:00,2999-12-31 00:00:00,,
1723,L1M,LUMOFIXED,LUMOFIXED,,2025-12-31 00:00:00,2999-12-31 00:00:00,,
1724,L1N,LUMOFIXED,LUMOFIXED,,2025-12-31 00:00:00,2999-12-31 00:00:00,,
1725,L1O,LUMOFIXED,LUMOFIXED,,2025-12-31 00:00:00,2999-12-31 00:00:00,,
1726,L1P,LUMOFIXED,LUMOFIXED,,2025-12-31 00:00:00,2999-12-31 00:00:00,,
1727,L1Q,LUMOFIXED,LUMOFIXED,,2025-12-31 00:00:00,2999-12-31 00:00:00,,
1728,L1R,Launch Return (1st Class),Launch Return (1st Class),,2017-06-04 00:00:00,2999-12-31 00:00:00,,
1729,L1S,LUMOFIXED,LUMOFIXED,,2025-12-31 00:00:00,2999-12-31 00:00:00,,
1730,L2R,Launch Return,Launch Return,,2017-06-04 00:00:00,2999-12-31 00:00:00,,
1731,L3A,LumoFlex (Standard Class),LumoFlex (Standard Class),,2023-07-05 00:00:00,2999-12-31 00:00:00,,
1732,L3B,LumoFlex (Standard Class),LumoFlex (Standard Class),,2023-07-05 00:00:00,2999-12-31 00:00:00,,
1733,L3C,LumoFlex (Standard Class),LumoFlex (Standard Class),,2023-07-05 00:00:00,2999-12-31 00:00:00,,
1734,L3D,LumoFlex (Standard Class),LumoFlex (Standard Class),,2023-07-05 00:00:00,2999-12-31 00:00:00,,
1735,L3E,LumoFlex,LumoFlex,,2023-07-05 00:00:00,2999-12-31 00:00:00,,
1736,L3F,LumoFlex (Standard Class),LumoFlex (Standard Class),,2023-07-05 00:00:00,2999-12-31 00:00:00,,
1737,L3G,LumoFlex (Standard Class),LumoFlex (Standard Class),,2023-07-05 00:00:00,2999-12-31 00:00:00,,
1738,L3H,LumoFlex (Standard Class),LumoFlex (Standard Class),,2023-07-05 00:00:00,2999-12-31 00:00:00,,
1739,L3I,LumoFlex,LumoFlex,,2023-07-05 00:00:00,2999-12-31 00:00:00,,
1740,L3J,LumoFlex,LumoFlex,,2023-07-05 00:00:00,2999-12-31 00:00:00,,
1741,L3K,LumoFlex,LumoFlex,,2023-07-05 00:00:00,2999-12-31 00:00:00,,
1742,L3L,LumoFlex,LumoFlex,,2023-07-05 00:00:00,2999-12-31 00:00:00,,
1743,L3M,LumoFlex,LumoFlex,,2023-07-05 00:00:00,2999-12-31 00:00:00,,
1744,L3N,LumoFlex,LumoFlex,,2023-07-05 00:00:00,2999-12-31 00:00:00,,
1745,L3O,LumoFlex,LumoFlex,,2023-07-05 00:00:00,2999-12-31 00:00:00,,
1746,L3P,LumoFlex,LumoFlex,,2023-07-05 00:00:00,2999-12-31 00:00:00,,
1747,L3Q,LumoFlex,LumoFlex,,2023-07-05 00:00:00,2999-12-31 00:00:00,,
1748,L3R,LumoFlex,LumoFlex,,2023-07-05 00:00:00,2999-12-31 00:00:00,,
1749,L3S,LumoFlex,LumoFlex,,2023-07-05 00:00:00,2999-12-31 00:00:00,,
1750,L3T,LumoFlex,LumoFlex,,2023-07-05 00:00:00,2999-12-31 00:00:00,,
1751,L3U,LumoFlex,LumoFlex,,2023-07-05 00:00:00,2999-12-31 00:00:00,,
1752,L3V,LumoFlex,LumoFlex,,2023-07-05 00:00:00,2999-12-31 00:00:00,,
1753,L3W,LumoFlex,LumoFlex,,2023-07-05 00:00:00,2999-12-31 00:00:00,,
1754,L3X,LumoFlex,LumoFlex,,2023-07-05 00:00:00,2999-12-31 00:00:00,,
1755,L3Y,LumoFlex,LumoFlex,,2023-08-09 00:00:00,2999-12-31 00:00:00,,
1756,L3Z,LumoFlex,LumoFlex,,2023-07-05 00:00:00,2999-12-31 00:00:00,,
1757,L4A,LumoFlex (Standard Class),LumoFlex (Standard Class),,2022-10-14 00:00:00,2999-12-31 00:00:00,,
1758,L4B,LumoFlex (Standard Class),LumoFlex (Standard Class),,2022-10-14 00:00:00,2999-12-31 00:00:00,,
1759,L4C,LumoFlex (Standard Class),LumoFlex (Standard Class),,2022-10-14 00:00:00,2999-12-31 00:00:00,,
1760,L4D,LumoFlex,LumoFlex,,2022-10-14 00:00:00,2999-12-31 00:00:00,,
1761,L4E,LumoFlex (Standard Class),LumoFlex (Standard Class),,2022-10-14 00:00:00,2999-12-31 00:00:00,,
1762,L4F,LumoFlex (Standard Class),LumoFlex (Standard Class),,2022-10-14 00:00:00,2999-12-31 00:00:00,,
1763,L4G,LumoFlex,LumoFlex,,2022-10-14 00:00:00,2999-12-31 00:00:00,,
1764,L4H,LumoFlex (Standard Class),LumoFlex (Standard Class),,2022-10-14 00:00:00,2999-12-31 00:00:00,,
1765,L4I,LumoFlex,LumoFlex,,2022-10-14 00:00:00,2999-12-31 00:00:00,,
1766,L4J,LumoFlex (Standard Class),LumoFlex (Standard Class),,2022-10-14 00:00:00,2999-12-31 00:00:00,,
1767,L4K,LumoFlex (Standard Class),LumoFlex (Standard Class),,2022-10-14 00:00:00,2999-12-31 00:00:00,,
1768,L4L,LumoFlex,LumoFlex,,2022-10-14 00:00:00,2999-12-31 00:00:00,,
1769,L4M,LumoFlex,LumoFlex,,2022-10-14 00:00:00,2999-12-31 00:00:00,,
1770,L4N,LumoFlex,LumoFlex,,2022-10-14 00:00:00,2999-12-31 00:00:00,,
1771,L4O,LumoFlex (Standard Class),LumoFlex (Standard Class),,2022-10-14 00:00:00,2999-12-31 00:00:00,,
1772,L4P,LumoFlex,LumoFlex,,2022-10-14 00:00:00,2999-12-31 00:00:00,,
1773,L4Q,LumoFlex (Standard Class),LumoFlex (Standard Class),,2022-10-14 00:00:00,2999-12-31 00:00:00,,
1774,L4R,LumoFlex,LumoFlex,,2022-10-14 00:00:00,2999-12-31 00:00:00,,
1775,L4S,LumoFlex (Standard Class),LumoFlex (Standard Class),,2022-10-14 00:00:00,2999-12-31 00:00:00,,
1776,L4T,LumoFlex,LumoFlex,,2022-10-14 00:00:00,2999-12-31 00:00:00,,
1777,L4U,LumoFlex (Standard Class),LumoFlex (Standard Class),,2022-10-14 00:00:00,2999-12-31 00:00:00,,
1778,L4V,LumoFlex (Standard Class),LumoFlex (Standard Class),,2022-10-14 00:00:00,2999-12-31 00:00:00,,
1779,L4W,LumoFlex,LumoFlex,,2022-10-14 00:00:00,2999-12-31 00:00:00,,
1780,L4X,LumoFlex (Standard Class),LumoFlex (Standard Class),,2022-10-14 00:00:00,2999-12-31 00:00:00,,
1781,L4Y,LumoFlex (Standard Class),LumoFlex (Standard Class),,2022-10-14 00:00:00,2999-12-31 00:00:00,,
1782,L4Z,LumoFlex (Standard Class),LumoFlex (Standard Class),,2022-10-14 00:00:00,2999-12-31 00:00:00,,
1783,L5A,LumoFlex,LumoFlex,,2022-10-14 00:00:00,2999-12-31 00:00:00,,
1784,L5B,LumoFlex (Standard Class),LumoFlex (Standard Class),,2022-10-14 00:00:00,2999-12-31 00:00:00,,
1785,L5C,LumoFlex (Standard Class),LumoFlex (Standard Class),,2022-10-14 00:00:00,2999-12-31 00:00:00,,
1786,L5D,LumoFlex,LumoFlex,,2022-10-14 00:00:00,2999-12-31 00:00:00,,
1787,L5E,LumoFlex (Standard Class),LumoFlex (Standard Class),,2022-10-14 00:00:00,2999-12-31 00:00:00,,
1788,L5F,LumoFlex,LumoFlex,,2022-10-14 00:00:00,2999-12-31 00:00:00,,
1789,L5G,LumoFlex,LumoFlex,,2022-10-14 00:00:00,2999-12-31 00:00:00,,
1790,L5H,LumoFlex (Standard Class),LumoFlex (Standard Class),,2022-10-14 00:00:00,2999-12-31 00:00:00,,
1791,L5I,LumoFlex,LumoFlex,,2022-10-14 00:00:00,2999-12-31 00:00:00,,
1792,L5J,LumoFlex,LumoFlex,,2022-10-14 00:00:00,2999-12-31 00:00:00,,
1793,L5K,LumoFlex,LumoFlex,,2022-10-14 00:00:00,2999-12-31 00:00:00,,
1794,L5L,LumoFlex,LumoFlex,,2022-10-14 00:00:00,2999-12-31 00:00:00,,
1795,L5M,LumoFlex,LumoFlex,,2022-10-14 00:00:00,2999-12-31 00:00:00,,
1796,L5N,LumoFlex (Standard Class),LumoFlex (Standard Class),,2022-10-14 00:00:00,2999-12-31 00:00:00,,
1797,L5S,LumoFlex,LumoFlex,,2022-10-14 00:00:00,2999-12-31 00:00:00,,
1798,L6A,Advance Single,Advance Single,,2021-09-01 00:00:00,2999-12-31 00:00:00,,
1799,L6B,Advance Single,Advance Single,,2021-09-01 00:00:00,2999-12-31 00:00:00,,
1800,L6C,Advance Single,Advance Single,,2021-09-01 00:00:00,2999-12-31 00:00:00,,
1801,L6D,Advance Single,Advance Single,,2021-09-01 00:00:00,2999-12-31 00:00:00,,
1802,L6E,Advance Single,Advance Single,,2021-09-01 00:00:00,2999-12-31 00:00:00,,
1803,L7A,LumoFixed,LumoFixed,,2021-09-07 00:00:00,2999-12-31 00:00:00,,
1804,L7B,LumoFixed,LumoFixed,,2023-03-05 00:00:00,2999-12-31 00:00:00,,
1805,L7C,LumoFixed,LumoFixed,,2023-03-05 00:00:00,2999-12-31 00:00:00,,
1806,L7D,LumoFixed,LumoFixed,,2023-03-05 00:00:00,2999-12-31 00:00:00,,
1807,L7E,LumoFixed,LumoFixed,,2023-03-05 00:00:00,2999-12-31 00:00:00,,
1808,L7F,LumoFixed,LumoFixed,,2023-03-05 00:00:00,2999-12-31 00:00:00,,
1809,L7G,LumoFixed,LumoFixed,,2023-03-05 00:00:00,2999-12-31 00:00:00,,
1810,L7H,LumoFixed,LumoFixed,,2023-03-05 00:00:00,2999-12-31 00:00:00,,
1811,L7I,LumoFixed,LumoFixed,,2024-06-02 00:00:00,2999-12-31 00:00:00,,
1812,L7J,LumoFixed,LumoFixed,,2024-06-02 00:00:00,2999-12-31 00:00:00,,
1813,L7K,LumoFixed,LumoFixed,,2024-06-02 00:00:00,2999-12-31 00:00:00,,
1814,L7L,LumoFixed,LumoFixed,,2024-06-02 00:00:00,2999-12-31 00:00:00,,
1815,L7M,LumoFixed,LumoFixed,,2024-06-02 00:00:00,2999-12-31 00:00:00,,
1816,L7N,LumoFixed,LumoFixed,,2024-06-02 00:00:00,2999-12-31 00:00:00,,
1817,L7O,LumoFixed,LumoFixed,,2024-06-02 00:00:00,2999-12-31 00:00:00,,
1818,L7P,LumoFixed,LumoFixed,,2024-06-02 00:00:00,2999-12-31 00:00:00,,
1819,L7Q,LumoFixed,LumoFixed,,2024-06-02 00:00:00,2999-12-31 00:00:00,,
1820,L7R,LumoFixed,LumoFixed,,2024-06-02 00:00:00,2999-12-31 00:00:00,,
1821,L7S,LumoFixed,LumoFixed,,2024-06-02 00:00:00,2999-12-31 00:00:00,,
1822,L7T,LumoFixed,LumoFixed,,2024-06-02 00:00:00,2999-12-31 00:00:00,,
1823,L7U,LumoFixed,LumoFixed,,2024-06-02 00:00:00,2999-12-31 00:00:00,,
1824,L7V,LumoFixed,LumoFixed,,2024-06-02 00:00:00,2999-12-31 00:00:00,,
1825,L7W,LumoFixed,LumoFixed,,2024-06-02 00:00:00,2999-12-31 00:00:00,,
1826,L7X,LumoFixed,LumoFixed,,2024-06-02 00:00:00,2999-12-31 00:00:00,,
1827,L7Y,LumoFixed,LumoFixed,,2024-06-02 00:00:00,2999-12-31 00:00:00,,
1828,L7Z,LumoFixed,LumoFixed,,2024-06-02 00:00:00,2999-12-31 00:00:00,,
1829,L8A,LumoFixed (Standard Class),LumoFixed (Standard Class),,2021-09-07 00:00:00,2999-12-31 00:00:00,,
1830,L8B,LumoFixed (Standard Class),LumoFixed (Standard Class),,2021-09-07 00:00:00,2999-12-31 00:00:00,,
1831,L8C,LumoFixed (Standard Class),LumoFixed (Standard Class),,2021-09-07 00:00:00,2999-12-31 00:00:00,,
1832,L8D,LumoFixed (Standard Class),LumoFixed (Standard Class),,2021-09-07 00:00:00,2999-12-31 00:00:00,,
1833,L8E,LumoFixed (Standard Class),LumoFixed (Standard Class),,2021-09-07 00:00:00,2999-12-31 00:00:00,,
1834,L8F,LumoFixed (Standard Class),LumoFixed (Standard Class),,2021-09-07 00:00:00,2999-12-31 00:00:00,,
1835,L8G,LumoFixed (Standard Class),LumoFixed (Standard Class),,2021-09-07 00:00:00,2999-12-31 00:00:00,,
1836,L8H,LumoFixed (Standard Class),LumoFixed (Standard Class),,2021-09-07 00:00:00,2999-12-31 00:00:00,,
1837,L8I,LumoFixed (Standard Class),LumoFixed (Standard Class),,2021-09-07 00:00:00,2999-12-31 00:00:00,,
1838,L8J,LumoFixed (Standard Class),LumoFixed (Standard Class),,2021-09-07 00:00:00,2999-12-31 00:00:00,,
1839,L8K,LumoFixed (Standard Class),LumoFixed (Standard Class),,2021-09-07 00:00:00,2999-12-31 00:00:00,,
1840,L8L,LumoFixed (Standard Class),LumoFixed (Standard Class),,2021-09-07 00:00:00,2999-12-31 00:00:00,,
1841,L8M,LumoFixed (Standard Class),LumoFixed (Standard Class),,2021-09-07 00:00:00,2999-12-31 00:00:00,,
1842,L8N,LumoFixed (Standard Class),LumoFixed (Standard Class),,2021-09-07 00:00:00,2999-12-31 00:00:00,,
1843,L8O,LumoFixed (Standard Class),LumoFixed (Standard Class),,2021-09-07 00:00:00,2999-12-31 00:00:00,,
1844,L8P,LumoFixed (Standard Class),LumoFixed (Standard Class),,2021-09-07 00:00:00,2999-12-31 00:00:00,,
1845,L8Q,LumoFixed (Standard Class),LumoFixed (Standard Class),,2021-09-07 00:00:00,2999-12-31 00:00:00,,
1846,L8R,LumoFixed (Standard Class),LumoFixed (Standard Class),,2021-09-07 00:00:00,2999-12-31 00:00:00,,
1847,L8S,LumoFixed (Standard Class),LumoFixed (Standard Class),,2021-09-07 00:00:00,2999-12-31 00:00:00,,
1848,L8T,LumoFixed (Standard Class),LumoFixed (Standard Class),,2021-09-07 00:00:00,2999-12-31 00:00:00,,
1849,L8U,LumoFixed (Standard Class),LumoFixed (Standard Class),,2021-09-07 00:00:00,2999-12-31 00:00:00,,
1850,L8V,LumoFixed (Standard Class),LumoFixed (Standard Class),,2021-09-07 00:00:00,2999-12-31 00:00:00,,
1851,L8W,LumoFixed (Standard Class),LumoFixed (Standard Class),,2021-09-07 00:00:00,2999-12-31 00:00:00,,
1852,L8X,LumoFixed (Standard Class),LumoFixed (Standard Class),,2021-09-07 00:00:00,2999-12-31 00:00:00,,
1853,L8Y,LumoFixed (Standard Class),LumoFixed (Standard Class),,2021-09-07 00:00:00,2999-12-31 00:00:00,,
1854,L8Z,LumoFixed (Standard Class),LumoFixed (Standard Class),,2021-09-07 00:00:00,2999-12-31 00:00:00,,
1855,L9A,LumoFixed (Standard Class),LumoFixed (Standard Class),,2021-09-07 00:00:00,2999-12-31 00:00:00,,
1856,L9B,LumoFixed (Standard Class),LumoFixed (Standard Class),,2021-09-07 00:00:00,2999-12-31 00:00:00,,
1857,L9C,LumoFixed (Standard Class),LumoFixed (Standard Class),,2021-09-07 00:00:00,2999-12-31 00:00:00,,
1858,L9D,LumoFixed (Standard Class),LumoFixed (Standard Class),,2021-09-07 00:00:00,2999-12-31 00:00:00,,
1859,L9E,LumoFixed (Standard Class),LumoFixed (Standard Class),,2021-09-07 00:00:00,2999-12-31 00:00:00,,
1860,L9F,LumoFixed (Standard Class),LumoFixed (Standard Class),,2021-09-07 00:00:00,2999-12-31 00:00:00,,
1861,L9G,LumoFixed (Standard Class),LumoFixed (Standard Class),,2021-09-07 00:00:00,2999-12-31 00:00:00,,
1862,L9H,LumoFixed (Standard Class),LumoFixed (Standard Class),,2021-09-07 00:00:00,2999-12-31 00:00:00,,
1863,L9I,LumoFixed (Standard Class),LumoFixed (Standard Class),,2021-09-07 00:00:00,2999-12-31 00:00:00,,
1864,L9J,LumoFixed (Standard Class),LumoFixed (Standard Class),,2021-09-07 00:00:00,2999-12-31 00:00:00,,
1865,L9K,LumoFixed (Standard Class),LumoFixed (Standard Class),,2021-09-07 00:00:00,2999-12-31 00:00:00,,
1866,L9L,LumoFixed (Standard Class),LumoFixed (Standard Class),,2021-09-07 00:00:00,2999-12-31 00:00:00,,
1867,L9M,LumoFixed (Standard Class),LumoFixed (Standard Class),,2021-09-07 00:00:00,2999-12-31 00:00:00,,
1868,L9N,LumoFixed (Standard Class),LumoFixed (Standard Class),,2021-09-07 00:00:00,2999-12-31 00:00:00,,
1869,L9O,LumoFixed (Standard Class),LumoFixed (Standard Class),,2021-09-07 00:00:00,2999-12-31 00:00:00,,
1870,L9P,LumoFixed (Standard Class),LumoFixed (Standard Class),,2021-09-07 00:00:00,2999-12-31 00:00:00,,
1871,L9Q,LumoFixed (Standard Class),LumoFixed (Standard Class),,2021-09-07 00:00:00,2999-12-31 00:00:00,,
1872,L9R,LumoFixed (Standard Class),LumoFixed (Standard Class),,2021-09-07 00:00:00,2999-12-31 00:00:00,,
1873,L9S,LumoFixed (Standard Class),LumoFixed (Standard Class),,2021-09-07 00:00:00,2999-12-31 00:00:00,,
1874,L9T,LumoFixed (Standard Class),LumoFixed (Standard Class),,2021-09-07 00:00:00,2999-12-31 00:00:00,,
1875,L9U,LumoFixed (Standard Class),LumoFixed (Standard Class),,2021-09-07 00:00:00,2999-12-31 00:00:00,,
1876,L9V,LumoFixed (Standard Class),LumoFixed (Standard Class),,2021-09-07 00:00:00,2999-12-31 00:00:00,,
1877,L9W,LumoFixed (Standard Class),LumoFixed (Standard Class),,2021-09-07 00:00:00,2999-12-31 00:00:00,,
1878,L9X,LumoFixed (Standard Class),LumoFixed (Standard Class),,2021-09-07 00:00:00,2999-12-31 00:00:00,,
1879,L9Y,LumoFixed (Standard Class),LumoFixed (Standard Class),,2021-09-07 00:00:00,2999-12-31 00:00:00,,
1880,L9Z,LumoFixed (Standard Class),LumoFixed (Standard Class),,2021-09-07 00:00:00,2999-12-31 00:00:00,,
1881,LAD,Luton Airport Duo Rtn,Luton Airport Duo Rtn,,2025-10-22 00:00:00,2999-12-31 00:00:00,2,00M01D
1882,LAR,Lumo Anytime Return,Lumo Anytime Return,,2025-03-19 00:00:00,2999-12-31 00:00:00,,
1883,LAS,Lumo Anytime Single,Lumo Anytime Single,,2025-03-19 00:00:00,2999-12-31 00:00:00,,
1884,LBT,London Bus Tour,London Bus Tour,,2017-06-11 00:00:00,2999-12-31 00:00:00,,
1885,LCF,Leeds Festival,Leeds Festival,,2017-06-01 00:00:00,2999-12-31 00:00:00,,
1886,LG2,AGA Group 1st Single,AGA Group 1st Single,,2016-10-15 00:00:00,2999-12-31 00:00:00,,
1887,LG3,AGA Group Standard Return,AGA Group Standard Return,,2016-10-15 00:00:00,2999-12-31 00:00:00,,
1888,LG4,AGA Group 1st Return,AGA Group 1st Return,,2016-10-15 00:00:00,2999-12-31 00:00:00,,
1889,LG5,AGA Group Standard Single,AGA Group Standard Single,,2016-10-15 00:00:00,2999-12-31 00:00:00,,
1890,LIF,Advance ITX (1st Class) Return,Advance ITX (1st Class) Return,,2023-02-21 00:00:00,2999-12-31 00:00:00,,
1891,LIS,Advance ITX Return,Advance ITX Return,,2023-02-21 00:00:00,2999-12-31 00:00:00,,
1892,LME,GE PM Peak Supplement,GE PM Peak Supplement,,2011-01-31 00:00:00,2999-12-31 00:00:00,,
1893,LN1,LNER COMP 1ST SGL,LNER COMP 1ST SGL,,2018-11-17 00:00:00,2999-12-31 00:00:00,,
1894,LN2,LNER COMP 1ST RTN,LNER COMP 1ST RTN,,2019-01-11 00:00:00,2999-12-31 00:00:00,,
1895,LN3,LNER COMP STD SGL,LNER COMP STD SGL,,2018-11-17 00:00:00,2999-12-31 00:00:00,,
1896,LN4,LNER COMP STD RTN,LNER COMP STD RTN,,2019-01-11 00:00:00,2999-12-31 00:00:00,,
1897,LNR,Light Night,Light Night,,2012-04-10 00:00:00,2999-12-31 00:00:00,,
1898,LRA,Anytime Return,Anytime Return,,2025-10-23 00:00:00,2999-12-31 00:00:00,,
1899,LRO,Off Peak Return,Off Peak Return,,2026-01-10 00:00:00,2999-12-31 00:00:00,,
1900,LSA,Anytime Single,Anytime Single,,2026-03-12 00:00:00,2999-12-31 00:00:00,,
1901,LSO,Off Peak Single,Off Peak Single,,2026-01-10 00:00:00,2999-12-31 00:00:00,,
1902,LSR,Low Saver Return (CIV),Low Saver Return (CIV),,2017-06-04 00:00:00,2999-12-31 00:00:00,,
1903,LWU,Hull Leisure Return,Hull Leisure Return,,2022-03-15 00:00:00,2999-12-31 00:00:00,,
1904,MAD,Northern Made My Day,Northern Made My Day,,2025-10-29 00:00:00,2999-12-31 00:00:00,,
1905,MAF,Advance Single (1st Class),Advance Single 1st,,2017-06-03 00:00:00,2999-12-31 00:00:00,,
1906,MAS,Advance Single,Advance Single,,2017-06-03 00:00:00,2999-12-31 00:00:00,,
1907,MAX,PAYG Max Fare Zone 1,PAYG Max Fare Zone 1,,2025-06-28 00:00:00,2999-12-31 00:00:00,,
1908,MBA,Staff Comp Upgrade,Staff Comp Ticket,,2021-09-02 00:00:00,2999-12-31 00:00:00,,
1909,MBB,First Food,First Food,,2017-06-01 00:00:00,2999-12-31 00:00:00,,
1910,MBC,EMT Breakfast C,EMT Breakfast C,,2017-06-01 00:00:00,2999-12-31 00:00:00,,
1911,MBD,Refreshments,Refreshments,,2017-06-01 00:00:00,2999-12-31 00:00:00,,
1912,MBF,Advance Single (1st Class),Advance Single 1st,,2017-06-03 00:00:00,2999-12-31 00:00:00,,
1913,MBS,Advance Single,Advance Single,,2017-06-03 00:00:00,2999-12-31 00:00:00,,
1914,MC1,WYCA T & B Day,WYCA T & B Day,,2020-12-22 00:00:00,2999-12-31 00:00:00,,
1915,MC2,WYCA T & B GRP Day,WYCA T & B GRP Day,,2020-12-22 00:00:00,2999-12-31 00:00:00,,
1916,MC3, WYCA T & B FAM Day, WYCA T & B FAM Day,,2020-12-22 00:00:00,2999-12-31 00:00:00,,
1917,MCA,Metrocard Annual,Metrocard Annual,,2008-11-26 00:00:00,2999-12-31 00:00:00,,
1918,MCD,Metrocard Day,Metrocard Day,,2020-12-16 00:00:00,2999-12-31 00:00:00,,
1919,MCF,Advance Single (1st Class),Advance Single 1st,,2017-06-03 00:00:00,2999-12-31 00:00:00,,
1920,MCM,Metrocard 1 Month,Metrocard 1 Month,,2008-11-26 00:00:00,2999-12-31 00:00:00,,
1921,MCQ,Metrocard 3 Months,Metrocard 3 Months,,2008-11-26 00:00:00,2999-12-31 00:00:00,,
1922,MCR,MERSEY CRACKER,MERSEY CRACKER,,2026-03-25 00:00:00,2999-12-31 00:00:00,,
1923,MCS,Advance Single,Advance Single,,2017-06-03 00:00:00,2999-12-31 00:00:00,,
1924,MCW,Metrocard 7 Day,Metrocard 7 Day,,2008-11-26 00:00:00,2999-12-31 00:00:00,,
1925,MDF,Advance Single (1st Class),Advance Single 1st,,2017-06-03 00:00:00,2999-12-31 00:00:00,,
1926,MDS,Advance Single,Advance Single,,2017-06-03 00:00:00,2999-12-31 00:00:00,,
1927,MEF,Advance Single (1st Class),Advance Single 1st,,2017-06-03 00:00:00,2999-12-31 00:00:00,,
1928,MES,Advance Single,Advance Single,,2017-06-03 00:00:00,2999-12-31 00:00:00,,
1929,MEV,ME SPECIAL,ME SPECIAL,,2024-12-05 00:00:00,2999-12-31 00:00:00,,
1930,MFB,Monthly (1st Class),Monthly 1st,,2017-06-09 00:00:00,2999-12-31 00:00:00,,
1931,MFF,Advance Single (1st Class),Advance Single 1st,,2017-06-03 00:00:00,2999-12-31 00:00:00,,
1932,MFS,Advance Single,Advance Single,,2017-06-03 00:00:00,2999-12-31 00:00:00,,
1933,MFX,Multiflex,Multiflex,,2018-10-04 00:00:00,2999-12-31 00:00:00,12,03M00D
1934,MGF,Advance Single (1st Class),Advance Single 1st,,2017-06-03 00:00:00,2999-12-31 00:00:00,,
1935,MGS,Advance Single,Advance Single,,2017-06-03 00:00:00,2999-12-31 00:00:00,,
1936,MHF,Advance Single (1st Class),Advance Single (1st Class),,2025-06-18 00:00:00,2999-12-31 00:00:00,,
1937,MHS,Advance Single,Advance Single,,2017-06-03 00:00:00,2999-12-31 00:00:00,,
1938,MIA,Advance Single,Advance Single,,2017-06-03 00:00:00,2999-12-31 00:00:00,,
1939,MIB,Advance Single,Advance Single,,2017-06-03 00:00:00,2999-12-31 00:00:00,,
1940,MIF,Advance Single (1st Class),Advance Single 1st,,2017-06-03 00:00:00,2999-12-31 00:00:00,,
1941,MIS,Advance Single,Advance Single,,2017-06-03 00:00:00,2999-12-31 00:00:00,,
1942,MJF,Advance Single (1st Class),Advance Single 1st,,2017-06-03 00:00:00,2999-12-31 00:00:00,,
1943,MJS,Advance Single,Advance Single,,2017-06-03 00:00:00,2999-12-31 00:00:00,,
1944,MKF,Advance Single (1st Class),Advance Single (1st Class),,2025-06-18 00:00:00,2999-12-31 00:00:00,,
1945,MKS,MKBS Single,MKBS Single,,2026-03-10 00:00:00,2999-12-31 00:00:00,,
1946,MLA,Metrolink 12 months,Metrolink 12 months,,2014-04-24 00:00:00,2999-12-31 00:00:00,,
1947,MLF,Advance Single (1st Class),Advance Single (1st Class),,2025-06-18 00:00:00,2999-12-31 00:00:00,,
1948,MLM,Metrolink 28 days,Metrolink 28 days,,2014-04-24 00:00:00,2999-12-31 00:00:00,,
1949,MLS,ADVANCE,ADVANCE,,2026-03-07 00:00:00,2999-12-31 00:00:00,,
1950,MLW,Metrolink 7 days,Metrolink 7 days,,2014-04-24 00:00:00,2999-12-31 00:00:00,,
1951,MM1,Moreton-in-Marsh Show Duo,Moreton-in-Marsh Show Duo,,2012-04-17 00:00:00,2999-12-31 00:00:00,,
1952,MM2,Moreton-in-Marsh Show Family,Moreton-in-Marsh Show Family,,2012-04-17 00:00:00,2999-12-31 00:00:00,,
1953,MMA,Anytime Day Return,Anytime Day Return,,2019-02-13 00:00:00,2999-12-31 00:00:00,12,03M00D
1954,MMB,Off-Peak Day Return,Off-Peak Day Return,,2019-02-13 00:00:00,2999-12-31 00:00:00,12,03M00D
1955,MMF,Advance Single (1st Class),Advance Single (1st Class),,2025-06-18 00:00:00,2999-12-31 00:00:00,,
1956,MMM,NRS Medium WE 1st,NRS Medium WE 1st,,2020-07-10 00:00:00,2999-12-31 00:00:00,,
1957,MMP,Multi-Flex,Multi-Flex,,2016-02-24 00:00:00,2999-12-31 00:00:00,36,03M00D
1958,MMQ,Multi-Flex 24,Multi-Flex 24,,2016-02-24 00:00:00,2999-12-31 00:00:00,24,03M00D
1959,MMR,Mobile Multiflex,Mobile Multiflex,,2014-11-18 00:00:00,2999-12-31 00:00:00,12,03M00D
1960,MMS,Advance Single,Advance Single,,2017-06-03 00:00:00,2999-12-31 00:00:00,,
1961,MOM,MERSEYRAIL ONLY MONT,MERSEYRAIL ONLY MONT,,2019-10-25 00:00:00,2999-12-31 00:00:00,,
1962,MOW,MERSEYRAIL ONLY WEEK,MERSEYRAIL ONLY WEEK,,2024-06-19 00:00:00,2999-12-31 00:00:00,,
1963,MOY,MERSEYRAIL ONLY ANNU,MERSEYRAIL ONLY ANNU,,2019-10-25 00:00:00,2999-12-31 00:00:00,,
1964,MRC,Flexi ticket 3,Flexi ticket 3,,2026-05-31 00:00:00,2999-12-31 00:00:00,3,00M07D
1965,MRM,Railpass Monthly,Railpass Monthly,,2017-05-31 00:00:00,2999-12-31 00:00:00,,
1966,MRT,Merthyr Rock,Merthyr Rock,,2011-08-22 00:00:00,2999-12-31 00:00:00,,
1967,MRW,Railpass Weekly,Railpass Weekly,,2017-05-31 00:00:00,2999-12-31 00:00:00,,
1968,MRY,Railpass Annual,Railpass Annual,,2017-05-31 00:00:00,2999-12-31 00:00:00,,
1969,MS1,Advance Single (First Class),Advance Single (First Class),,2019-03-15 00:00:00,2999-12-31 00:00:00,,
1970,MS2,Advance Single,Advance Single,,2019-03-15 00:00:00,2999-12-31 00:00:00,,
1971,MS3,Advance Single (1st Class),Advance Single (1st Class),,2020-12-04 00:00:00,2999-12-31 00:00:00,,
1972,MS4,Advance Single,Advance Single,,2020-12-04 00:00:00,2999-12-31 00:00:00,,
1973,MST,Merseyrail Sunday Promo Return,Merseyrail Sunday Promo Return,,2017-08-08 00:00:00,2999-12-31 00:00:00,,
1974,MSV,ME Day Saver,ME Day Saver,,2024-04-11 00:00:00,2999-12-31 00:00:00,,
1975,MSW,Day Saver 16-18,Day Saver 16-18,,2024-06-19 00:00:00,2999-12-31 00:00:00,,
1976,MTY,MT Trio Year Season,MT Trio Year Season,,2017-09-03 00:00:00,2999-12-31 00:00:00,,
1977,MXR,Airport Apex 2,Airport Apex 2,,2017-06-09 00:00:00,2999-12-31 00:00:00,2,00M01D
1978,N01,NORTHERN COMP SDS,NORTHERN COMP SDS,,2021-10-28 00:00:00,2999-12-31 00:00:00,,
1979,N02,NORTHERN COMP SDR,NORTHERN COMP SDR,,2021-10-28 00:00:00,2999-12-31 00:00:00,,
1980,N03,NORTHERN COMP SHR,NORTHERN COMP SHR,,2021-10-28 00:00:00,2999-12-31 00:00:00,,
1981,N04,NTH COMP DAY RANGER,NTH COMP DAY RANGER,,2021-10-28 00:00:00,2999-12-31 00:00:00,,
1982,N1W,Advance Single (1st Class),Advance Single(1st,,2018-11-28 00:00:00,2999-12-31 00:00:00,,
1983,N2W,Advance Single (1st Class),Advance Single 1st,,2018-11-28 00:00:00,2999-12-31 00:00:00,,
1984,N3W,Advance Single (1st Class),Advance Single 1st,,2018-11-28 00:00:00,2999-12-31 00:00:00,,
1985,N4W,Advance Single (1st Class),Advance Single 1st,,2018-11-28 00:00:00,2999-12-31 00:00:00,,
1986,NAA,Advance Single,Advance Single,,2023-10-27 00:00:00,2999-12-31 00:00:00,,
1987,NAF,FOR TEST USE ONLY,FOR TEST USE ONLY,,2026-03-26 00:00:00,2999-12-31 00:00:00,,
1988,NAP,FOR TEST USE ONLY,FOR TEST USE ONLY,,2026-03-26 00:00:00,2999-12-31 00:00:00,,
1989,NAU,Advance Single (1st Class),Advance Single (1st Class),,2022-10-19 00:00:00,2999-12-31 00:00:00,,
1990,NAY,Advance Single,Advance Single,,2023-10-24 00:00:00,2999-12-31 00:00:00,,
1991,NBA,Advance Single,Advance Single,,2023-10-27 00:00:00,2999-12-31 00:00:00,,
1992,NBR,Bus Day Rover,Bus Day Rover,,2021-09-21 00:00:00,2999-12-31 00:00:00,,
1993,NBU,Advance Single (1st Class),Advance Single (1st Class),,2022-10-19 00:00:00,2999-12-31 00:00:00,,
1994,NBY,Advance Single,Advance Single,,2023-10-24 00:00:00,2999-12-31 00:00:00,,
1995,NCA,Advance Single,Advance Single,,2023-10-27 00:00:00,2999-12-31 00:00:00,,
1996,NCH,CHILTERN FRIENDS & FAMILY,CHILTERN FRIENDS & FAMILY,,2026-01-01 00:00:00,2999-12-31 00:00:00,,
1997,NCU,Advance Single (1st Class),Advance Single (1st Class),,2022-10-19 00:00:00,2999-12-31 00:00:00,,
1998,NCY,Advance Single,Advance Single,,2023-10-24 00:00:00,2999-12-31 00:00:00,,
1999,ND1,NTR Direct Debit Month,NTR Direct Debit Month,,2017-05-31 00:00:00,2999-12-31 00:00:00,,
2000,ND2,NTR Direct Debit Month 1st Class,NTR Direct Debit Month 1st Class,,2017-05-31 00:00:00,2999-12-31 00:00:00,,
2001,ND3,NTR DD T Ex,NTR DD T Ex,,2017-05-31 00:00:00,2999-12-31 00:00:00,,
2002,ND4,Net DD Month,Net DD Month,,2017-05-31 00:00:00,2999-12-31 00:00:00,,
2003,ND5,Net DD T Ex,Net DD T Ex,,2017-05-31 00:00:00,2999-12-31 00:00:00,,
2004,ND6,Net DD Month 1,Net DD Month 1,,2017-05-31 00:00:00,2999-12-31 00:00:00,,
2005,ND7,Net Add DD TX,Net Add DD TX,,2017-05-31 00:00:00,2999-12-31 00:00:00,,
2006,ND8,Net Add DD M,Net Add DD M,,2017-05-31 00:00:00,2999-12-31 00:00:00,,
2007,ND9,NET STU 4 ADD DD MTH,NET STU 4 ADD DD MTH,,2019-06-21 00:00:00,2999-12-31 00:00:00,,
2008,NDA,Advance Single,Advance Single,,2023-10-27 00:00:00,2999-12-31 00:00:00,,
2009,NDM,NN pre 0930 DD,NN pre 0930 DD,,2017-06-24 00:00:00,2999-12-31 00:00:00,,
2010,NDN,NT Pre 0930 DD,NT Pre 0930 DD,,2017-06-24 00:00:00,2999-12-31 00:00:00,,
2011,NDU,Advance Single (1st Class),Advance Single (1st Class),,2023-10-27 00:00:00,2999-12-31 00:00:00,,
2012,NDY,Advance Single,Advance Single,,2023-10-24 00:00:00,2999-12-31 00:00:00,,
2013,NEA,Advance Single,Advance Single,,2023-10-27 00:00:00,2999-12-31 00:00:00,,
2014,NEU,Advance Single (1st Class),Advance Single (1st Class),,2023-10-27 00:00:00,2999-12-31 00:00:00,,
2015,NEY,Advance Single,Advance Single,,2023-10-24 00:00:00,2999-12-31 00:00:00,,
2016,NF1,Northern Family Single 1 adult 1 child,Northern Family Single 1 adult 1 child,,2023-03-15 00:00:00,2999-12-31 00:00:00,,
2017,NF2,Northern Family Single 1 adult 2 child,Northern Family Single 1 adult 2 child,,2023-03-15 00:00:00,2999-12-31 00:00:00,,
2018,NF3,Northern Family Single 1 adult 3 child,Northern Family Single 1 adult 3 child,,2023-03-15 00:00:00,2999-12-31 00:00:00,,
2019,NF4,Northern Family Single 1 adult 4 child,Northern Family Single 1 adult 4 child,,2023-03-15 00:00:00,2999-12-31 00:00:00,,
2020,NF5,Northern Family Single 2 adult 1 child,Northern Family Single 2 adult 1 child,,2023-03-15 00:00:00,2999-12-31 00:00:00,2,00M01D
2021,NF6,Northern Family Single 2 adult 2 child,Northern Family Single 2 adult 2 child,,2023-03-15 00:00:00,2999-12-31 00:00:00,2,00M01D
2022,NF7,Northern Family Single 2 adult 3 child,Northern Family Single 2 adult 3 child,,2023-05-17 00:00:00,2999-12-31 00:00:00,2,00M01D
2023,NF8,Northern Family Single 2 adult 4 child,Northern Family Single 2 adult 4 child,,2023-03-15 00:00:00,2999-12-31 00:00:00,2,00M01D
2024,NFA,Advance Single,Advance Single,,2019-05-09 00:00:00,2999-12-31 00:00:00,,
2025,NFB,Advance Flex Return,Advance Flex Return,,2026-03-19 00:00:00,2999-12-31 00:00:00,,
2026,NFC,Advance Flex Max,Advance Flex Max,,2026-03-21 00:00:00,2999-12-31 00:00:00,,
2029,NFP,Advance CLWB 60,Advance CLWB 60,,2025-06-13 00:00:00,2999-12-31 00:00:00,,
2030,NFR,Northern Family & Friends Day Ranger,Northern Family & Friends Day Ranger,,2021-03-30 00:00:00,2999-12-31 00:00:00,,
2031,NFS,FLEXIDAY SEASON,FLEXIDAY SEASON,,2020-08-26 00:00:00,2999-12-31 00:00:00,,
2032,NFT,Not valid for travel,Not valid for travel,,2007-02-09 00:00:00,2999-12-31 00:00:00,,
2033,NFU,Advance Single (1st Class),Advance Single (1st Class),,2022-10-29 00:00:00,2999-12-31 00:00:00,,
2034,NFY,Advance Single,Advance Single,,2023-10-24 00:00:00,2999-12-31 00:00:00,,
2035,NHA,Advance Single,Advance Single,,2023-10-24 00:00:00,2999-12-31 00:00:00,,
2036,NHU,Advance Single (1st Class),Advance Single (1st Class),,2023-10-24 00:00:00,2999-12-31 00:00:00,,
2037,NHY,Advance Single,Advance Single,,2023-10-24 00:00:00,2999-12-31 00:00:00,,
2038,NIA,Advance Single,Advance Single,,2023-10-24 00:00:00,2999-12-31 00:00:00,,
2039,NIU,Advance Single (1st Class),Advance Single (1st Class),,2023-10-24 00:00:00,2999-12-31 00:00:00,,
2040,NIY,Advance Single,Advance Single,,2023-10-24 00:00:00,2999-12-31 00:00:00,,
2041,NJA,Advance Single,Advance Single,,2024-04-06 00:00:00,2999-12-31 00:00:00,,
2042,NJU,Advance Single (1st Class),Advance Single (1st Class),,2024-04-06 00:00:00,2999-12-31 00:00:00,,
2043,NJY,Advance Single,Advance Single,,2024-04-06 00:00:00,2999-12-31 00:00:00,,
2044,NKA,Advance Single,Advance Single,,2024-04-06 00:00:00,2999-12-31 00:00:00,,
2045,NKU,Advance Single (1st Class),Advance Single (1st Class),,2024-04-06 00:00:00,2999-12-31 00:00:00,,
2046,NKY,Advance Single,Advance Single,,2024-04-06 00:00:00,2999-12-31 00:00:00,,
2047,NLA,Advance Single,Advance Single,,2024-04-06 00:00:00,2999-12-31 00:00:00,,
2048,NLU,Advance Single (1st Class),Advance Single (1st Class),,2024-04-06 00:00:00,2999-12-31 00:00:00,,
2049,NLY,Advance Single,Advance Single,,2024-04-06 00:00:00,2999-12-31 00:00:00,,
2050,NMA,Advance Single,Advance Single,,2024-04-06 00:00:00,2999-12-31 00:00:00,,
2051,NMU,Advance Single (1st Class),Advance Single (1st Class),,2024-04-06 00:00:00,2999-12-31 00:00:00,,
2052,NMY,Advance Single,Advance Single,,2024-04-06 00:00:00,2999-12-31 00:00:00,,
2053,NN1,nNetwork 1 day,nNetwork 1 day,,2017-06-27 00:00:00,2999-12-31 00:00:00,,
2054,NN2,Daytripper,Daytripper,,2017-06-27 00:00:00,2999-12-31 00:00:00,,
2055,NN3,Daytripper Family,Daytripper Family,,2017-06-27 00:00:00,2999-12-31 00:00:00,,
2056,NOF,FOR TEST USE ONLY,FOR TEST USE ONLY,,2025-04-03 00:00:00,2999-12-31 00:00:00,,
2057,NOP,FOR TEST USE ONLY,FOR TEST USE ONLY,,2025-04-03 00:00:00,2999-12-31 00:00:00,,
2058,NPA,Advance Standard Promo,Advance Standard Promo,,2023-03-04 00:00:00,2999-12-31 00:00:00,,
2059,NPD,Adv Duo Promo,Adv Duo Promo,,2025-09-09 00:00:00,2999-12-31 00:00:00,2,00M01D
2060,NPO,NORTHERN PARTNERS DAY RANGER,NORTHERN PARTNERS DAY RANGER,,2022-08-13 00:00:00,2999-12-31 00:00:00,,
2061,NPU,1st Class Advance Promo,1st Class Advance Promo,,2022-09-13 00:00:00,2999-12-31 00:00:00,,
2062,NPY,Advance Standard Promo,Advance Standard Promo,,2023-10-27 00:00:00,2999-12-31 00:00:00,,
2063,NR3,Premium Great Scot,Premium Great Scot,,2021-09-05 00:00:00,2999-12-31 00:00:00,,
2064,NR4,Premium Great Scot,Premium Great Scot,,2021-09-05 00:00:00,2999-12-31 00:00:00,,
2065,NR5,Great Scot,Great Scot,,2021-03-13 00:00:00,2999-12-31 00:00:00,,
2066,NR6,First Great Scot,First Great Scot,,2021-09-05 00:00:00,2999-12-31 00:00:00,,
2067,NR7,First Great Scot,First Great Scot,,2021-09-05 00:00:00,2999-12-31 00:00:00,,
2068,NR8,First Great Scot,First Great Scot,,2021-08-11 00:00:00,2999-12-31 00:00:00,,
2069,NRF,FOR TEST USE ONLY,FOR TEST USE ONLY,,2025-04-03 00:00:00,2999-12-31 00:00:00,,
2070,NRP,FOR TEST USE ONLY,FOR TEST USE ONLY,,2026-03-26 00:00:00,2999-12-31 00:00:00,,
2071,NS1,Southern 1st Supplement,Southern 1st Supplement,,2017-10-18 00:00:00,2999-12-31 00:00:00,,
2072,NSF,Seatfrog Swap,Seatfrog Swap,,2022-09-07 00:00:00,2999-12-31 00:00:00,,
2073,NSL,NORTHERN SUPER LEAGUE DAY RANGER,NORTHERN SUPER LEAGUE DAY RANGER,,2022-08-13 00:00:00,2999-12-31 00:00:00,,
2074,NT3,Ntrain 3 Month,Ntrain 3 Month,,2017-06-24 00:00:00,2999-12-31 00:00:00,,
2075,NVR,Overnight Return,Overnight Return,,2018-09-06 00:00:00,2999-12-31 00:00:00,,
2076,NW0,Advance Single,Advance Single,,2018-04-18 00:00:00,2999-12-31 00:00:00,,
2077,NW1,Rail Sale Advance Single,Rail Sale Advance Single,,2022-04-12 00:00:00,2999-12-31 00:00:00,,
2078,NW2,Advance Single,Advance Single,,2018-04-18 00:00:00,2999-12-31 00:00:00,,
2079,NW3,Advance Single,Advance Single,,2018-04-18 00:00:00,2999-12-31 00:00:00,,
2080,NW4,Advance Single,Advance Single,,2018-04-18 00:00:00,2999-12-31 00:00:00,,
2081,NW5,Advance Single,Advance Single,,2018-04-18 00:00:00,2999-12-31 00:00:00,,
2082,NW6,Advance Single,Advance Single,,2018-04-18 00:00:00,2999-12-31 00:00:00,,
2083,NW8,Advance Single,Advance Single,,2018-04-18 00:00:00,2999-12-31 00:00:00,,
2084,NW9,Advance Single,Advance Single,,2018-04-18 00:00:00,2999-12-31 00:00:00,,
2085,NWA,WEEKENDER,WEEKENDER,,2020-04-29 00:00:00,2999-12-31 00:00:00,,
2086,NWB,WEEKENDER,WEEKENDER,,2020-04-29 00:00:00,2999-12-31 00:00:00,,
2087,NWM,NWM Concession Admit,NWM Concession Admit,,2017-06-27 00:00:00,2999-12-31 00:00:00,,
2088,NX1,Advance Single (1st Class),Advance Single 1st,,2012-03-19 00:00:00,2999-12-31 00:00:00,,
2089,NX2,GA Promo - Hare Fare,GA Promo - Hare Fare,,2022-10-18 00:00:00,2999-12-31 00:00:00,,
2090,NX3,Advance Promo Single,Advance Promo Single,,2025-08-29 00:00:00,2999-12-31 00:00:00,,
2091,NXO,LNER FLATFARE 1,LNER Flat Fare Single 1st,,2018-06-18 00:00:00,2999-12-31 00:00:00,,
2092,NXP,LNER FLAT FARE,LNER Flat Fare Single,,2020-02-08 00:00:00,2999-12-31 00:00:00,,
2093,O1F,Advance Single (1st Class),Advance Single (1st Class),,2020-01-16 00:00:00,2999-12-31 00:00:00,,
2094,O1S,Advance Single,Advance Single,,2020-01-16 00:00:00,2999-12-31 00:00:00,,
2095,O2C,O2 Carnet,O2 Carnet,,2015-10-20 00:00:00,2999-12-31 00:00:00,,
2096,O2F,Advance Single (1st Class),Advance Single (1st Class),,2020-01-16 00:00:00,2999-12-31 00:00:00,,
2097,O2R,O2 2for1 Return (1st Class),O2 2for1 Return (1st Class),,2011-07-22 00:00:00,2999-12-31 00:00:00,,
2098,O2S,Advance Single,Advance Single,,2020-01-16 00:00:00,2999-12-31 00:00:00,,
2099,O31,3 Off Peak Day S,3 Off Peak Day S,,2025-05-28 00:00:00,2999-12-31 00:00:00,4,00M01D
2100,O32,3 Off Peak Day R,3 Off Peak Day R,,2025-05-28 00:00:00,2999-12-31 00:00:00,4,00M01D
2101,O3F,Advance Single (1st Class),Advance Single (1st Class),,2020-01-16 00:00:00,2999-12-31 00:00:00,,
2102,O3S,Advance Single,Advance Single,,2020-01-16 00:00:00,2999-12-31 00:00:00,,
2103,O41,4 Off Peak Day S,4 Off Peak Day S,,2025-05-28 00:00:00,2999-12-31 00:00:00,4,00M01D
2104,O42,4 Off Peak Day R,4 Off Peak Day R,,2025-05-28 00:00:00,2999-12-31 00:00:00,4,00M01D
2105,O4F,Advance Single (1st Class),Advance Single (1st Class),,2020-01-16 00:00:00,2999-12-31 00:00:00,,
2106,O4S,Advance Single,Advance Single,,2020-01-16 00:00:00,2999-12-31 00:00:00,,
2107,O51,5 Off Peak Day S,5 Off Peak Day S,,2025-05-28 00:00:00,2999-12-31 00:00:00,4,00M01D
2108,O52,5 Off Peak Day R,5 Off Peak Day R,,2025-05-28 00:00:00,2999-12-31 00:00:00,4,00M01D
2109,O5F,Advance Single (1st Class),Advance Single (1st Class),,2026-05-19 00:00:00,2999-12-31 00:00:00,,
2110,O5S,Advance Single,Advance Single,,2026-05-19 00:00:00,2999-12-31 00:00:00,,
2111,OAS,Advance Single (1st Class),Advance Single 1st,,2023-05-10 00:00:00,2999-12-31 00:00:00,,
2112,OAT,Advance Single (1st Class),Advance Single (1st Class),,2023-05-10 00:00:00,2999-12-31 00:00:00,,
2113,OAU,Advance Single (1st Class),Advance Single (1st Class),,2023-05-10 00:00:00,2999-12-31 00:00:00,,
2114,OBS,Advance Single (1st Class),Advance Single 1st,,2024-03-08 00:00:00,2999-12-31 00:00:00,,
2115,OBT,Advance Single (1st Class),Advance Single (1st Class),,2023-05-10 00:00:00,2999-12-31 00:00:00,,
2116,OBU,Advance Single (1st Class),Advance Single (1st Class),,2023-05-10 00:00:00,2999-12-31 00:00:00,,
2117,OBZ,Advance Single (1st Class),Advance Single 1st,,2024-03-08 00:00:00,2999-12-31 00:00:00,,
2118,OCP,Advance Single (1st Class),Advance Single (1st Class),,2023-05-10 00:00:00,2999-12-31 00:00:00,,
2119,OCQ,Advance Single (1st Class),Advance Single (1st Class),,2023-05-10 00:00:00,2999-12-31 00:00:00,,
2120,OCS,Advance Single (1st Class),Advance Single 1st,,2017-06-02 00:00:00,2999-12-31 00:00:00,,
2121,OCU,Advance Single (1st Class),Advance Single (1st Class),,2023-05-10 00:00:00,2999-12-31 00:00:00,,
2122,OCV,Advance Single (1st Class),Advance Single (1st Class),,2023-05-10 00:00:00,2999-12-31 00:00:00,,
2123,OCZ,Advance Single (1st Class),Advance Single 1st,,2017-06-02 00:00:00,2999-12-31 00:00:00,,
2124,ODF,First Bus & Rail Card Family,First Bus & Rail Card Family,,2017-06-03 00:00:00,2999-12-31 00:00:00,2,00M01D
2125,ODP,Advance Single (1st Class),Advance Single (1st Class),,2023-05-10 00:00:00,2999-12-31 00:00:00,,
2126,ODQ,Advance Single (1st Class),Advance Single (1st Class),,2023-05-10 00:00:00,2999-12-31 00:00:00,,
2127,ODS,Advance Single (1st Class),Advance Single 1st,,2017-06-02 00:00:00,2999-12-31 00:00:00,,
2128,ODT,Off-Peak Day Travelcard,Off-Peak Day Travelcard,,2018-05-20 00:00:00,2999-12-31 00:00:00,,
2129,ODU,Advance Single (1st Class),Advance Single (1st Class),,2023-05-10 00:00:00,2999-12-31 00:00:00,,
2130,ODV,Advance Single (1st Class),Advance Single (1st Class),,2021-03-25 00:00:00,2999-12-31 00:00:00,,
2131,OES,Advance Single (1st Class),Advance Single 1st,,2017-06-02 00:00:00,2999-12-31 00:00:00,,
2132,OET,Advance Single (1st Class),Advance Single (1st Class),,2023-05-10 00:00:00,2999-12-31 00:00:00,,
2133,OEU,Advance Single (1st Class),Advance Single (1st Class),,2023-05-10 00:00:00,2999-12-31 00:00:00,,
2134,OF1,Advance Single (1st Class),Advance Single (1st Class),,2017-05-25 00:00:00,2999-12-31 00:00:00,,
2135,OF2,Advance Single (1st Class),Advance Single (1st Class),,2017-05-25 00:00:00,2999-12-31 00:00:00,,
2136,OF3,Advance Single (1st Class),Advance Single (1st Class),,2017-05-25 00:00:00,2999-12-31 00:00:00,,
2137,OF4,Advance Single (1st Class),Advance Single (1st Class),,2017-05-25 00:00:00,2999-12-31 00:00:00,,
2138,OF5,Advance Single (1st Class),Advance Single (1st Class),,2026-05-19 00:00:00,2999-12-31 00:00:00,,
2139,OF6,Advance Single (1st Class),Advance Single (1st Class),,2026-05-19 00:00:00,2999-12-31 00:00:00,,
2140,OFK,London Evening Out 1st,London Evening Out 1st,,2021-08-27 00:00:00,2999-12-31 00:00:00,,
2141,OFL,London Night Out 1st,London Night Out 1st,,2021-08-27 00:00:00,2999-12-31 00:00:00,,
2142,OFY,Advance Single (1st Class),Advance Single 1st,,2017-05-25 00:00:00,2999-12-31 00:00:00,,
2143,OFZ,Advance Single (1st Class),Advance Single 1st,,2017-05-25 00:00:00,2999-12-31 00:00:00,,
2144,OG1,Open Golf One Day,Open Golf One Day,,2020-01-17 00:00:00,2999-12-31 00:00:00,,
2145,OG2,Open Golf Two Days,Open Golf Two Days,,2020-04-08 00:00:00,2999-12-31 00:00:00,,
2146,OG3,Open Golf Three Days,Open Golf Three Days,,2019-10-25 00:00:00,2999-12-31 00:00:00,,
2147,OG4,Open Golf Four Days,Open Golf Four Days,,2019-10-25 00:00:00,2999-12-31 00:00:00,,
2148,OG8,Open Golf Eight Days,Open Golf Eight Days,,2019-10-25 00:00:00,2999-12-31 00:00:00,,
2149,OGS,Advance Single (1st Class),Advance Single 1st,,2017-06-02 00:00:00,2999-12-31 00:00:00,,
2150,OGT,Advance Single (1st Class),Advance Single (1st Class),,2023-05-10 00:00:00,2999-12-31 00:00:00,,
2151,OGU,Advance Single (1st Class),Advance Single (1st Class),,2021-03-25 00:00:00,2999-12-31 00:00:00,,
2152,OHS,Advance Single (1st Class),Advance Single 1st,,2024-03-08 00:00:00,2999-12-31 00:00:00,,
2153,OHT,Advance Single (1st Class),Advance Single (1st Class),,2023-05-10 00:00:00,2999-12-31 00:00:00,,
2154,OHU,Advance Single (1st Class),Advance Single (1st Class),,2021-03-25 00:00:00,2999-12-31 00:00:00,,
2155,OJS,Advance Single (1st Class),Advance Single 1st,,2024-03-08 00:00:00,2999-12-31 00:00:00,,
2156,OJT,Advance Single (1st Class),Advance Single 1st,,2024-03-08 00:00:00,2999-12-31 00:00:00,,
2157,OJU,Advance Single (1st Class),Advance Single (1st Class),,2021-03-25 00:00:00,2999-12-31 00:00:00,,
2158,OJV,Advance Single (1st Class),Advance Single (1st Class),,2021-03-25 00:00:00,2999-12-31 00:00:00,,
2159,OLD,Web Super Off-Peak Day Return,Web Super Off-Peak Day Return,,2017-05-31 00:00:00,2999-12-31 00:00:00,,
2160,OLT,Super Off-Peak Day Travelcard,Super Off-Peak Day Travelcard,,2018-05-20 00:00:00,2999-12-31 00:00:00,,
2161,OOR,Promo Off-Peak Day Return,Promo Off-Peak Day Return,,2025-12-02 00:00:00,2999-12-31 00:00:00,,
2162,OP1,Off-Peak Day Single,Off-Peak Day Single,,2018-05-09 00:00:00,2999-12-31 00:00:00,,
2163,OP2,Off-Peak Day Return,Off-Peak Day Return,,2018-05-09 00:00:00,2999-12-31 00:00:00,,
2164,OPB,Super Off-Peak Day Return,Super Off-Peak Day Return,,2023-01-20 00:00:00,2999-12-31 00:00:00,,
2165,OPC,TPE Off Peak Corporate 1st,TPE Off Peak Corporate 1st,,2024-05-04 00:00:00,2999-12-31 00:00:00,,
2166,OPD,Super Off-Peak Day Single,Super Off-Peak Day Single,,2020-09-26 00:00:00,2999-12-31 00:00:00,,
2167,OPF,Off-Peak Day Return (1st Class),Off-Peak Day Return 1st,,2017-05-25 00:00:00,2999-12-31 00:00:00,,
2168,OPG,Off-Peak Day Travelcard Group 10,Off-Peak Day Travelcard Group 10+,,2017-10-27 00:00:00,2999-12-31 00:00:00,,
2169,OPO,Super Off-Peak Return (online),Super Off-Peak Return,,2014-10-20 00:00:00,2999-12-31 00:00:00,,
2170,OPP,Off-Peak Parking,Off-Peak Parking,,2014-07-11 00:00:00,2999-12-31 00:00:00,,
2171,OPR,Super Off-Peak Return,Super Off-Peak Return,,2017-05-31 00:00:00,2999-12-31 00:00:00,,
2172,OPS,Super Off-Peak Single,Super Off-Peak Single,,2017-05-31 00:00:00,2999-12-31 00:00:00,,
2173,OR1,Anytime Open Return (1st Class),Anytime Open Return (1st Class),,2019-10-10 00:00:00,2999-12-31 00:00:00,,
2174,OR2,Anytime Open Return,Anytime Open Return,,2019-10-10 00:00:00,2999-12-31 00:00:00,,
2175,ORF,Off-Peak Day Return (First Class),Off-Peak Day Return (1st),,2022-07-27 00:00:00,2999-12-31 00:00:00,,
2176,ORR,Oyster Data,Oyster Data,,2005-11-13 00:00:00,2999-12-31 00:00:00,,
2177,OS1,Advance Single,Advance Single,,2017-05-25 00:00:00,2999-12-31 00:00:00,,
2178,OS2,Advance Single,Advance Single,,2017-05-25 00:00:00,2999-12-31 00:00:00,,
2179,OS3,Advance Single,Advance Single,,2017-05-25 00:00:00,2999-12-31 00:00:00,,
2180,OS4,Advance Single,Advance Single,,2017-05-25 00:00:00,2999-12-31 00:00:00,,
2181,OS5,Advance Single,Advance Single,,2026-05-19 00:00:00,2999-12-31 00:00:00,,
2182,OS6,Advance Single,Advance Single,,2026-05-19 00:00:00,2999-12-31 00:00:00,,
2183,OSB,Advance Flex Return,Advance Flex Return,,2023-07-06 00:00:00,2999-12-31 00:00:00,,
2184,OSF,Off-Peak Single (First Class),Off-Peak Single (First Class),,2019-10-15 00:00:00,2999-12-31 00:00:00,,
2185,OSK,London Evening Out,London Evening Out,,2021-08-27 00:00:00,2999-12-31 00:00:00,,
2186,OSL,London Night Out,London Night Out,,2021-08-27 00:00:00,2999-12-31 00:00:00,,
2187,OSO,Super Off-Peak (Online Single),Super Off-Peak (Online Single),,2022-03-26 00:00:00,2999-12-31 00:00:00,,
2188,OSR,Offshore Return,Offshore Return,,2024-08-07 00:00:00,2999-12-31 00:00:00,,
2189,OSY,Advance Single,Advance Single,,2017-05-25 00:00:00,2999-12-31 00:00:00,,
2190,OSZ,Advance Single,Advance Single,,2017-05-25 00:00:00,2999-12-31 00:00:00,,
2191,OTA,One Ticket Annual,One Ticket Annual,,2017-06-05 00:00:00,2999-12-31 00:00:00,,
2192,OTF,Off-Peak Day Travelcard (1st Class),Off-Peak Day Travelcard 1st,,2020-07-09 00:00:00,2999-12-31 00:00:00,,
2193,OTM,One Ticket Month,One Ticket Month,,2017-06-05 00:00:00,2999-12-31 00:00:00,,
2194,OTU,Oyster Top Up,Oyster Top Up,,2010-06-26 00:00:00,2999-12-31 00:00:00,,
2195,OTW,One Ticket Week,One Ticket Week,,2017-06-05 00:00:00,2999-12-31 00:00:00,,
2196,OV4,TEST USE ONLY,TEST USE ONLY,,2022-03-22 00:00:00,2999-12-31 00:00:00,,
2197,OVN,Overnighter Return,Overnighter Return,,2017-05-31 00:00:00,2999-12-31 00:00:00,,
2198,OZR,DUMMY DO NOT USE,DUMMY DO NOT USE,,2016-02-29 00:00:00,2999-12-31 00:00:00,,
2199,P41,AWC Prm Corp Upgrade,AWC Prm Corp Upgrade,,2021-05-27 00:00:00,2999-12-31 00:00:00,,
2200,P5A,Advance Single Standard Premium,Advance Single Standard Premium,,2020-10-29 00:00:00,2999-12-31 00:00:00,,
2201,P5B,Advance Single Standard Premium,Advance Single Standard Premium,,2021-03-02 00:00:00,2999-12-31 00:00:00,,
2202,P5C,Advance Single Standard Premium,Advance Single Standard Premium,,2021-03-02 00:00:00,2999-12-31 00:00:00,,
2203,P5D,Advance Single Standard Premium,Advance Single Standard Premium,,2021-03-02 00:00:00,2999-12-31 00:00:00,,
2204,P5E,Family Advance Standard Premium,Family Advance Standard Premium,,2023-04-15 00:00:00,2999-12-31 00:00:00,2,00M01D
2205,P5F,Family Refundable Standard Premium,Family Refundable Standard Premium,,2023-04-19 00:00:00,2999-12-31 00:00:00,2,00M01D
2206,PA1,PAYG Anytime Single,PAYG Anytime Single,,2025-04-30 00:00:00,2999-12-31 00:00:00,,
2207,PA2,PAYG Off Peak Single,PAYG Off Peak Single,,2025-04-30 00:00:00,2999-12-31 00:00:00,,
2208,PAA,Partner A,Partner A,,2020-10-20 00:00:00,2999-12-31 00:00:00,,
2209,PAB,Partner B,Partner B,,2020-10-20 00:00:00,2999-12-31 00:00:00,,
2210,PAC,Pay as you go with contactless,Pay as you go with contactless,,2019-09-21 00:00:00,2999-12-31 00:00:00,,
2211,PAG,PAYG,PAYG,,2024-02-14 00:00:00,2999-12-31 00:00:00,,
2212,PAH,PAYG,PAYG,,2024-04-25 00:00:00,2999-12-31 00:00:00,,
2213,PAP,Pay as you go (Anytime),Pay as you go (Anytime),,2017-06-11 00:00:00,2999-12-31 00:00:00,,
2214,PAR,Argyle Return,Argyle Return,,2009-10-13 00:00:00,2999-12-31 00:00:00,,
2215,PAS,Cardiff Annual,Cardiff Annual,,2006-03-07 00:00:00,2999-12-31 00:00:00,,
2216,PAT,CPAY PEAK TEST,CPAY PEAK TEST,,2024-02-16 00:00:00,2999-12-31 00:00:00,,
2217,PB7,PlusBus 7 Day,PlusBus 7 Day,,2017-02-22 00:00:00,2999-12-31 00:00:00,,
2218,PBA,PlusBus Annual,PlusBus Annual,,2018-01-02 00:00:00,2999-12-31 00:00:00,,
2219,PBD,PlusBus Day,PlusBus Day,,2017-09-03 00:00:00,2999-12-31 00:00:00,,
2220,PBM,PlusBus Month,PlusBus Month,,2018-01-02 00:00:00,2999-12-31 00:00:00,,
2221,PBQ,PlusBus Quarter,PlusBus Quarter,,2018-01-02 00:00:00,2999-12-31 00:00:00,,
2222,PBW,Plusbus Web,Plusbus Web,,2018-05-19 00:00:00,2999-12-31 00:00:00,,
2223,PCF,Complimentary 1st Class,Complimentary 1st Class,,2017-06-04 00:00:00,2999-12-31 00:00:00,,
2224,PCP,TPE CORPORATE STD,TPE CORPORATE STD,,2021-04-02 00:00:00,2999-12-31 00:00:00,,
2225,PCR,TPE CORPORATE 1ST,TPE CORPORATE 1ST,,2021-04-02 00:00:00,2999-12-31 00:00:00,,
2226,PCS,Complimentary Standard,Complimentary Standard,,2017-06-04 00:00:00,2999-12-31 00:00:00,,
2227,PCU,TFW Weekday 1st Upgrade,TFW Weekday 1st Upgrade,,2025-07-01 00:00:00,2999-12-31 00:00:00,,
2228,PDR,Super Off-Peak Day Return,Super Off-Peak Day Return,,2017-05-31 00:00:00,2999-12-31 00:00:00,,
2229,PDS,Super Off-Peak Day Single,Super Off-Peak Day Single,,2025-10-15 00:00:00,2999-12-31 00:00:00,,
2230,PEA,BRISTOL PAYG ANYTIME DAY SINGLE,BRISTOL PAYG ANYTIME DAY SINGLE,,2022-07-26 00:00:00,2999-12-31 00:00:00,,
2231,PEB,BRISTOL PAYG OFF-PEAK DAY SINGLE,BRISTOL PAYG OFF-PEAK DAY SINGLE,,2022-07-26 00:00:00,2999-12-31 00:00:00,,
2232,PEC,PAYG Tamar Valley Day Return,PAYG Tamar Valley Day Return,,2026-03-13 00:00:00,2999-12-31 00:00:00,,
2233,PER,Minimum Fare Return,Minimum Fare Return,,2026-03-04 00:00:00,2999-12-31 00:00:00,,
2234,PES,Minimum Fare Single,Minimum Fare Single,,2026-03-03 00:00:00,2999-12-31 00:00:00,,
2235,PF2,On The Move,On The Move,,2020-04-01 00:00:00,2999-12-31 00:00:00,,
2236,PFC,Season Coupon 1st,Season Coupon 1st,,2021-09-23 00:00:00,2999-12-31 00:00:00,,
2237,PFD,Backup Coupon 1st,Backup Coupon 1st,,2021-09-23 00:00:00,2999-12-31 00:00:00,,
2238,PFH,Flexi Coupon 1st,Flexi Coupon 1st,,2021-09-24 00:00:00,2999-12-31 00:00:00,,
2239,PFI,Flexi Backup 1st,Flexi Backup 1st,,2021-09-23 00:00:00,2999-12-31 00:00:00,,
2240,PFW,Central Penalty Warning,Central Penalty Warning,,2015-10-20 00:00:00,2999-12-31 00:00:00,,
2241,PGC,STD GREEN SEASON TKT,STD GREEN SEASON TKT,,2019-08-01 00:00:00,2999-12-31 00:00:00,,
2242,PGF,1ST GREEN SEASON TKT,1ST GREEN SEASON TKT,,2019-08-01 00:00:00,2999-12-31 00:00:00,,
2243,PLA,Platform Ticket,Platform Ticket,,2000-01-31 00:00:00,2999-12-31 00:00:00,,
2244,PMF,Advance Single,Advance Single,,2022-10-19 00:00:00,2999-12-31 00:00:00,,
2245,PMR,Super Off-Peak Day Return,Super Off-Peak Day Return,,2015-10-20 00:00:00,2999-12-31 00:00:00,,
2246,PMS,Cardiff Month,Cardiff Month,,2006-03-07 00:00:00,2999-12-31 00:00:00,,
2247,PNC,NCH PENALTYFARE,NCH PENALTYFARE,,2024-01-12 00:00:00,2999-12-31 00:00:00,,
2248,PNE,GWR Penalty Fare,GWR Penalty Fare,,2017-12-29 00:00:00,2999-12-31 00:00:00,,
2249,PNF,Penalty Fare,Penalty Fare,,2017-11-30 00:00:00,2999-12-31 00:00:00,,
2250,POC,Pay as you go with contactless (Off-Peak),Contactless Off-Peak PAYG,,2024-06-06 00:00:00,2999-12-31 00:00:00,,
2251,POP,Pay as you go (Off-Peak),Pay as you go (Off-Peak),,2022-02-11 00:00:00,2999-12-31 00:00:00,,
2252,POT,CPAY Off PK TEST,CPAY Off PK TEST,,2024-06-06 00:00:00,2999-12-31 00:00:00,,
2253,PRT,Pricebuster Return,Pricebuster Return,,2014-04-03 00:00:00,2999-12-31 00:00:00,,
2254,PS7,NOT FOR TRAVEL PS7,NOT FOR TRAVEL PS7,,2026-03-11 00:00:00,2999-12-31 00:00:00,,
2255,PSB,Bus Period Season,Bus Period Season,,2023-02-08 00:00:00,2999-12-31 00:00:00,,
2256,PSC,Season Coupon STD,Season Coupon STD,,2021-09-23 00:00:00,2999-12-31 00:00:00,,
2257,PSD,Backup Coupon STD,Backup Coupon STD,,2021-09-23 00:00:00,2999-12-31 00:00:00,,
2258,PSF,Season Ticket (1st Class),Season 1st,,2020-07-31 00:00:00,2999-12-31 00:00:00,,
2259,PSG,Pricebuster Single,Pricebuster Single,,2014-04-03 00:00:00,2999-12-31 00:00:00,,
2260,PSH,Flexi Coupon STD,Flexi Coupon STD,,2021-09-23 00:00:00,2999-12-31 00:00:00,,
2261,PSI,Flexi Backup STD,Flexi Backup STD,,2021-09-24 00:00:00,2999-12-31 00:00:00,,
2262,PSJ,DIGITAL PAY G STD,DIGITAL PAY G STD,,2025-06-28 00:00:00,2999-12-31 00:00:00,,
2263,PSK,DIGITAL PAY G STD B,DIGITAL PAY G STD B,,2025-06-28 00:00:00,2999-12-31 00:00:00,,
2264,PSO,NOT FOR TRAVEL PSO,NOT FOR TRAVEL PSO,,2026-04-08 00:00:00,2999-12-31 00:00:00,,
2265,PSP,NOT FOR TRAVEL PSP,NOT FOR TRAVEL PSP,,2026-04-08 00:00:00,2999-12-31 00:00:00,,
2266,PSR,Park and Ride,Park and Ride,,2006-12-25 00:00:00,2999-12-31 00:00:00,,
2267,PSS,Season Ticket,Season,,2017-05-24 00:00:00,2999-12-31 00:00:00,,
2268,PSV,Pricebuster Off-Peak Return,Pricebuster Off-Peak Return,,2014-04-03 00:00:00,2999-12-31 00:00:00,,
2269,PT1,Premier + Travel Package Lounge Single,Premier + Travel Package Lounge Single,,2026-02-06 00:00:00,2999-12-31 00:00:00,,
2270,PT2,Premier + Travel Package Lounge Return,Premier + Travel Package Lounge Return,,2026-02-06 00:00:00,2999-12-31 00:00:00,,
2271,PT3,Premier + Travel Package Lounge Single Infant,Premier + Travel Package Lounge Single Infant,,2026-02-06 00:00:00,2999-12-31 00:00:00,,
2272,PT4,Premier + Travel Package Lounge Single Child ,Premier + Travel Package Lounge Single Child 3-11,,2026-02-07 00:00:00,2999-12-31 00:00:00,,
2273,PT5,Premier + Travel Package Lounge Single Child ,Premier + Travel Package Lounge Single Child 11-15,,2026-02-07 00:00:00,2999-12-31 00:00:00,,
2274,PT6,Premier + Travel Package Lounge Return Infant,Premier + Travel Package Lounge Return Infant,,2026-02-06 00:00:00,2999-12-31 00:00:00,,
2275,PT7,Premier + Travel Package Lounge Return Child ,Premier + Travel Package Lounge Return Child 3-11,,2026-02-06 00:00:00,2999-12-31 00:00:00,,
2276,PT8,Premier + Travel Package Lounge Return Child ,Premier + Travel Package Lounge Return Child 11-15,,2026-02-06 00:00:00,2999-12-31 00:00:00,,
2277,PT9,Premier + Travel Package Lounge Same Day Retu,Premier + Travel Package Lounge Same Day Return,,2026-02-06 00:00:00,2999-12-31 00:00:00,,
2278,PTH,PAYG HERE TO HERE,PAYG HERE TO HERE,,2026-05-28 00:00:00,2999-12-31 00:00:00,,
2279,PTI,PAYG INCOMPLETE,PAYG INCOMPLETE,,2026-05-28 00:00:00,2999-12-31 00:00:00,,
2280,PTU,PAYG UNSTARTED,PAYG UNSTARTED,,2026-05-28 00:00:00,2999-12-31 00:00:00,,
2281,PUG,Standard Plus Upgrade,Standard Plus Upgrade,,2023-06-16 00:00:00,2999-12-31 00:00:00,,
2282,PWS,Penalty Fares Warning,Penalty Fares Warning,,2003-10-24 00:00:00,2999-12-31 00:00:00,,
2283,Q90,BRISTOL PAYG ANYTIME DAY SINGLE,BRISTOL PAYG ANYTIME DAY SINGLE,,2021-12-17 00:00:00,2999-12-31 00:00:00,,
2284,Q91,BRISTOL PAYG OFF-PEAK DAY SINGLE,BRISTOL PAYG OFF-PEAK DAY SINGLE,,2021-12-17 00:00:00,2999-12-31 00:00:00,,
2285,QAA,Mums Go Free,Mums Go Free,,2020-04-30 00:00:00,2999-12-31 00:00:00,,
2286,QAB,Online CDS Offer,Online CDS Offer,,2013-02-21 00:00:00,2999-12-31 00:00:00,,
2287,QAC,Mums Go Free,Mums Go Free,,2020-04-29 00:00:00,2999-12-31 00:00:00,,
2288,QFA,LumoFixed,LumoFixed,,2025-10-24 00:00:00,2999-12-31 00:00:00,,
2289,QFB,LumoFixed,LumoFixed,,2025-10-24 00:00:00,2999-12-31 00:00:00,,
2290,QFC,LumoFixed,LumoFixed,,2025-10-24 00:00:00,2999-12-31 00:00:00,,
2291,QFD,LumoFixed,LumoFixed,,2025-10-24 00:00:00,2999-12-31 00:00:00,,
2292,QFE,LumoFixed,LumoFixed,,2025-10-24 00:00:00,2999-12-31 00:00:00,,
2293,QFF,LumoFixed,LumoFixed,,2025-10-24 00:00:00,2999-12-31 00:00:00,,
2294,QFG,LumoFixed,LumoFixed,,2025-10-24 00:00:00,2999-12-31 00:00:00,,
2295,QFH,LumoFixed,LumoFixed,,2025-10-24 00:00:00,2999-12-31 00:00:00,,
2296,QFI,LumoFixed,LumoFixed,,2025-10-24 00:00:00,2999-12-31 00:00:00,,
2297,QFJ,LumoFixed,LumoFixed,,2025-10-24 00:00:00,2999-12-31 00:00:00,,
2298,QFK,LumoFixed,LumoFixed,,2025-10-24 00:00:00,2999-12-31 00:00:00,,
2299,QFL,LumoFixed,LumoFixed,,2025-10-24 00:00:00,2999-12-31 00:00:00,,
2300,QFM,LumoFixed,LumoFixed,,2025-10-24 00:00:00,2999-12-31 00:00:00,,
2301,QFN,LumoFixed,LumoFixed,,2025-10-24 00:00:00,2999-12-31 00:00:00,,
2302,QFO,LumoFixed,LumoFixed,,2025-10-24 00:00:00,2999-12-31 00:00:00,,
2303,QFP,LumoFixed,LumoFixed,,2025-10-24 00:00:00,2999-12-31 00:00:00,,
2304,QFQ,LumoFixed,LumoFixed,,2025-10-24 00:00:00,2999-12-31 00:00:00,,
2305,QFR,LumoFixed,LumoFixed,,2025-10-24 00:00:00,2999-12-31 00:00:00,,
2306,QFS,LumoFixed,LumoFixed,,2025-10-24 00:00:00,2999-12-31 00:00:00,,
2307,QFT,LumoFixed,LumoFixed,,2025-10-24 00:00:00,2999-12-31 00:00:00,,
2308,QFU,LumoFixed,LumoFixed,,2025-10-24 00:00:00,2999-12-31 00:00:00,,
2309,QFV,LumoFixed,LumoFixed,,2025-10-24 00:00:00,2999-12-31 00:00:00,,
2310,QFW,LumoFixed,LumoFixed,,2025-10-24 00:00:00,2999-12-31 00:00:00,,
2311,QFX,LumoFixed,LumoFixed,,2025-10-24 00:00:00,2999-12-31 00:00:00,,
2312,QFY,LumoFixed,LumoFixed,,2025-10-24 00:00:00,2999-12-31 00:00:00,,
2313,QFZ,LumoFixed,LumoFixed,,2025-10-24 00:00:00,2999-12-31 00:00:00,,
2314,QPD,1 Day Car Park,1 Day Car Park,,2010-05-25 00:00:00,2999-12-31 00:00:00,,
2315,QPE,LNER 1DY CARPARK,LNER 1DY CARPARK,,2021-06-03 00:00:00,2999-12-31 00:00:00,,
2316,QPF,LNER 3DY CARPARK,LNER 3DY CARPARK,,2021-06-03 00:00:00,2999-12-31 00:00:00,,
2317,QPK,Quickfare One Day,Quickfare One Day,,2025-02-11 00:00:00,2999-12-31 00:00:00,,
2318,QPM,Quickfare One Month,Quickfare One Month,,2025-05-15 00:00:00,2999-12-31 00:00:00,,
2319,QPO,Quickfare Off-Peak Car Park,Quickfare Off-Peak Car Park,,2012-04-16 00:00:00,2999-12-31 00:00:00,,
2320,QPS,Quickfare 7-Day Car Park,Quickfare 7-Day Car Park,,2025-05-29 00:00:00,2999-12-31 00:00:00,,
2321,QPT,LNER 7 Day Car Park,LNER 7 Day Car Park,,2021-06-03 00:00:00,2999-12-31 00:00:00,,
2322,QSA,GWR SLP SOLO PHNTM A,GWR SLP SOLO PHNTM A,,2021-04-15 00:00:00,2999-12-31 00:00:00,,
2323,QSB,GWR SLP SOLO PHNTM B,GWR SLP SOLO PHNTM B,,2021-04-15 00:00:00,2999-12-31 00:00:00,,
2324,QSC,GWR SLP SOLO PHNTM C,GWR SLP SOLO PHNTM C,,2021-04-15 00:00:00,2999-12-31 00:00:00,,
2325,QSD,GWR SLP SOLO PHNTM D,GWR SLP SOLO PHNTM D,,2021-04-15 00:00:00,2999-12-31 00:00:00,,
2326,QSE,GWR SLP SOLO PHNTM E,GWR SLP SOLO PHNTM E,,2021-04-15 00:00:00,2999-12-31 00:00:00,,
2327,QSF,GWR SLP SOLO PHNTM F,GWR SLP SOLO PHNTM F,,2021-04-15 00:00:00,2999-12-31 00:00:00,,
2328,QSG,GWR SLP SOLO PHNTM G,GWR SLP SOLO PHNTM G,,2021-04-15 00:00:00,2999-12-31 00:00:00,,
2329,QSH,GWR SLP SOLO PHNTM H,GWR SLP SOLO PHNTM H,,2021-04-15 00:00:00,2999-12-31 00:00:00,,
2330,QSI,GWR SLP SOLO PHNTM I,GWR SLP SOLO PHNTM I,,2021-04-15 00:00:00,2999-12-31 00:00:00,,
2331,QSJ,GWR SLP SOLO PHNTM J,GWR SLP SOLO PHNTM J,,2021-04-15 00:00:00,2999-12-31 00:00:00,,
2332,QSK,GWR SLP SOLO PHNTM K,GWR SLP SOLO PHNTM K,,2025-01-16 00:00:00,2999-12-31 00:00:00,,
2333,QSL,GWR SLP SOLO PHNTM L,GWR SLP SOLO PHNTM L,,2025-07-22 00:00:00,2999-12-31 00:00:00,,
2334,QSM,GWR SLP SOLO PHNTM M,GWR SLP SOLO PHNTM M,,2025-07-22 00:00:00,2999-12-31 00:00:00,,
2335,QSN,GWR SLP SOLO PHNTM N,GWR SLP SOLO PHNTM N,,2025-07-22 00:00:00,2999-12-31 00:00:00,,
2336,QSO,GWR SLP SOLO PHNTM O,GWR SLP SOLO PHNTM O,,2025-07-22 00:00:00,2999-12-31 00:00:00,,
2337,QSP,GWR SLP SOLO PHNTM P,GWR SLP SOLO PHNTM P,,2025-07-22 00:00:00,2999-12-31 00:00:00,,
2338,QSV,Online Only SVR,Online Only SVR,,2013-03-06 00:00:00,2999-12-31 00:00:00,,
2339,QSW,Online SVS Offer,Online SVS Offer,,2012-03-16 00:00:00,2999-12-31 00:00:00,,
2340,QTA,GWR SLP TWIN PHNTM A,GWR SLP TWIN PHNTM A,,2021-09-04 00:00:00,2999-12-31 00:00:00,,
2341,QTB,GWR SLP TWIN PHNTM B,GWR SLP TWIN PHNTM B,,2021-09-04 00:00:00,2999-12-31 00:00:00,,
2342,QTC,GWR SLP TWIN PHNTM C,GWR SLP TWIN PHNTM C,,2021-09-04 00:00:00,2999-12-31 00:00:00,,
2343,QTD,GWR SLP TWIN PHNTM D,GWR SLP TWIN PHNTM D,,2021-09-04 00:00:00,2999-12-31 00:00:00,,
2344,QTE,GWR SLP TWIN PHNTM E,GWR SLP TWIN PHNTM E,,2021-09-04 00:00:00,2999-12-31 00:00:00,,
2345,QTF,GWR SLP TWIN PHNTM F,GWR SLP TWIN PHNTM F,,2021-09-04 00:00:00,2999-12-31 00:00:00,,
2346,QTG,GWR SLP TWIN PHNTM G,GWR SLP TWIN PHNTM G,,2021-09-04 00:00:00,2999-12-31 00:00:00,,
2347,QTH,GWR SLP TWIN PHNTM H,GWR SLP TWIN PHNTM H,,2021-09-04 00:00:00,2999-12-31 00:00:00,,
2348,QTI,GWR SLP TWIN PHNTM I,GWR SLP TWIN PHNTM I,,2021-09-04 00:00:00,2999-12-31 00:00:00,,
2349,QTJ,GWR SLP TWIN PHNTM J,GWR SLP TWIN PHNTM J,,2021-09-04 00:00:00,2999-12-31 00:00:00,,
2350,QTK,GWR SLP TWIN PHNTM K,GWR SLP TWIN PHNTM K,,2025-01-16 00:00:00,2999-12-31 00:00:00,,
2351,QTL,GWR SLP TWIN PHNTM L,GWR SLP TWIN PHNTM L,,2025-07-22 00:00:00,2999-12-31 00:00:00,,
2352,QTM,GWR SLP TWIN PHNTM M,GWR SLP TWIN PHNTM M,,2025-07-22 00:00:00,2999-12-31 00:00:00,,
2353,QTN,GWR SLP TWIN PHNTM N,GWR SLP TWIN PHNTM N,,2025-07-22 00:00:00,2999-12-31 00:00:00,,
2354,QTO,GWR SLP TWIN PHNTM O,GWR SLP TWIN PHNTM O,,2025-07-22 00:00:00,2999-12-31 00:00:00,,
2355,QTP,GWR SLP TWIN PHNTM P,GWR SLP TWIN PHNTM P,,2025-07-22 00:00:00,2999-12-31 00:00:00,,
2356,R01,n-Train 30 Days (1st Class),n-Train 30 Days 1st,,2017-06-24 00:00:00,2999-12-31 00:00:00,,
2357,R12,12 in 20 Days Rover,12 in 20 Days Rover,,2001-11-01 00:00:00,2999-12-31 00:00:00,,
2358,R28,n-Train 28 Days,n-Train 28 Days,,2017-06-24 00:00:00,2999-12-31 00:00:00,,
2359,R29,n-Train 29 Days,n-Train 29 Days,,2017-06-24 00:00:00,2999-12-31 00:00:00,,
2360,R30,n-Train 30 Days,n-Train 30 Days,,2017-06-24 00:00:00,2999-12-31 00:00:00,,
2361,R71,n-Train 7 Days (1st Class),n-Train 7 Days 1st,,2017-06-24 00:00:00,2999-12-31 00:00:00,,
2362,R81,n-Train 28 Days (1st Class),n-Train 28 Days 1st,,2017-06-24 00:00:00,2999-12-31 00:00:00,,
2363,R91,n-Train 29 Days (1st Class),n-Train 29 Day 1st,,2017-06-24 00:00:00,2999-12-31 00:00:00,,
2364,RA1,n-Train Annual (1st Class),n-Train Annual 1st,,2017-06-24 00:00:00,2999-12-31 00:00:00,,
2365,RAD,Off-Peak Day Ranger,Off-Peak Day Ranger,,2017-06-03 00:00:00,2999-12-31 00:00:00,,
2366,RAE,Evening Ranger,Evening Ranger,,2017-06-03 00:00:00,2999-12-31 00:00:00,,
2367,RCS,TMR Walk Up 1st Class,TMR Walk Up 1st Class,,2017-06-03 00:00:00,2999-12-31 00:00:00,,
2368,RF7,NTrains 7-Day Cross-Boundary (1st Class),Ntrain 7-Day Cross Boundary 1st,,2017-06-24 00:00:00,2999-12-31 00:00:00,,
2369,RFM,nTrain Period Season Cross Boundary (1st Clas,Ntrain Period Season XB 1st,,2017-06-24 00:00:00,2999-12-31 00:00:00,,
2370,RGR,Day Ranger,Day Ranger,,2010-07-22 00:00:00,2999-12-31 00:00:00,,
2371,RM7,n-Train 7 Days,n-Train 7 Days,,2017-06-24 00:00:00,2999-12-31 00:00:00,,
2372,RMA,nTrain 1st Class Season,nTrain 1st Class Season,,2025-02-20 00:00:00,2999-12-31 00:00:00,,
2373,RMG,TPE PENALTYFARE,TPE PENALTYFARE,,2019-12-11 00:00:00,2999-12-31 00:00:00,,
2374,RMM,Railmaster Month,Railmaster Month,,2014-04-29 00:00:00,2999-12-31 00:00:00,,
2375,RMP,nTrain Season,nTrain Season,,2025-02-19 00:00:00,2999-12-31 00:00:00,,
2376,ROB,Day Ranger,Day Ranger,,2018-09-13 00:00:00,2999-12-31 00:00:00,,
2377,ROM,MRAIL ONLY16-18 MNTH,MRAIL ONLY16-18 MNTH,,2019-10-25 00:00:00,2999-12-31 00:00:00,,
2378,ROW,MRAIL ONLY WEK 16-18,MRAIL ONLY WEK 16-18,,2019-10-25 00:00:00,2999-12-31 00:00:00,,
2379,RP2,Group Park & Ride 2,Group Park & Ride 2,,2017-06-01 00:00:00,2999-12-31 00:00:00,,
2380,RP3,Group Park & Ride 3,Group Park & Ride 3,,2017-06-01 00:00:00,2999-12-31 00:00:00,,
2381,RP4,Group Park & Ride 4,Group Park & Ride 4,,2017-06-01 00:00:00,2999-12-31 00:00:00,,
2382,RPA,Rail Pass Year 16-18,Rail Pass Year 16-18,,2017-05-31 00:00:00,2999-12-31 00:00:00,,
2383,RPM,16-18 RPASS MONTH,16-18 RPASS MONTH,,2017-05-31 00:00:00,2999-12-31 00:00:00,,
2384,RPN,RPASSMONTH APPRENTIC,RPASSMONTH APPRENTIC,,2019-06-29 00:00:00,2999-12-31 00:00:00,,
2385,RPW,Rail Pass Week 16-18,Rail Pass Week 16-18,,2017-05-31 00:00:00,2999-12-31 00:00:00,,
2386,RPX,RPASSWK APPRENTICE,RPASSWK APPRENTICE,,2019-06-29 00:00:00,2999-12-31 00:00:00,,
2387,RSS,TMR Walk Up Standard,TMR Walk Up Standard,,2017-06-03 00:00:00,2999-12-31 00:00:00,,
2388,RTF,Complimentary Anytime Day Single,Complimentary Anytime Day Single,,2020-09-24 00:00:00,2999-12-31 00:00:00,,
2389,RTK,Replacement Ticket,Replacement Ticket,,2024-02-23 00:00:00,2999-12-31 00:00:00,,
2390,RTM,N-Train Term Extra,N-Train Term Extra,,2020-12-03 00:00:00,2999-12-31 00:00:00,,
2391,RUG,Wales Rugby Return,Wales Rugby Return,,2019-11-27 00:00:00,2999-12-31 00:00:00,,
2392,RV3,3 in 7 Days Rover,3 in 7 Days Rover,,2001-11-01 00:00:00,2999-12-31 00:00:00,,
2393,RV4,4 in 8 Days Rover,4 in 8 Days Rover,,2001-11-01 00:00:00,2999-12-31 00:00:00,,
2394,RV8,8 in 15 Days Rover,8 in 15 Days Rover,,2006-10-30 00:00:00,2999-12-31 00:00:00,,
2395,RVE,14 Day Rail Rover,14 Day Rail Rover,,2001-11-01 00:00:00,2999-12-31 00:00:00,,
2396,RVF,Rover (1st Class),Rover 1st,,2001-11-01 00:00:00,2999-12-31 00:00:00,,
2397,RVR,Rover,Rover,,2001-11-01 00:00:00,2999-12-31 00:00:00,,
2398,RW2,OMIO FLEX RTN STD,OMIO FLEX RTN STD,,2019-03-23 00:00:00,2999-12-31 00:00:00,,
2399,RWA,Royal Welsh Show,Royal Welsh Show,,2018-06-27 00:00:00,2999-12-31 00:00:00,,
2400,RWF,OMIO FLEX RTN 1ST,OMIO FLEX RTN 1ST,,2019-03-23 00:00:00,2999-12-31 00:00:00,,
2401,RX7,Ntrain 7 Day X Boundary,Ntrain 7 Day X Boundary,,2017-06-24 00:00:00,2999-12-31 00:00:00,,
2402,RXM,NTrain Period Season Cross Boundary,NTrain Period Season Cross Boundary,,2017-06-24 00:00:00,2999-12-31 00:00:00,,
2403,S01,FSR Group 01,FSR Group 01,,2017-10-12 00:00:00,2999-12-31 00:00:00,,
2404,S02,FSR Group 02,FSR Group 02,,2017-10-12 00:00:00,2999-12-31 00:00:00,,
2405,S03,FSR Group 03,FSR Group 03,,2017-10-12 00:00:00,2999-12-31 00:00:00,,
2406,S04,FSR Group 04,FSR Group 04,,2017-10-12 00:00:00,2999-12-31 00:00:00,,
2407,S05,FSR Group 05,FSR Group 05,,2017-10-12 00:00:00,2999-12-31 00:00:00,,
2408,S06,FSR Group 06,FSR Group 06,,2017-10-12 00:00:00,2999-12-31 00:00:00,,
2409,S07,FSR Group 07,FSR Group 07,,2017-10-12 00:00:00,2999-12-31 00:00:00,,
2410,S08,FSR Group 08,FSR Group 08,,2017-10-12 00:00:00,2999-12-31 00:00:00,,
2411,S09,FSR Group 09,FSR Group 09,,2017-10-12 00:00:00,2999-12-31 00:00:00,,
2412,S0S,Anytime Single,Anytime Single,,2025-08-23 00:00:00,2999-12-31 00:00:00,,
2413,S10,FSR Group 10,FSR Group 10,,2017-10-12 00:00:00,2999-12-31 00:00:00,,
2414,S11,FSR Group 11,FSR Group 11,,2017-10-12 00:00:00,2999-12-31 00:00:00,,
2415,S12,FSR Group 12,FSR Group 12,,2017-10-12 00:00:00,2999-12-31 00:00:00,,
2416,S13,FSR Group 13,FSR Group 13,,2017-10-12 00:00:00,2999-12-31 00:00:00,,
2417,S14,FSR Group 14,FSR Group 14,,2017-10-12 00:00:00,2999-12-31 00:00:00,,
2418,S15,FSR Group 15,FSR Group 15,,2017-10-12 00:00:00,2999-12-31 00:00:00,,
2419,S16,FSR Group 16,FSR Group 16,,2017-10-12 00:00:00,2999-12-31 00:00:00,,
2420,S17,FSR Group 17,FSR Group 17,,2017-10-12 00:00:00,2999-12-31 00:00:00,,
2421,S18,FSR Group 18,FSR Group 18,,2018-12-05 00:00:00,2999-12-31 00:00:00,,
2422,S19,FSR Group 19,FSR Group 19,,2017-10-12 00:00:00,2999-12-31 00:00:00,,
2423,S1A,Advance Single,Advance Single,,2017-05-26 00:00:00,2999-12-31 00:00:00,,
2424,S1B,Advance Single,Advance Single,,2020-10-01 00:00:00,2999-12-31 00:00:00,,
2425,S1R,SR Staff Jny 1st,SR Staff Jny 1st,,2022-12-08 00:00:00,2999-12-31 00:00:00,,
2426,S20,FSR Group 20,FSR Group 20,,2017-10-12 00:00:00,2999-12-31 00:00:00,,
2427,S2A,Advance Single,Advance Single,,2017-05-26 00:00:00,2999-12-31 00:00:00,,
2428,S2B,Advance Single,Advance Single,,2020-10-01 00:00:00,2999-12-31 00:00:00,,
2429,S2R,SR Staff Jny Std,SR Staff Jny Std,,2022-12-08 00:00:00,2999-12-31 00:00:00,,
2430,S31,3 Sup OP Day S,3 Sup OP Day S,,2025-05-28 00:00:00,2999-12-31 00:00:00,4,00M01D
2431,S32,3 Sup OP Day R,3 Sup OP Day R,,2025-05-28 00:00:00,2999-12-31 00:00:00,4,00M01D
2432,S3A,Advance Single,Advance Single,,2017-05-26 00:00:00,2999-12-31 00:00:00,,
2433,S3B,Advance Single,Advance Single,,2020-10-01 00:00:00,2999-12-31 00:00:00,,
2434,S3G,Small Group Day 3,Small Group Day 3,,2023-05-06 00:00:00,2999-12-31 00:00:00,3,00M01D
2435,S41,4 Sup OP Day S,4 Sup OP Day S,,2025-05-28 00:00:00,2999-12-31 00:00:00,4,00M01D
2436,S42,4 Sup OP Day R,4 Sup OP Day R,,2025-05-28 00:00:00,2999-12-31 00:00:00,4,00M01D
2437,S4A,Advance Single,Advance Single,,2017-05-26 00:00:00,2999-12-31 00:00:00,,
2438,S4B,Advance Single,Advance Single,,2020-10-01 00:00:00,2999-12-31 00:00:00,,
2439,S4G,Small Group Day 4,Small Group Day 4,,2023-05-06 00:00:00,2999-12-31 00:00:00,4,00M01D
2440,S51,5 Sup OP Day S,5 Sup OP Day S,,2025-05-28 00:00:00,2999-12-31 00:00:00,4,00M01D
2441,S52,5 Sup OP Day R,5 Sup OP Day R,,2025-05-28 00:00:00,2999-12-31 00:00:00,4,00M01D
2442,S5A,Advance Single,Advance Single,,2017-05-26 00:00:00,2999-12-31 00:00:00,,
2443,S5B,Advance Single,Advance Single,,2020-10-01 00:00:00,2999-12-31 00:00:00,,
2444,S5G,Small Group Day 5,Small Group Day 5,,2023-05-06 00:00:00,2999-12-31 00:00:00,5,00M01D
2445,S6A,Advance Single,Advance Single,,2017-05-26 00:00:00,2999-12-31 00:00:00,,
2446,S6B,Advance Single,Advance Single,,2020-10-01 00:00:00,2999-12-31 00:00:00,,
2447,S6G,Small Group Day 6,Small Group Day 6,,2023-05-06 00:00:00,2999-12-31 00:00:00,6,00M01D
2448,S7A,Advance Single,Advance Single,,2017-05-26 00:00:00,2999-12-31 00:00:00,,
2449,S7B,Advance Single,Advance Single,,2024-01-31 00:00:00,2999-12-31 00:00:00,,
2450,S7G,Small Group Day 7,Small Group Day 7,,2023-05-06 00:00:00,2999-12-31 00:00:00,7,00M01D
2451,S8A,Advance Single,Advance Single,,2017-05-26 00:00:00,2999-12-31 00:00:00,,
2452,S8B,Advance Single,Advance Single,,2024-01-31 00:00:00,2999-12-31 00:00:00,,
2453,S8G,Small Group Day 8,Small Group Day 8,,2023-05-06 00:00:00,2999-12-31 00:00:00,8,00M01D
2454,S9A,Advance Single,Advance Single,,2017-05-26 00:00:00,2999-12-31 00:00:00,,
2455,S9B,Advance Single,Advance Single,,2024-01-31 00:00:00,2999-12-31 00:00:00,,
2456,S9G,Small Group Day 9,Small Group Day 9,,2023-05-06 00:00:00,2999-12-31 00:00:00,9,00M01D
2457,SAA,Standard Single Cabin B,Standard Single Cabin B,,2020-06-10 00:00:00,2999-12-31 00:00:00,,
2458,SAB,Sleeper Twin Single,Sleeper Twin Single,,2017-06-03 00:00:00,2999-12-31 00:00:00,2,00M01D
2459,SAC,Sleeper Solo Single,Sleeper Solo Single,,2017-06-03 00:00:00,2999-12-31 00:00:00,,
2460,SAD,Sleeper Solo Single,Sleeper Solo Single,,2017-06-03 00:00:00,2999-12-31 00:00:00,,
2461,SAG,Sleeper Advance Solo Single,Slpr Advance Solo (no TV) Sgl,,2017-06-03 00:00:00,2999-12-31 00:00:00,,
2462,SAH,Sleeper Advance Solo Single,Slpr Advance Solo (no TV) Sgl,,2017-06-03 00:00:00,2999-12-31 00:00:00,,
2463,SAI,Sleeper Advance Solo Single,Slpr Advance Solo (no TV) Sgl,,2017-06-03 00:00:00,2999-12-31 00:00:00,,
2464,SAJ,Sleeper Advance Solo Single,Slpr Advance Solo (TV) Single,,2017-06-03 00:00:00,2999-12-31 00:00:00,,
2465,SAK,Sleeper Advance Solo Single,Slpr Advance Solo (TV) Single,,2017-06-03 00:00:00,2999-12-31 00:00:00,,
2466,SAL,Sleeper Advance Solo Single,Slpr Advance Solo (TV) Single,,2017-06-03 00:00:00,2999-12-31 00:00:00,,
2467,SAM,Sleeper Advance Twin Single,Slpr Advance Twin (no TV) Sgl,,2017-06-03 00:00:00,2999-12-31 00:00:00,2,00M01D
2468,SAN,Sleeper Advance Twin Single,Slpr Advance Twin (no TV) Sgl,,2017-06-03 00:00:00,2999-12-31 00:00:00,2,00M01D
2469,SAO,Sleeper Advance Twin Single,Slpr Advance Twin (no TV) Sgl,,2017-06-03 00:00:00,2999-12-31 00:00:00,2,00M01D
2470,SAP,Sleeper Advance Twin Single,Sleeper Advance Twin Single,,2017-06-03 00:00:00,2999-12-31 00:00:00,2,00M01D
2471,SAQ,Sleeper Advance Solo,Sleeper Advance Solo,,2017-06-03 00:00:00,2999-12-31 00:00:00,,
2472,SAR,Sleeper Advance Solo Single,Sleeper Advance Solo Single,,2017-06-03 00:00:00,2999-12-31 00:00:00,,
2473,SAS,Advance Single,Advance Single,,2017-05-23 00:00:00,2999-12-31 00:00:00,,
2474,SAT,Sleeper Advance Solo Single,Sleeper Advance Solo Single,,2020-05-17 00:00:00,2999-12-31 00:00:00,,
2475,SAU,Sleeper Advance Solo Single,Sleeper Advance Solo Single,,2020-05-17 00:00:00,2999-12-31 00:00:00,,
2476,SAV,Advance Single,Advance Single,,2022-03-19 00:00:00,2999-12-31 00:00:00,,
2477,SAW,Standard Single Cabin,Standard Single Cabin,,2017-06-03 00:00:00,2999-12-31 00:00:00,,
2478,SAZ,Standard Twin Cabin,Standard Twin Cabin,,2019-03-08 00:00:00,2999-12-31 00:00:00,,
2479,SB0,Sleeper Business,Sleeper Business,,2019-08-23 00:00:00,2999-12-31 00:00:00,,
2480,SB1,Sleeper Business,Sleeper Business,,2019-08-23 00:00:00,2999-12-31 00:00:00,,
2481,SB2,Sleeper Business,Sleeper Business,,2019-08-23 00:00:00,2999-12-31 00:00:00,,
2482,SB3,Sleeper Business,Sleeper Business,,2019-08-23 00:00:00,2999-12-31 00:00:00,,
2483,SB4,Sleeper Business,Sleeper Business,,2019-08-23 00:00:00,2999-12-31 00:00:00,,
2484,SB8,Sleeper Business,Sleeper Business,,2019-08-13 00:00:00,2999-12-31 00:00:00,,
2485,SB9,Sleeper Business,Sleeper Business,,2019-08-13 00:00:00,2999-12-31 00:00:00,,
2486,SBV,Advance Single,Advance Single,,2022-03-19 00:00:00,2999-12-31 00:00:00,,
2487,SCA,Annual County Card,Annual County Card,,2009-03-10 00:00:00,2999-12-31 00:00:00,,
2488,SCF,Friends and Family Return ,Friends and Family Return ,,2020-07-15 00:00:00,2999-12-31 00:00:00,,
2489,SCM,Monthly County Card,Monthly County Card,,2009-03-10 00:00:00,2999-12-31 00:00:00,,
2490,SCO,Super Off-Peak Day Return,Super Off-Peak Day Return,,2014-12-17 00:00:00,2999-12-31 00:00:00,,
2491,SCP,Smartcard Season Ticket,Smartcard Season Ticket,,2017-05-31 00:00:00,2999-12-31 00:00:00,,
2492,SCR,SC Replacement,SC Replacement,,2022-03-22 00:00:00,2999-12-31 00:00:00,,
2493,SCS,Super OffPeak Single,Super OffPeak Single,,2019-09-21 00:00:00,2999-12-31 00:00:00,,
2494,SCV,Advance Single,Advance Single,,2022-03-19 00:00:00,2999-12-31 00:00:00,,
2495,SD1,Southern Daysave Off-Peak,Southern Daysave Off-Peak,,2023-07-18 00:00:00,2999-12-31 00:00:00,,
2496,SD4,Southern Daysave Group Off-Peak,Southern Daysave Group Off-Peak,,2023-07-18 00:00:00,2999-12-31 00:00:00,4,00M01D
2497,SDF,Daysave Flexi,Daysave Flexi,,2023-07-18 00:00:00,2999-12-31 00:00:00,,
2498,SDG,7-Day Season Adult Rail Only,7-Day Season Adult Rail Only,,2017-06-03 00:00:00,2999-12-31 00:00:00,,
2499,SDH,7-Day Season Child Rail Only,7-Day Season Child Rail Only,,2017-06-03 00:00:00,2999-12-31 00:00:00,,
2500,SDI,7-Day Season Adult with Inner Zone,7-Day Season Adult with Inner Zone,,2017-06-03 00:00:00,2999-12-31 00:00:00,,
2501,SDJ,7-Day Season Child with Inner Zone,7-Day Season Child with Inner Zone,,2017-06-03 00:00:00,2999-12-31 00:00:00,,
2502,SDK,7-Day Season Adult With Inner & Outer Zone,7-Day Season Adult With Inner & Outer Zone,,2017-06-03 00:00:00,2999-12-31 00:00:00,,
2503,SDL,7-Day Season Child With Inner & Outer Zone,7-Day Season Child With Inner & Outer Zone,,2017-06-03 00:00:00,2999-12-31 00:00:00,,
2504,SDP,Southern Daysave Peak,Southern Daysave Peak,,2017-05-31 00:00:00,2999-12-31 00:00:00,,
2505,SDR,Anytime Day Return,Anytime Day Return,,2017-05-23 00:00:00,2999-12-31 00:00:00,,
2506,SDS,Anytime Day Single,Anytime Day Single,,2017-05-23 00:00:00,2999-12-31 00:00:00,,
2507,SDV,Advance Single,Advance Single,,2022-03-19 00:00:00,2999-12-31 00:00:00,,
2508,SDW,Daysave Weekly,Daysave Weekly,,2023-07-18 00:00:00,2999-12-31 00:00:00,,
2509,SE3,Group Single 3,Group Single 3,,2020-04-04 00:00:00,2999-12-31 00:00:00,3,00M02D
2510,SE4,Group Single 4,Group Single 4,,2020-04-04 00:00:00,2999-12-31 00:00:00,4,00M02D
2511,SEB,Advance Single,Advance Single,,2022-12-20 00:00:00,2999-12-31 00:00:00,,
2512,SEC,Advance Single,Advance Single,,2022-12-20 00:00:00,2999-12-31 00:00:00,,
2513,SED,Stansted Express Duo Return,Stansted Express Duo Return,,2020-04-04 00:00:00,2999-12-31 00:00:00,2,00M01D
2514,SEE,Advance Single,Advance Single,,2022-03-02 00:00:00,2999-12-31 00:00:00,,
2515,SEF,Advance Single,Advance Single,,2022-03-02 00:00:00,2999-12-31 00:00:00,,
2516,SEG,Advance Single,Advance Single,,2022-03-02 00:00:00,2999-12-31 00:00:00,,
2517,SEH,Advance Single,Advance Single,,2021-11-14 00:00:00,2999-12-31 00:00:00,,
2518,SEI,Advance Single,Advance Single,,2022-03-02 00:00:00,2999-12-31 00:00:00,,
2519,SEJ,Advance Single,Advance Single,,2022-03-01 00:00:00,2999-12-31 00:00:00,,
2520,SEP,ADVANCE NETWORK WEEKEND,ADVANCE NETWORK WEEKEND,,2025-03-14 00:00:00,2999-12-31 00:00:00,,
2521,SEV,Advance Single,Advance Single,,2022-09-22 00:00:00,2999-12-31 00:00:00,,
2522,SF1,SEATFROG UPGRADE,SEATFROG UPGRADE,,2022-04-09 00:00:00,2999-12-31 00:00:00,,
2523,SF2,Advance Single,Advance Single,,2024-06-08 00:00:00,2999-12-31 00:00:00,,
2524,SF3,Superfare,Superfare,,2022-12-02 00:00:00,2999-12-31 00:00:00,,
2525,SF4,Advance Single,Advance Single,,2024-06-08 00:00:00,2999-12-31 00:00:00,,
2526,SF5,Advance Single,Advance Single,,2024-08-28 00:00:00,2999-12-31 00:00:00,,
2527,SF6,Secret Fare,Secret Fare,,2024-10-17 00:00:00,2999-12-31 00:00:00,,
2528,SFA,Web Off-Peak 1st,Web Off-Peak 1st,,2012-04-16 00:00:00,2999-12-31 00:00:00,,
2529,SFB,GWR Surfboard,GWR Surfboard,,2017-06-03 00:00:00,2999-12-31 00:00:00,,
2530,SFF,Flat Fare Promo,Flat Fare Promo,,2026-02-03 00:00:00,2999-12-31 00:00:00,,
2531,SFL,SP Flower Show,SP Flower Show,,2024-07-30 00:00:00,2999-12-31 00:00:00,,
2532,SFM,Direct Debit 1Month Season,Direct Debit 1Month Season,,2017-05-28 00:00:00,2999-12-31 00:00:00,,
2533,SFN,DD 1 Month Season Travelcard,DD 1 Month Season Travelcard,,2018-05-20 00:00:00,2999-12-31 00:00:00,,
2534,SFP,Ferry Period Return,Ferry Period Return,,2017-06-05 00:00:00,2999-12-31 00:00:00,,
2535,SFQ,Sleeper Advance Twin Single,Sleeper Advance Twin Single,,2020-05-17 00:00:00,2999-12-31 00:00:00,2,00M01D
2536,SFR,Ferry Day Return,Ferry Day Return,,2020-10-15 00:00:00,2999-12-31 00:00:00,,
2537,SFS,Ferry Day Single,Ferry Day Single,,2017-06-05 00:00:00,2999-12-31 00:00:00,,
2538,SFT,Sleeper Advance Twin Single,Sleeper Advance Twin Single,,2020-05-17 00:00:00,2999-12-31 00:00:00,2,00M01D
2539,SFU,XC SEATFROG UPGRADE,XC SEATFROG UPGRADE,,2020-06-04 00:00:00,2999-12-31 00:00:00,,
2540,SFV,SLP ADV SGL OCC,SLP ADV SGL OCC,,2020-05-17 00:00:00,2999-12-31 00:00:00,,
2541,SFW,SLP ADV SGL OCC,SLP ADV SGL OCC,,2020-05-17 00:00:00,2999-12-31 00:00:00,,
2542,SFX,Flexipass (Standard),Flexipass (Standard),,2025-07-02 00:00:00,2999-12-31 00:00:00,12,02M00D
2544,SFY,TfW Seatfrog Upgrade,TfW Seatfrog Upgrade,,2024-10-16 00:00:00,2999-12-31 00:00:00,,
2545,SGA,Small Group Advance,Small Group Advance,,2012-11-29 00:00:00,2999-12-31 00:00:00,,
2546,SGD,Small Group Day,Small Group Day,,2020-09-25 00:00:00,2999-12-31 00:00:00,,
2547,SGP,Small Group Period,Small Group Period,,2012-04-17 00:00:00,2999-12-31 00:00:00,,
2548,SGV,Advance Single,Advance Single,,2022-09-22 00:00:00,2999-12-31 00:00:00,,
2549,SHF,Shearings (1st Class),Shearings 1st,,2012-02-21 00:00:00,2999-12-31 00:00:00,,
2550,SHR,Anytime Short Distance Return,Anytime Short Return,,2017-06-13 00:00:00,2999-12-31 00:00:00,,
2551,SHS,Shearings (Standard),Shearings (Standard),,2017-06-09 00:00:00,2999-12-31 00:00:00,,
2552,SHV,Advance Single,Advance Single,,2022-09-22 00:00:00,2999-12-31 00:00:00,,
2553,SI1,Package 1st,Package 1st,,2017-06-03 00:00:00,2999-12-31 00:00:00,,
2554,SI2,Package Standard,Package Standard,,2017-06-03 00:00:00,2999-12-31 00:00:00,,
2555,SIH,Scilly Islands Helicopter,Scilly Islands Helicopter,,2017-06-03 00:00:00,2999-12-31 00:00:00,,
2556,SJV,Advance Single,Advance Single,,2022-09-22 00:00:00,2999-12-31 00:00:00,,
2557,SK1,Promo Off Peak Day Single,Promo Off Peak Day Single,,2021-08-25 00:00:00,2999-12-31 00:00:00,,
2558,SK2,Promo Off Peak Day Return,Promo Off Peak Day Return,,2021-09-14 00:00:00,2999-12-31 00:00:00,,
2559,SK3,Promo Evening Out Single,Promo Evening Out Single,,2021-08-25 00:00:00,2999-12-31 00:00:00,,
2560,SK4,Promo Evening Out,Promo Evening Out,,2025-11-07 00:00:00,2999-12-31 00:00:00,,
2561,SK5,Promo Sunday Out Single,Promo Sunday Out Single,,2021-08-25 00:00:00,2999-12-31 00:00:00,,
2562,SK6,Promo Sunday Out,Promo Sunday Out,,2021-09-16 00:00:00,2999-12-31 00:00:00,,
2563,SK7,Promo Off Peak Return,Promo Off Peak Return,,2021-08-25 00:00:00,2999-12-31 00:00:00,,
2564,SK8,Promo Super Off Peak Single,Promo Super Off Peak Single,,2021-09-16 00:00:00,2999-12-31 00:00:00,,
2565,SK9,Promo Super Off Peak Return,Promo Super Off Peak Return,,2021-09-16 00:00:00,2999-12-31 00:00:00,,
2566,SKB,Advance Single,Advance Single,,2022-10-20 00:00:00,2999-12-31 00:00:00,,
2567,SKC,Advance Single,Advance Single,,2022-10-20 00:00:00,2999-12-31 00:00:00,,
2568,SKE,Advance Single,Advance Single,,2022-10-20 00:00:00,2999-12-31 00:00:00,,
2569,SKF,Advance Single,Advance Single,,2022-10-20 00:00:00,2999-12-31 00:00:00,,
2570,SKG,Advance Single,Advance Single,,2022-10-20 00:00:00,2999-12-31 00:00:00,,
2571,SKH,Advance Single,Advance Single,,2022-10-20 00:00:00,2999-12-31 00:00:00,,
2572,SKI,Advance Single,Advance Single,,2022-10-20 00:00:00,2999-12-31 00:00:00,,
2573,SKJ,Advance Single,Advance Single,,2022-10-20 00:00:00,2999-12-31 00:00:00,,
2574,SKV,Advance Single,Advance Single,,2022-09-22 00:00:00,2999-12-31 00:00:00,,
2575,SL1,Stena Level 1,Stena Level 1,,2019-05-17 00:00:00,2999-12-31 00:00:00,,
2576,SLA,SailRail Advance Single,SailRail Advance Single,,2012-04-17 00:00:00,2999-12-31 00:00:00,,
2577,SLD,SailRail Standby Single,SailRail Standby Single,,2016-10-07 00:00:00,2999-12-31 00:00:00,,
2578,SLV,Advance Single,Advance Single,,2022-09-22 00:00:00,2999-12-31 00:00:00,,
2579,SM0,Advance Single,Advance Single,,2025-03-02 00:00:00,2999-12-31 00:00:00,,
2580,SM1,Advance Single,Advance Single,,2025-03-02 00:00:00,2999-12-31 00:00:00,,
2581,SM2,Advance Single,Advance Single,,2025-03-02 00:00:00,2999-12-31 00:00:00,,
2582,SM3,Advance Single,Advance Single,,2025-03-02 00:00:00,2999-12-31 00:00:00,,
2583,SM4,Advance Single,Advance Single,,2025-03-02 00:00:00,2999-12-31 00:00:00,,
2584,SM5,Advance Single,Advance Single,,2025-03-02 00:00:00,2999-12-31 00:00:00,,
2585,SM6,Advance Single,Advance Single,,2025-03-02 00:00:00,2999-12-31 00:00:00,,
2586,SM7,Advance Single,Advance Single,,2025-03-02 00:00:00,2999-12-31 00:00:00,,
2587,SM8,Advance Single,Advance Single,,2025-03-02 00:00:00,2999-12-31 00:00:00,,
2588,SM9,Advance Single,Advance Single,,2025-03-02 00:00:00,2999-12-31 00:00:00,,
2589,SMO,TPE Staff Promotion,TPE Staff Promotion,,2017-06-09 00:00:00,2999-12-31 00:00:00,,
2590,SMV,Advance Single,Advance Single,,2023-10-28 00:00:00,2999-12-31 00:00:00,,
2591,SN2,Southern Standard Su,Southern Standard Su,,2017-10-18 00:00:00,2999-12-31 00:00:00,,
2592,SNO,Web Off-Peak Return,Web Off-Peak Return,,2012-04-16 00:00:00,2999-12-31 00:00:00,,
2593,SNP,Web Off-Peak Return,Web Off-Peak Return,,2012-04-16 00:00:00,2999-12-31 00:00:00,,
2594,SNR,Web Anytime Day Return,Web Anytime Day Return,,2009-11-19 00:00:00,2999-12-31 00:00:00,,
2595,SNS,Web Off-Peak Single,Web Off-Peak Single,,2012-04-16 00:00:00,2999-12-31 00:00:00,,
2596,SNT,Web Off-Peak Day Travelcard,Web Off-Peak Day Travelcard,,2018-05-20 00:00:00,2999-12-31 00:00:00,,
2597,SNU,Web Off-Peak Day Return (1st Class),Off-Peak Day Return 1st,,2012-04-16 00:00:00,2999-12-31 00:00:00,,
2598,SNV,Advance Single,Advance Single,,2023-10-28 00:00:00,2999-12-31 00:00:00,,
2599,SO0,Super Off-Peak Day Travelcard,Super Off-Peak Day Travelcard,,2018-09-02 00:00:00,2999-12-31 00:00:00,,
2600,SO1,Super Off-Peak Day Single,Super Off-Peak Day Single,,2024-05-16 00:00:00,2999-12-31 00:00:00,,
2601,SO2,Super Off-Peak Day Return,Super Off-Peak Day Return,,2018-05-09 00:00:00,2999-12-31 00:00:00,,
2602,SOA,Super Off-Peak Day Single,Super Off-Peak Day Single,,2017-05-25 00:00:00,2999-12-31 00:00:00,,
2603,SOB,Super Off-Peak Day Return,Super Off-Peak Day Return,,2017-05-25 00:00:00,2999-12-31 00:00:00,,
2604,SOC,SG Sup Off Pk S,SG Sup Off Pk S,,2025-04-15 00:00:00,2999-12-31 00:00:00,3,00M01D
2605,SOD,SG Sup Off Pk R,SG Sup Off Pk R,,2025-04-15 00:00:00,2999-12-31 00:00:00,3,00M01D
2606,SOE,Super Off-Peak Day Travelcard,Super Off-Peak Day Travelcard,,2018-05-20 00:00:00,2999-12-31 00:00:00,,
2607,SOF,Super Off-Peak Day Return (1st Class),Super Off-Peak Day Return 1,,2021-05-30 00:00:00,2999-12-31 00:00:00,,
2608,SOG,Super Off-Peak Day Single,Super Off-Peak Day Single,,2017-05-26 00:00:00,2999-12-31 00:00:00,,
2609,SOH,Super Off-Peak Day Return,Super Off-Peak Day Return,,2017-05-26 00:00:00,2999-12-31 00:00:00,,
2610,SOI,Super Off-Peak Day Travelcard,Super Off-Peak Day Travelcard,,2018-05-20 00:00:00,2999-12-31 00:00:00,,
2611,SOK,Super Off-Peak Day Single,Super Off-Peak Day Single,,2018-11-22 00:00:00,2999-12-31 00:00:00,,
2612,SOL,Super Off-Peak Day Return,Super Off-Peak Day Return,,2018-11-22 00:00:00,2999-12-31 00:00:00,,
2613,SOP,Super Off-Peak Return,Super Off-Peak Return,,2017-06-05 00:00:00,2999-12-31 00:00:00,,
2614,SOR,Anytime Return,Anytime Return,,2017-05-23 00:00:00,2999-12-31 00:00:00,,
2615,SOS,Anytime Single,Anytime Single,,2017-05-23 00:00:00,2999-12-31 00:00:00,,
2616,SOT,Super Off-Peak Day Travelcard,Super Off-Peak Day Travelcard,,2018-05-20 00:00:00,2999-12-31 00:00:00,,
2617,SOV,Advance Single,Advance Single,,2023-10-28 00:00:00,2999-12-31 00:00:00,,
2618,SOW,Weekend Super Off-Peak Day Return,W Super Off-Peak Day Return,,2019-03-26 00:00:00,2999-12-31 00:00:00,,
2619,SOX,Weekend Super Off-Peak Day Single,W Super Off-Peak Day Single,,2019-03-26 00:00:00,2999-12-31 00:00:00,,
2620,SOY,WEB SUP OFFPK DAYTC,WEB SUP OFFPK DAYTC,,2019-03-26 00:00:00,2999-12-31 00:00:00,,
2621,SP3,1 Month (1st Class),1 Month (1st Class),,2011-01-05 00:00:00,2999-12-31 00:00:00,,
2622,SP4,1 Month (Standard),1 Month (Standard),,2011-01-05 00:00:00,2999-12-31 00:00:00,,
2623,SPG,Standard plus parking,Standard plus parking,,2017-06-01 00:00:00,2999-12-31 00:00:00,,
2624,SPN,LNER Group Single,LNER Group Single,,2018-06-18 00:00:00,2999-12-31 00:00:00,,
2625,SPO,Southeastern Promotion,Southeastern Promotion,,2021-05-30 00:00:00,2999-12-31 00:00:00,,
2626,SPQ,Southeastern Anytime Promotion,Southeastern Anytime Promotion,,2021-05-30 00:00:00,2999-12-31 00:00:00,,
2627,SPR,Super Off-Peak Return,Super Off-Peak Return,,2017-09-08 00:00:00,2999-12-31 00:00:00,,
2628,SPS,Super Off-Peak Single,Super Off-Peak Single,,2017-09-08 00:00:00,2999-12-31 00:00:00,,
2629,SPU,Business Plus,Business Plus,,2011-03-01 00:00:00,2999-12-31 00:00:00,,
2630,SPV,Advance Single,Advance Single,,2023-10-28 00:00:00,2999-12-31 00:00:00,,
2631,SQ0,Advance Single,Advance Single,,2025-03-21 00:00:00,2999-12-31 00:00:00,,
2632,SQ1,Advance Single,Advance Single,,2025-03-21 00:00:00,2999-12-31 00:00:00,,
2633,SQ2,Advance Single,Advance Single,,2025-03-21 00:00:00,2999-12-31 00:00:00,,
2634,SQ3,Advance Single,Advance Single,,2025-03-21 00:00:00,2999-12-31 00:00:00,,
2635,SQ4,Advance Single,Advance Single,,2025-03-21 00:00:00,2999-12-31 00:00:00,,
2636,SQ5,Advance Single,Advance Single,,2025-03-21 00:00:00,2999-12-31 00:00:00,,
2637,SQ6,Advance Single,Advance Single,,2025-03-21 00:00:00,2999-12-31 00:00:00,,
2638,SQ7,Advance Single,Advance Single,,2025-03-21 00:00:00,2999-12-31 00:00:00,,
2639,SQ8,Advance Single,Advance Single,,2025-03-21 00:00:00,2999-12-31 00:00:00,,
2640,SQ9,Advance Single,Advance Single,,2025-03-21 00:00:00,2999-12-31 00:00:00,,
2641,SQF,Friends Fare,Friends Fare,,2017-06-05 00:00:00,2999-12-31 00:00:00,4,00M01D
2642,SQV,Advance Single,Advance Single,,2023-10-28 00:00:00,2999-12-31 00:00:00,,
2643,SR1,ScotRail STAFF 1st,ScotRail STAFF 1st,,2022-12-03 00:00:00,2999-12-31 00:00:00,,
2644,SR2,ScotRail STAFF Std,ScotRail STAFF Std,,2022-12-03 00:00:00,2999-12-31 00:00:00,,
2645,SRC,PAYG Journey,PAYG Journey,,2024-03-07 00:00:00,2999-12-31 00:00:00,,
2646,SRD,SR PAYG JOURNEY,SR PAYG JOURNEY,,2024-03-07 00:00:00,2999-12-31 00:00:00,4,00M01D
2647,SRF,Seat Reservation Fee,Seat Reservation Fee,,2009-02-13 00:00:00,2999-12-31 00:00:00,,
2648,SRR,Super Off-Peak Day Return,Super Off-Peak Day Return,,2021-06-03 00:00:00,2999-12-31 00:00:00,,
2649,SS0,SuperSaturday Southeastern Special Offer,SuperSaturday Southeastern Special Offer,,2018-02-06 00:00:00,2999-12-31 00:00:00,,
2650,SS2,Super Off-Peak Single (Online),Super Off-Peak Single,,2017-06-01 00:00:00,2999-12-31 00:00:00,,
2651,SS4,SuperSaturday Season Ticket Holder Offer,SuperSaturday Season Ticket Holder Offer,,2021-05-30 00:00:00,2999-12-31 00:00:00,,
2652,SSC,Standard Shared Cabin,Standard Shared Cabin,,2017-06-03 00:00:00,2999-12-31 00:00:00,,
2653,SSH,Super Off-Peak Single (Online),Super Off-Peak Single,,2017-06-24 00:00:00,2999-12-31 00:00:00,,
2654,SSJ,Seating Single,Seating Single,,2017-05-31 00:00:00,2999-12-31 00:00:00,,
2655,SSK,Seating Single,Seating Single,,2017-05-31 00:00:00,2999-12-31 00:00:00,,
2656,SSL,Seating Single,Seating Single,,2017-05-31 00:00:00,2999-12-31 00:00:00,,
2657,SSM,Seating Single,Seating Single,,2017-05-31 00:00:00,2999-12-31 00:00:00,,
2658,SSN,Seating Single,Seating Single,,2017-05-31 00:00:00,2999-12-31 00:00:00,,
2659,SSR,Super Off-Peak Return,Super Off-Peak Return,,2017-05-23 00:00:00,2999-12-31 00:00:00,,
2660,SSS,Super Off-Peak Single,Super Off-Peak Single,,2017-05-23 00:00:00,2999-12-31 00:00:00,,
2661,SST,Stroud Special,Stroud Special,,2011-09-21 00:00:00,2999-12-31 00:00:00,,
2662,SSU,Super Off-Peak Single (Online),Super Off-Peak Single (Online),,2017-06-02 00:00:00,2999-12-31 00:00:00,,
2663,STM,Network Student (Term),Network Student (Term),,2017-06-24 00:00:00,2999-12-31 00:00:00,,
2664,STO,Super Off-Peak Day Travelcard,Super Off-Peak Day Travelcard,,2018-05-20 00:00:00,2999-12-31 00:00:00,,
2665,STP,Super Off-Peak Day Travelcard,Super Off-Peak Day Travelcard,,2018-05-20 00:00:00,2999-12-31 00:00:00,,
2666,SU0,Advance Single,Advance Single,,2025-03-21 00:00:00,2999-12-31 00:00:00,,
2667,SU1,Advance Single,Advance Single,,2025-03-21 00:00:00,2999-12-31 00:00:00,,
2668,SU2,Advance Single,Advance Single,,2025-03-21 00:00:00,2999-12-31 00:00:00,,
2669,SU3,Advance Single,Advance Single,,2025-03-21 00:00:00,2999-12-31 00:00:00,,
2670,SU4,Advance Single,Advance Single,,2025-03-21 00:00:00,2999-12-31 00:00:00,,
2671,SU5,Advance Single,Advance Single,,2025-03-21 00:00:00,2999-12-31 00:00:00,,
2672,SU6,Advance Single,Advance Single,,2025-03-21 00:00:00,2999-12-31 00:00:00,,
2673,SU7,Advance Single,Advance Single,,2025-03-21 00:00:00,2999-12-31 00:00:00,,
2674,SU8,Advance Single,Advance Single,,2025-03-21 00:00:00,2999-12-31 00:00:00,,
2675,SU9,Advance Single,Advance Single,,2025-03-21 00:00:00,2999-12-31 00:00:00,,
2676,SUA,Sunday Out Single,Sunday Out Single,,2021-06-05 00:00:00,2999-12-31 00:00:00,,
2677,SUB,Sunday Out Return,Sunday Out Return,,2021-06-05 00:00:00,2999-12-31 00:00:00,,
2678,SUP,Super Off-Peak Day Travelcard,Super Off-Peak Day Travelcard,,2018-11-22 00:00:00,2999-12-31 00:00:00,,
2679,SUS,Rail Staff Travel Single,Rail Staff Travel Single,,2022-04-28 00:00:00,2999-12-31 00:00:00,,
2680,SUT,Sunday Out Travelcard,Sunday Out Travelcard,,2021-06-16 00:00:00,2999-12-31 00:00:00,,
2681,SV1,Off-Peak Single,Off-Peak Single,,2018-09-05 00:00:00,2999-12-31 00:00:00,,
2682,SV2,Off-Peak Return,Off-Peak Return,,2018-05-09 00:00:00,2999-12-31 00:00:00,,
2683,SVB,7 Day Busrl SW,7 Day Busrl SW,,2017-06-03 00:00:00,2999-12-31 00:00:00,,
2684,SVH,Off Peak Single (Online),Off Peak Single,,2017-06-15 00:00:00,2999-12-31 00:00:00,,
2685,SVR,Off-Peak Return,Off-Peak Return,,2017-05-23 00:00:00,2999-12-31 00:00:00,,
2686,SVS,Off-Peak Single,Off-Peak Single,,2017-11-02 00:00:00,2999-12-31 00:00:00,,
2687,SWB,Promo Day Return,Promo Day Return,,2020-09-26 00:00:00,2999-12-31 00:00:00,,
2688,SWF,Promo Day Return 1st Class,Promo Day Return (First Class),,2020-09-26 00:00:00,2999-12-31 00:00:00,,
2689,SWK,STD Long Weekender,STD Long Weekender,,2024-06-02 00:00:00,2999-12-31 00:00:00,,
2690,SWS,Super Off-Peak Day Single,Super Off-Peak Day Single,,2021-06-03 00:00:00,2999-12-31 00:00:00,,
2691,SWU,SWR Weekend Upgrade,SWR Weekend Upgrade,,2017-08-23 00:00:00,2999-12-31 00:00:00,,
2692,SWZ,SWR Staff Ranger,SWR Staff Ranger,,2025-05-24 00:00:00,2999-12-31 00:00:00,,
2693,SX0,Advance Single,Advance Single,,2025-03-21 00:00:00,2999-12-31 00:00:00,,
2694,SX1,Advance Single,Advance Single,,2025-03-21 00:00:00,2999-12-31 00:00:00,,
2695,SX2,Advance Single,Advance Single,,2025-03-21 00:00:00,2999-12-31 00:00:00,,
2696,SX3,Advance Single,Advance Single,,2025-03-21 00:00:00,2999-12-31 00:00:00,,
2697,SX4,Advance Single,Advance Single,,2025-03-21 00:00:00,2999-12-31 00:00:00,,
2698,SX5,Advance Single,Advance Single,,2025-03-21 00:00:00,2999-12-31 00:00:00,,
2699,SX6,Advance Single,Advance Single,,2025-03-21 00:00:00,2999-12-31 00:00:00,,
2700,SX7,Advance Single,Advance Single,,2025-03-21 00:00:00,2999-12-31 00:00:00,,
2701,SX8,Advance Single,Advance Single,,2025-03-21 00:00:00,2999-12-31 00:00:00,,
2702,SX9,Advance Single,Advance Single,,2025-03-21 00:00:00,2999-12-31 00:00:00,,
2703,SXD,St Ives Day Ranger,St Ives Day Ranger,,2023-07-26 00:00:00,2999-12-31 00:00:00,,
2704,SXF,St Ives Day Ranger Family,St Ives Day Ranger Family,,2023-07-22 00:00:00,2999-12-31 00:00:00,2,00M01D
2705,SXG,St Ives Day Ranger Group,St Ives Day Ranger Group,,2023-07-26 00:00:00,2999-12-31 00:00:00,4,00M01D
2706,SY0,Advance Single (1st Class),Advance Single (1st Class),,2025-03-21 00:00:00,2999-12-31 00:00:00,,
2707,SY1,Advance Single (1st Class),Advance Single (1st Class),,2025-03-21 00:00:00,2999-12-31 00:00:00,,
2708,SY2,Advance Single (1st Class),Advance Single (1st Class),,2025-03-21 00:00:00,2999-12-31 00:00:00,,
2709,SY3,Advance Single (1st Class),Advance Single (1st Class),,2025-03-21 00:00:00,2999-12-31 00:00:00,,
2710,SY4,Advance Single (1st Class),Advance Single (1st Class),,2025-03-21 00:00:00,2999-12-31 00:00:00,,
2711,SY5,Advance Single (1st Class),Advance Single (1st Class),,2025-03-21 00:00:00,2999-12-31 00:00:00,,
2712,SY6,Advance Single (1st Class),Advance Single (1st Class),,2025-03-21 00:00:00,2999-12-31 00:00:00,,
2713,SY7,Advance Single (1st Class),Advance Single (1st Class),,2025-03-21 00:00:00,2999-12-31 00:00:00,,
2714,SY8,Advance Single (1st Class),Advance Single (1st Class),,2025-03-21 00:00:00,2999-12-31 00:00:00,,
2715,SY9,Advance Single (1st Class),Advance Single (1st Class),,2025-03-21 00:00:00,2999-12-31 00:00:00,,
2716,SZL,Scilly Islands Long Stay,Scilly Islands Long Stay,,2017-06-03 00:00:00,2999-12-31 00:00:00,,
2717,SZS,Scilly Islands Short Stay,Scilly Islands Short Stay,,2017-06-03 00:00:00,2999-12-31 00:00:00,,
2718,T1A,TOUR OP 1ST A,TOUR OP 1ST A,,2019-11-19 00:00:00,2999-12-31 00:00:00,,
2719,T1B,TOUR OP 1ST B,TOUR OP 1ST B,,2019-11-19 00:00:00,2999-12-31 00:00:00,,
2720,T1C,TOUR OP 1ST C,TOUR OP 1ST C,,2019-11-19 00:00:00,2999-12-31 00:00:00,,
2721,T1D,TOUR OP 1ST D,TOUR OP 1ST D,,2019-11-19 00:00:00,2999-12-31 00:00:00,,
2722,T1E,TOUR OP 1ST E,TOUR OP 1ST E,,2019-11-19 00:00:00,2999-12-31 00:00:00,,
2723,T1F,TOUR OP 1ST F,TOUR OP 1ST F,,2019-11-19 00:00:00,2999-12-31 00:00:00,,
2724,T1G,TOUR OP 1ST G,TOUR OP 1ST G,,2019-11-19 00:00:00,2999-12-31 00:00:00,,
2725,T1H,TOUR OP 1ST H,TOUR OP 1ST H,,2019-11-19 00:00:00,2999-12-31 00:00:00,,
2726,T1R,Through Off-Peak Day Return Family (1 adult+2,Off-Pk Day Rtn Family (1A+2C),,2014-06-03 00:00:00,2999-12-31 00:00:00,,
2727,T2A,TOUR OP STD A,TOUR OP STD A,,2019-11-19 00:00:00,2999-12-31 00:00:00,,
2728,T2B,TOUR OP STD B,TOUR OP STD B,,2019-11-19 00:00:00,2999-12-31 00:00:00,,
2729,T2C,TOUR OP STD C,TOUR OP STD C,,2019-11-19 00:00:00,2999-12-31 00:00:00,,
2730,T2D,TOUR OP STD D,TOUR OP STD D,,2019-11-19 00:00:00,2999-12-31 00:00:00,,
2731,T2E,TOUR OP STD E,TOUR OP STD E,,2019-11-19 00:00:00,2999-12-31 00:00:00,,
2732,T2F,TOUR OP STD F,TOUR OP STD F,,2019-11-19 00:00:00,2999-12-31 00:00:00,,
2733,T2G,TOUR OP STD G,TOUR OP STD G,,2019-11-19 00:00:00,2999-12-31 00:00:00,,
2734,T2H,TOUR OP STD H,TOUR OP STD H,,2019-11-19 00:00:00,2999-12-31 00:00:00,,
2735,T2R,Through Off-Peak Day Return Family (2 adults ,Off-Pk Day Rtn Family (2A+4C),,2014-06-04 00:00:00,2999-12-31 00:00:00,2,00M01D
2736,TAF,TPE Airport Semiflex Return,TPE Airport Semiflex Return,,2018-08-18 00:00:00,2999-12-31 00:00:00,,
2737,TAP,Travel + Pint,Travel + Pint,,2017-06-04 00:00:00,2999-12-31 00:00:00,,
2738,TAT,Test 2A B STD,Test 2A B STD,,2026-02-14 00:00:00,2999-12-31 00:00:00,,
2739,TBT,Test 1A B FIRST,Test 1A B FIRST,,2026-02-14 00:00:00,2999-12-31 00:00:00,,
2740,TCR,TFW ONLY CONCESSIONARY UNDER 16 RETURN,TFW ONLY CONCESSIONARY UNDER 16 RETURN,,2023-05-04 00:00:00,2999-12-31 00:00:00,,
2741,TCS,TFW ONLY CONCESSIONARY UNDER 16 SINGLE ,TFW ONLY CONCESSIONARY UNDER 16 SINGLE ,,2023-02-16 00:00:00,2999-12-31 00:00:00,,
2742,TDR,Through Off-Peak Day Return,Through Off-Peak Day Return,,2017-06-03 00:00:00,2999-12-31 00:00:00,,
2743,TDT,Test 2B A STD,Test 2B A STD,,2026-02-14 00:00:00,2999-12-31 00:00:00,,
2744,TER,Through Off-Peak Day Return Senior,Through Off-Peak Day Return Senior,,2017-06-03 00:00:00,2999-12-31 00:00:00,,
2745,TET,Test 1B A FIRST,Test 1B A FIRST,,2026-02-14 00:00:00,2999-12-31 00:00:00,,
2746,TF7,Travelcard Smart 7 Day (1st Class),Travelcard Smart 7 Day (1st Class),,2022-03-01 00:00:00,2999-12-31 00:00:00,,
2747,TFA,Daily Cap PAYG,Daily Cap PAYG,,2023-05-10 00:00:00,2999-12-31 00:00:00,,
2748,TFB,Weekly Cap PAYG,Weekly Cap PAYG,,2023-05-10 00:00:00,2999-12-31 00:00:00,,
2749,TFF,2 for 1 (1st Class),2 for 1 (1st Class),,2002-12-05 00:00:00,2999-12-31 00:00:00,,
2750,TFH,ITX First High Season,ITX First High Season,,2017-06-09 00:00:00,2999-12-31 00:00:00,,
2751,TFL,ITX First Low Season,ITX First Low Season,,2017-06-09 00:00:00,2999-12-31 00:00:00,,
2752,TFS,2 for 1 Standard,2 for 1 Standard,,2002-12-05 00:00:00,2999-12-31 00:00:00,,
2753,TFW,PAYG Single,PAYG Single,,2022-09-13 00:00:00,2999-12-31 00:00:00,,
2754,TFX,PAYG Daily Cap,PAYG Daily Cap,,2022-09-13 00:00:00,2999-12-31 00:00:00,,
2755,TFY,PAYG Weekly Cap,PAYG Weekly Cap,,2024-03-13 00:00:00,2999-12-31 00:00:00,,
2756,TGF,PAYG Rev Inspect Chg,PAYG Rev Inspect Chg,,2024-08-15 00:00:00,2999-12-31 00:00:00,,
2757,TIS,Promo Advance,Promo Advance,,2024-10-18 00:00:00,2999-12-31 00:00:00,,
2758,TIT,Promo Advance,Promo Advance,,2024-10-18 00:00:00,2999-12-31 00:00:00,,
2759,TKR,Accompanied Child Return,Accompanied Child Return,,2022-08-09 00:00:00,2999-12-31 00:00:00,,
2760,TKS,Accompanied Child Single,Accompanied Child Single,,2022-08-09 00:00:00,2999-12-31 00:00:00,,
2761,TKT,Accompanied Child Travelcard,Accompanied Child Travelcard,,2024-04-11 00:00:00,2999-12-31 00:00:00,,
2762,TL1,Thameslink-Gatwick Express 1st Single Upgrade,TL-GEX 1st Single Upgrade,,2017-10-18 00:00:00,2999-12-31 00:00:00,,
2763,TL2,Thameslink-Gatwick Express Single Upgrade,TL-GEX Single Upgrade,,2017-10-18 00:00:00,2999-12-31 00:00:00,,
2764,TMA,Travelmaster 12 Months,Travelmaster 12 Months,,2004-06-25 00:00:00,2999-12-31 00:00:00,,
2765,TMM,Travelmaster 28 Day,Travelmaster 28 Day,,2017-01-02 00:00:00,2999-12-31 00:00:00,,
2766,TMW,Travelmaster 7 Day,Travelmaster 7 Day,,2017-06-02 00:00:00,2999-12-31 00:00:00,,
2767,TP1,Advance Single (1st Class),Advance Single (1st Class),,2020-07-02 00:00:00,2999-12-31 00:00:00,,
2768,TP2,1st Class Upgrade Single,1st Class Upgrade Single,,2020-04-08 00:00:00,2999-12-31 00:00:00,,
2769,TP3,Advance Single (1st Class),Advance Single 1st,,2020-07-02 00:00:00,2999-12-31 00:00:00,,
2770,TP4,Advance Single,Advance Single,,2020-04-01 00:00:00,2999-12-31 00:00:00,,
2771,TP6,Bus Day Rover,Bus Day Rover,,2017-10-03 00:00:00,2999-12-31 00:00:00,,
2772,TP7,Moors Bus Day Rover,Moors Bus Day Rover,,2017-10-03 00:00:00,2999-12-31 00:00:00,9,00M01D
2773,TPS,Seatfrog Swap Standard ,Seatfrog Swap Standard ,,2023-08-16 00:00:00,2999-12-31 00:00:00,,
2774,TQ1,Conference Package 1,Conference Package 1,,2017-06-03 00:00:00,2999-12-31 00:00:00,,
2775,TQ2,Conference Package,Conference Package,,2017-06-03 00:00:00,2999-12-31 00:00:00,,
2776,TRF,Travelcard Season (1st Class),Travelcard 1st,,2020-07-31 00:00:00,2999-12-31 00:00:00,,
2777,TRN,TrnLink LIV,TrnLink LIV,,2024-04-24 00:00:00,2999-12-31 00:00:00,,
2778,TRO,TrnLink LIV,TrnLink LIV,,2024-04-24 00:00:00,2999-12-31 00:00:00,,
2779,TRP,TrainLink C,TrainLink C,,2024-04-24 00:00:00,2999-12-31 00:00:00,,
2780,TRQ,TrainLink C 16-18,TrainLink C 16-18,,2024-04-24 00:00:00,2999-12-31 00:00:00,,
2781,TRS,Travelcard Smart (Standard Class),Travelcard Smart (Standard Class),,2022-03-01 00:00:00,2999-12-31 00:00:00,,
2782,TRV,Travelcard Season,Travelcard,,2020-07-31 00:00:00,2999-12-31 00:00:00,,
2783,TS7,Travelcard Smart 7 Day (Standard Class),Travelcard Smart 7 Day (Standard Class),,2022-03-01 00:00:00,2999-12-31 00:00:00,,
2784,TSD,Transpennine Staff Rover,Transpennine Staff Rover,,2023-07-19 00:00:00,2999-12-31 00:00:00,,
2785,TSH,ITX Standard High Season,ITX Standard High Season,,2017-06-09 00:00:00,2999-12-31 00:00:00,,
2786,TSL,ITX STD LOW,ITX STD LOW,,2017-06-09 00:00:00,2999-12-31 00:00:00,,
2787,TSP,Seatfrog Swap First,Seatfrog Swap First,,2023-08-16 00:00:00,2999-12-31 00:00:00,,
2788,TVF,Travelcard Smart (1st Class),Travelcard Smart (1st Class),,2022-03-01 00:00:00,2999-12-31 00:00:00,,
2789,TVS,Traveller Single,Traveller Single,,2017-06-04 00:00:00,2999-12-31 00:00:00,,
2790,TWC,Travel without charge,Travel without charge,,2017-09-12 00:00:00,2999-12-31 00:00:00,,
2791,U10,Fixed Single,Fixed Single,,2026-02-05 00:00:00,2999-12-31 00:00:00,,
2792,U11,Fixed Single,Fixed Single,,2026-02-05 00:00:00,2999-12-31 00:00:00,,
2793,U12,Fixed Single,Fixed Single,,2026-02-05 00:00:00,2999-12-31 00:00:00,,
2794,U1S,Fixed Single,Fixed Single,,2026-02-05 00:00:00,2999-12-31 00:00:00,,
2795,U2S,Fixed Single,Fixed Single,,2026-01-21 00:00:00,2999-12-31 00:00:00,,
2796,U3S,Fixed Single,Fixed Single,,2026-02-05 00:00:00,2999-12-31 00:00:00,,
2797,U41,AWC 1st Corp Upgrade,AWC 1st Corp Upgrade,,2021-05-27 00:00:00,2999-12-31 00:00:00,,
2798,U4S,Fixed Single,Fixed Single,,2026-02-05 00:00:00,2999-12-31 00:00:00,,
2799,U5S,Fixed Single,Fixed Single,,2026-02-05 00:00:00,2999-12-31 00:00:00,,
2800,U6S,Fixed Single,Fixed Single,,2026-02-05 00:00:00,2999-12-31 00:00:00,,
2801,U7S,Fixed Single,Fixed Single,,2026-02-05 00:00:00,2999-12-31 00:00:00,,
2802,U8S,Fixed Single,Fixed Single,,2026-01-21 00:00:00,2999-12-31 00:00:00,,
2803,U9S,Fixed Single,Fixed Single,,2026-02-05 00:00:00,2999-12-31 00:00:00,,
2804,UAQ,AVANTI STD PREMIUM,AVANTI STD PREMIUM,,2021-05-09 00:00:00,2999-12-31 00:00:00,,
2805,UBB,Ullswater Bus & Boat,Ullswater Bus & Boat,,2017-06-09 00:00:00,2999-12-31 00:00:00,,
2806,UFA,Advance Single (1st Class),Advance Single 1st,,2013-03-27 00:00:00,2999-12-31 00:00:00,,
2807,UFB,Advance Single (1st Class),Advance Single 1st,,2013-03-27 00:00:00,2999-12-31 00:00:00,,
2808,UFC,Advance Single (1st Class),Advance Single 1st,,2013-03-27 00:00:00,2999-12-31 00:00:00,,
2809,UFD,Advance Single (1st Class),Advance Single 1st,,2013-03-27 00:00:00,2999-12-31 00:00:00,,
2810,UFE,Advance Single (1st Class),Advance Single 1st,,2013-03-27 00:00:00,2999-12-31 00:00:00,,
2811,UFF,Advance Single (1st Class),Advance Single 1st,,2013-03-27 00:00:00,2999-12-31 00:00:00,,
2812,UFG,Advance Single (1st Class),Advance Single 1st,,2013-03-27 00:00:00,2999-12-31 00:00:00,,
2813,UFH,Advance Single (1st Class),Advance Single 1st,,2013-07-29 00:00:00,2999-12-31 00:00:00,,
2814,UFI,Advance Single (1st Class),Advance Single 1st,,2013-07-29 00:00:00,2999-12-31 00:00:00,,
2815,UFJ,Advance Single (1st Class),Advance Single (1st Class),,2023-01-11 00:00:00,2999-12-31 00:00:00,,
2816,UFK,Advance Single (1st Class),Advance Single (1st Class),,2023-01-11 00:00:00,2999-12-31 00:00:00,,
2817,UFL,Advance Single (1st Class),Advance Single (1st Class),,2023-01-11 00:00:00,2999-12-31 00:00:00,,
2818,UFM,Advance Single (1st Class),Advance Single (1st Class),,2023-01-11 00:00:00,2999-12-31 00:00:00,,
2819,UFN,Advance Single (1st Class),Advance Single (1st Class),,2023-01-11 00:00:00,2999-12-31 00:00:00,,
2820,UFO,Advance Single (1st Class),Advance Single (1st Class),,2023-01-11 00:00:00,2999-12-31 00:00:00,,
2821,UFP,Advance Single (1st Class),Advance Single (1st Class),,2023-01-11 00:00:00,2999-12-31 00:00:00,,
2822,UFQ,Advance Single (1st Class),Advance Single (1st Class),,2023-01-11 00:00:00,2999-12-31 00:00:00,,
2823,UFR,Advance Single (1st Class),Advance Single (1st Class),,2024-03-28 00:00:00,2999-12-31 00:00:00,,
2824,UFS,Advance Single (1st Class),Advance Single (1st Class),,2024-03-28 00:00:00,2999-12-31 00:00:00,,
2825,UFT,Advance Single (1st Class),Advance Single (1st Class),,2024-03-28 00:00:00,2999-12-31 00:00:00,,
2826,UFU,Advance Single (1st Class),Advance Single (1st Class),,2024-03-28 00:00:00,2999-12-31 00:00:00,,
2827,UFV,Advance Single (1st Class),Advance Single (1st Class),,2024-03-28 00:00:00,2999-12-31 00:00:00,,
2828,UFW,Advance Single (1st Class),Advance Single (1st Class),,2024-03-28 00:00:00,2999-12-31 00:00:00,,
2829,UFX,Advance Single (1st Class),Advance Single (1st Class),,2024-03-28 00:00:00,2999-12-31 00:00:00,,
2830,UFY,Advance Single (1st Class),Advance Single (1st Class),,2024-03-28 00:00:00,2999-12-31 00:00:00,,
2831,UFZ,Advance Single (1st Class),Advance Single (1st Class),,2024-03-28 00:00:00,2999-12-31 00:00:00,,
2832,UG1,Seatfrog Upgrade Seat to Classic,Seatfrog Upgrade Seat to Classic,,2020-08-29 00:00:00,2999-12-31 00:00:00,2,00M01D
2833,UG2,Seatfrog Upgrade Seat to Club,Seatfrog Upgrade Seat to Club,,2020-08-29 00:00:00,2999-12-31 00:00:00,2,00M01D
2834,UG3,Seatfrog Upgrade Classic to Club,Seatfrog Upgrade Classic to Club,,2020-08-29 00:00:00,2999-12-31 00:00:00,2,00M01D
2835,UOP,Off-Peak Upgrade,Off-Peak Upgrade,,2017-09-13 00:00:00,2999-12-31 00:00:00,,
2836,UPG,Festival Upgrade,Festival Upgrade,,2012-08-10 00:00:00,2999-12-31 00:00:00,,
2837,USA,Advance Single,Advance Single,,2013-03-27 00:00:00,2999-12-31 00:00:00,,
2838,USB,Advance Single,Advance Single,,2013-03-27 00:00:00,2999-12-31 00:00:00,,
2839,USC,Advance Single,Advance Single,,2013-03-27 00:00:00,2999-12-31 00:00:00,,
2840,USD,Advance Single,Advance Single,,2013-03-27 00:00:00,2999-12-31 00:00:00,,
2841,USE,Advance Single,Advance Single,,2013-03-27 00:00:00,2999-12-31 00:00:00,,
2842,USF,Advance Single,Advance Single,,2013-03-27 00:00:00,2999-12-31 00:00:00,,
2843,USG,Advance Single,Advance Single,,2022-06-08 00:00:00,2999-12-31 00:00:00,,
2844,USH,Advance Single,Advance Single,,2013-07-29 00:00:00,2999-12-31 00:00:00,,
2845,USI,Advance Single,Advance Single,,2013-07-29 00:00:00,2999-12-31 00:00:00,,
2846,USJ,Advance Single,Advance Single,,2017-09-14 00:00:00,2999-12-31 00:00:00,,
2847,USK,Advance Single,Advance Single,,2017-09-19 00:00:00,2999-12-31 00:00:00,,
2848,USL,Advance Single,Advance Single,,2023-01-11 00:00:00,2999-12-31 00:00:00,,
2849,USM,Advance Single,Advance Single,,2023-01-11 00:00:00,2999-12-31 00:00:00,,
2850,USN,Advance Single,Advance Single,,2023-01-11 00:00:00,2999-12-31 00:00:00,,
2851,USO,Advance Single,Advance Single,,2023-01-11 00:00:00,2999-12-31 00:00:00,,
2852,USP,Advance Single,Advance Single,,2023-01-11 00:00:00,2999-12-31 00:00:00,,
2853,USQ,Advance Single,Advance Single,,2023-01-11 00:00:00,2999-12-31 00:00:00,,
2854,USR,Advance Single,Advance Single,,2023-01-11 00:00:00,2999-12-31 00:00:00,,
2855,USS,Advance Single,Advance Single,,2022-09-04 00:00:00,2999-12-31 00:00:00,,
2856,UST,Advance Single,Advance Single,,2022-09-04 00:00:00,2999-12-31 00:00:00,,
2857,USU,Advance Single,Advance Single,,2022-09-04 00:00:00,2999-12-31 00:00:00,,
2858,USV,Advance Single,Advance Single,,2022-09-04 00:00:00,2999-12-31 00:00:00,,
2859,USW,Advance Single,Advance Single,,2016-06-06 00:00:00,2999-12-31 00:00:00,,
2860,USX,Advance Single,Advance Single,,2016-06-06 00:00:00,2999-12-31 00:00:00,,
2861,USY,Advance Single,Advance Single,,2016-06-06 00:00:00,2999-12-31 00:00:00,,
2862,USZ,Advance Single,Advance Single,,2016-06-06 00:00:00,2999-12-31 00:00:00,,
2863,V1A,Advance Single (1st Class),Advance Single 1st,,2020-11-12 00:00:00,2999-12-31 00:00:00,,
2864,V1B,Advance Single (1st Class),Advance Single 1st,,2020-11-12 00:00:00,2999-12-31 00:00:00,,
2865,V1C,Advance Single (1st Class),Advance Single 1st,,2020-11-12 00:00:00,2999-12-31 00:00:00,,
2866,V1D,Advance Single (1st Class),Advance Single 1st,,2020-11-12 00:00:00,2999-12-31 00:00:00,,
2867,V1E,Advance Single (1st Class),Advance Single 1st,,2020-11-12 00:00:00,2999-12-31 00:00:00,,
2868,V1F,Advance Single (1st Class),Advance Single 1st,,2020-11-12 00:00:00,2999-12-31 00:00:00,,
2869,V1G,Advance Single (1st Class),Advance Single 1st,,2020-11-12 00:00:00,2999-12-31 00:00:00,,
2870,V1H,Advance Single (1st Class),Advance Single 1st,,2020-11-12 00:00:00,2999-12-31 00:00:00,,
2871,V1I,Advance Single (1st Class),Advance Single 1st,,2020-11-12 00:00:00,2999-12-31 00:00:00,,
2872,V1J,Advance Single (1st Class),Advance Single 1st,,2020-11-12 00:00:00,2999-12-31 00:00:00,,
2873,V1K,Advance Single (1st Class),Advance Single 1st,,2020-11-12 00:00:00,2999-12-31 00:00:00,,
2874,V1L,Advance Single (1st Class),Advance Single 1st,,2020-11-12 00:00:00,2999-12-31 00:00:00,,
2875,V1M,Advance Single (1st Class),Advance Single 1st,,2020-11-12 00:00:00,2999-12-31 00:00:00,,
2876,V1N,Advance Single (1st Class),Advance Single 1st,,2020-11-12 00:00:00,2999-12-31 00:00:00,,
2877,V1O,Advance Single (1st Class),Advance Single 1st,,2020-11-12 00:00:00,2999-12-31 00:00:00,,
2878,V1P,Advance Single (1st Class),Advance Single 1st,,2020-11-12 00:00:00,2999-12-31 00:00:00,,
2879,V1Q,Advance Single (1st Class),Advance Single 1st,,2020-11-12 00:00:00,2999-12-31 00:00:00,,
2880,V1R,Advance Single (1st Class),Advance Single 1st,,2020-11-12 00:00:00,2999-12-31 00:00:00,,
2881,V1S,Advance Single (1st Class),Advance Single 1st,,2020-11-12 00:00:00,2999-12-31 00:00:00,,
2882,V1T,Advance Single (1st Class),Advance Single 1st,,2020-11-12 00:00:00,2999-12-31 00:00:00,,
2883,V1U,Advance Single (1st Class),Advance Single 1st,,2020-11-12 00:00:00,2999-12-31 00:00:00,,
2884,V1V,Advance Single (1st Class),Advance Single 1st,,2020-11-12 00:00:00,2999-12-31 00:00:00,,
2885,V1W,Advance Single (1st Class),Advance Single 1st,,2020-11-12 00:00:00,2999-12-31 00:00:00,,
2886,V1X,Advance Single (1st Class),Advance Single 1st,,2020-11-12 00:00:00,2999-12-31 00:00:00,,
2887,V1Y,Advance Single (1st Class),Advance Single 1st,,2021-03-06 00:00:00,2999-12-31 00:00:00,,
2888,V1Z,Advance Single (1st Class),Advance Single 1st,,2021-03-06 00:00:00,2999-12-31 00:00:00,,
2889,V2A,Advance Single,Advance Single,,2017-09-07 00:00:00,2999-12-31 00:00:00,,
2890,V2B,Advance Single,Advance Single,,2017-09-07 00:00:00,2999-12-31 00:00:00,,
2891,V2C,Advance Single,Advance Single,,2017-09-07 00:00:00,2999-12-31 00:00:00,,
2892,V2D,Advance Single,Advance Single,,2017-09-07 00:00:00,2999-12-31 00:00:00,,
2893,V2E,Advance Single,Advance Single,,2017-09-07 00:00:00,2999-12-31 00:00:00,,
2894,V2F,Advance Single,Advance Single,,2017-09-07 00:00:00,2999-12-31 00:00:00,,
2895,V2G,Advance Single,Advance Single,,2017-09-07 00:00:00,2999-12-31 00:00:00,,
2896,V2H,Advance Single,Advance Single,,2017-09-07 00:00:00,2999-12-31 00:00:00,,
2897,V2I,Advance Single,Advance Single,,2017-09-07 00:00:00,2999-12-31 00:00:00,,
2898,V2J,Advance Single,Advance Single,,2017-09-07 00:00:00,2999-12-31 00:00:00,,
2899,V2K,Advance Single,Advance Single,,2017-09-07 00:00:00,2999-12-31 00:00:00,,
2900,V2L,Advance Single,Advance Single,,2017-09-07 00:00:00,2999-12-31 00:00:00,,
2901,V2M,Advance Single,Advance Single,,2017-09-07 00:00:00,2999-12-31 00:00:00,,
2902,V2N,Advance Single,Advance Single,,2017-09-07 00:00:00,2999-12-31 00:00:00,,
2903,V2O,Advance Single,Advance Single,,2017-09-07 00:00:00,2999-12-31 00:00:00,,
2904,V2P,Advance Single,Advance Single,,2017-09-07 00:00:00,2999-12-31 00:00:00,,
2905,V2Q,Advance Single,Advance Single,,2017-09-07 00:00:00,2999-12-31 00:00:00,,
2906,V2R,Advance Single,Advance Single,,2017-09-07 00:00:00,2999-12-31 00:00:00,,
2907,V2S,Advance Single,Advance Single,,2017-09-07 00:00:00,2999-12-31 00:00:00,,
2908,V2T,Advance Single,Advance Single,,2017-09-07 00:00:00,2999-12-31 00:00:00,,
2909,V2U,Advance Single,Advance Single,,2017-09-07 00:00:00,2999-12-31 00:00:00,,
2910,V2V,Advance Single,Advance Single,,2017-09-07 00:00:00,2999-12-31 00:00:00,,
2911,V2W,Advance Single,Advance Single,,2017-09-07 00:00:00,2999-12-31 00:00:00,,
2912,V2X,Advance Single,Advance Single,,2017-09-07 00:00:00,2999-12-31 00:00:00,,
2913,V2Y,Advance Single,Advance Single,,2017-09-07 00:00:00,2999-12-31 00:00:00,,
2914,V2Z,Advance Single,Advance Single,,2017-09-07 00:00:00,2999-12-31 00:00:00,,
2915,V5P,Rail Sale Standard Premium,Rail Sale Standard Premium,,2021-12-17 00:00:00,2999-12-31 00:00:00,,
2916,V5S,SPECIAL GROUP PREM,SPECIAL GROUP PREM,,2021-02-27 00:00:00,2999-12-31 00:00:00,,
2917,V6P,AVANTI PROMO PREMIUM,AVANTI PROMO PREMIUM,,2021-10-29 00:00:00,2999-12-31 00:00:00,,
2918,V7P,AVANTI PROMO PREMIUM,AVANTI PROMO PREMIUM,,2021-10-29 00:00:00,2999-12-31 00:00:00,,
2919,VA0,Advance Single,Advance Single,,2019-12-17 00:00:00,2999-12-31 00:00:00,,
2920,VA1,Advance Single,Advance Single,,2017-06-05 00:00:00,2999-12-31 00:00:00,,
2921,VA2,Advance Single,Advance Single,,2017-06-05 00:00:00,2999-12-31 00:00:00,,
2922,VA3,Advance Single,Advance Single,,2017-06-05 00:00:00,2999-12-31 00:00:00,,
2923,VA4,Advance Single,Advance Single,,2017-06-05 00:00:00,2999-12-31 00:00:00,,
2924,VA5,Advance Single,Advance Single,,2017-06-05 00:00:00,2999-12-31 00:00:00,,
2925,VA6,Advance Single (1st Class),Advance Single 1st,,2017-06-05 00:00:00,2999-12-31 00:00:00,,
2926,VA7,Advance Single (1st Class),Advance Single 1st,,2026-04-28 00:00:00,2999-12-31 00:00:00,,
2927,VA8,Advance Single (1st Class),Advance Single 1st,,2026-04-28 00:00:00,2999-12-31 00:00:00,,
2928,VA9,Advance Single (1st Class),Advance Single 1st,,2022-02-22 00:00:00,2999-12-31 00:00:00,,
2929,VAL,Limo Anytime,Limo Anytime,,2012-04-17 00:00:00,2999-12-31 00:00:00,,
2930,VAS,Advance Single,Advance Single,,2017-06-24 00:00:00,2999-12-31 00:00:00,,
2931,VBR,Avanti West Coast Business Package,Avanti W Coast Business Package,,2019-12-08 00:00:00,2999-12-31 00:00:00,,
2932,VBS,Advance Single,Advance Single,,2017-06-24 00:00:00,2999-12-31 00:00:00,,
2933,VCA,Avanti Std Group A,Avanti Std Group A,,2019-12-08 00:00:00,2999-12-31 00:00:00,,
2934,VCB,Avanti Std Group B,Avanti Std Group B,,2019-12-08 00:00:00,2999-12-31 00:00:00,,
2935,VCC,Avanti Std Group C,Avanti Std Group C,,2019-12-08 00:00:00,2999-12-31 00:00:00,,
2936,VCD,Avanti Std Group D,Avanti Std Group D,,2019-12-08 00:00:00,2999-12-31 00:00:00,,
2937,VCE,Avanti Std Group E,Avanti Std Group E,,2019-12-08 00:00:00,2999-12-31 00:00:00,,
2938,VCF,Avanti Std Group F,Avanti Std Group F,,2019-12-08 00:00:00,2999-12-31 00:00:00,,
2939,VCG,Avanti Std Group G,Avanti Std Group G,,2019-12-08 00:00:00,2999-12-31 00:00:00,,
2940,VCH,Avanti Std Group H,Avanti Std Group H,,2019-12-08 00:00:00,2999-12-31 00:00:00,,
2941,VCI,Avanti Std Group I,Avanti Std Group I,,2019-12-08 00:00:00,2999-12-31 00:00:00,,
2942,VCJ,Avanti Std Group J,Avanti Std Group J,,2019-12-08 00:00:00,2999-12-31 00:00:00,,
2943,VCK,Avanti Std Group K,Avanti Std Group K,,2026-02-25 00:00:00,2999-12-31 00:00:00,,
2944,VCL,Avanti Std Group L,VTWC 2 Group L,,2019-12-08 00:00:00,2999-12-31 00:00:00,,
2945,VCS,Advance Single,Advance Single,,2017-06-24 00:00:00,2999-12-31 00:00:00,,
2946,VDS,Advance Single,Advance Single,,2017-06-24 00:00:00,2999-12-31 00:00:00,,
2947,VE1,Virgin Experience Days and Pullman,Virgin Experience Days and Pullman,,2025-08-28 00:00:00,2999-12-31 00:00:00,,
2948,VE2,Cotehele Experience Rtn,Cotehele Experience Rtn,,2026-03-05 00:00:00,2999-12-31 00:00:00,,
2949,VER,Valley Evening Return,Valley Evening Return,,2016-10-07 00:00:00,2999-12-31 00:00:00,,
2950,VES,Advance Single,Advance Single,,2017-06-24 00:00:00,2999-12-31 00:00:00,,
2951,VF1,LNER Family Return (1Adult 1Child),Family Return (1Ad 1Ch),,2018-06-18 00:00:00,2999-12-31 00:00:00,,
2952,VF2,LNER Family Return (1Adult 2 Children),Family Return (1Ad 2Ch),,2018-06-18 00:00:00,2999-12-31 00:00:00,,
2953,VF3,LNER Family Return (1Adult 3Children),Family Return (1Ad 3Ch),,2018-06-18 00:00:00,2999-12-31 00:00:00,,
2954,VF4,LNER Family Return (1Adult 4Children),Family Return (1Ad 4Ch),,2018-06-18 00:00:00,2999-12-31 00:00:00,,
2955,VF5,LNER Family Return (2Adults 1Child),Family Return (2Ad 1Ch),,2018-06-18 00:00:00,2999-12-31 00:00:00,2,00M01D
2956,VF6,LNER Family Return (2Adult 2Children),Family Return (2Ad 2Ch),,2018-06-18 00:00:00,2999-12-31 00:00:00,2,00M01D
2957,VF7,LNER Family Return (2Adult 3Children),Family Return (2Ad 3Ch),,2018-06-18 00:00:00,2999-12-31 00:00:00,2,00M01D
2958,VF8,LNER Family Return (2Adult 4Children),Family Return (2Ad 4Ch),,2018-06-18 00:00:00,2999-12-31 00:00:00,2,00M01D
2959,VFA,Avanti 1st Group A,Avanti 1st Group A,,2019-12-08 00:00:00,2999-12-31 00:00:00,,
2960,VFB,Avanti 1st Group B,Avanti 1st Group B,,2019-12-08 00:00:00,2999-12-31 00:00:00,,
2961,VFC,Avanti 1st Group C,Avanti 1st Group C,,2019-12-08 00:00:00,2999-12-31 00:00:00,,
2962,VFD,Avanti 1st Group D,Avanti 1st Group D,,2019-12-08 00:00:00,2999-12-31 00:00:00,,
2963,VFE,Avanti 1st Group E,Avanti 1st Group E,,2019-12-08 00:00:00,2999-12-31 00:00:00,,
2964,VFG,Avanti 1st Group F,Avanti 1st Group F,,2019-12-08 00:00:00,2999-12-31 00:00:00,,
2965,VFH,Avanti 1st Group G,Avanti 1st Group G,,2019-12-08 00:00:00,2999-12-31 00:00:00,,
2966,VFI,Avanti 1st Group H,Avanti 1st Group H,,2019-12-08 00:00:00,2999-12-31 00:00:00,,
2967,VFJ,Avanti 1st Group I,Avanti 1st Group I,,2019-12-08 00:00:00,2999-12-31 00:00:00,,
2968,VFK,Avanti 1st Group J,Avanti 1st Group J,,2019-12-08 00:00:00,2999-12-31 00:00:00,,
2969,VFL,Avanti 1st Group K,Avanti 1st Group K,,2019-12-08 00:00:00,2999-12-31 00:00:00,,
2970,VFM,Avanti 1st Group L,Avanti 1st Group L,,2019-12-08 00:00:00,2999-12-31 00:00:00,,
2971,VFP,Red Hot Single,Red Hot Single,,2019-12-08 00:00:00,2999-12-31 00:00:00,,
2972,VIF,WC ITX 1st High,WC ITX 1st High,,2019-12-08 00:00:00,2999-12-31 00:00:00,,
2973,VIP,AWC ITX High Standard Premium,AWC ITX High Standard Premium,,2021-10-09 00:00:00,2999-12-31 00:00:00,,
2974,VIS,WC ITX Standard High,WC ITX Standard High,,2019-12-08 00:00:00,2999-12-31 00:00:00,,
2975,VJF,WC ITX 1st Medium,WC ITX 1st Medium,,2019-12-08 00:00:00,2999-12-31 00:00:00,,
2976,VJS,WC ITX Standard Medium,WC ITX Standard Medium,,2019-12-08 00:00:00,2999-12-31 00:00:00,,
2977,VKF,WC ITX Low 1st Class,WC ITX Low 1st Class,,2019-12-08 00:00:00,2999-12-31 00:00:00,,
2978,VKS,WC ITX Low (Std),WC ITX Low (Std),,2019-12-08 00:00:00,2999-12-31 00:00:00,,
2979,VP1,Avanti West Coast Partner (1st Class),Avanti West Coast Partner (First Class),,2019-12-08 00:00:00,2999-12-31 00:00:00,,
2980,VP2,Avanti West Coast Partner,Avanti West Coast Partner,,2019-12-08 00:00:00,2999-12-31 00:00:00,,
2981,VS1,FG Staff 1st,FG Staff 1st,,2020-09-30 00:00:00,2999-12-31 00:00:00,,
2982,VS2,FG Staff Std,FG Staff Std,,2020-09-30 00:00:00,2999-12-31 00:00:00,,
2983,VSG,Avanti School Group,Avanti School Group,,2025-12-02 00:00:00,2999-12-31 00:00:00,,
2984,VSI,Avanti School Group Single ,Avanti School Group Single ,,2025-12-10 00:00:00,2999-12-31 00:00:00,,
2985,VT1,VTWC GBP1 Shop,VTWC GBP1 Shop,,2019-12-08 00:00:00,2999-12-31 00:00:00,,
2986,VT2,VTWC GBP2 Shop,VTWC GBP2 Shop,,2019-12-08 00:00:00,2999-12-31 00:00:00,,
2987,VT3,VTWC GBP3 Shop,VTWC GBP3 Shop,,2019-12-08 00:00:00,2999-12-31 00:00:00,,
2988,VT5,VTWC GBP5 Shop,VTWC GBP5 Shop,,2019-12-08 00:00:00,2999-12-31 00:00:00,,
2989,VVF,Family Return,Family Return,,2021-08-13 00:00:00,2999-12-31 00:00:00,2,00M01D
2990,VVR,VT2 Group Travel AR,VT2 Group Travel AR,,2019-12-08 00:00:00,2999-12-31 00:00:00,,
2991,VW1,VTWC Promo 1,VTWC Promo 1,,2019-12-08 00:00:00,2999-12-31 00:00:00,,
2992,VWD,Avanti Upgrade,Avanti Upgrade,,2025-12-11 00:00:00,2999-12-31 00:00:00,,
2993,VWU,AWC Weekend Upgrade,Avanti West Coast Weekend Upgrade,,2019-12-08 00:00:00,2999-12-31 00:00:00,,
2994,VYR,VT1 Group Travel BR,VT1 Group Travel BR,,2019-12-08 00:00:00,2999-12-31 00:00:00,,
2995,VZP,Rail Sale,Rail Sale,,2021-12-17 00:00:00,2999-12-31 00:00:00,,
2996,VZR,VT1 Group Travel AR,VT1 Group Travel AR,,2019-12-08 00:00:00,2999-12-31 00:00:00,,
2997,W1A,Advance Single (1st Class),Advance Single (1st Class),,2018-12-14 00:00:00,2999-12-31 00:00:00,,
2998,W1B,Advance Single (1st Class),Advance Single (1st Class),,2020-03-06 00:00:00,2999-12-31 00:00:00,,
2999,W1C,Advance Single (1st Class),Advance Single (1st Class),,2018-12-14 00:00:00,2999-12-31 00:00:00,,
3000,W1D,Advance Single (1st Class),Advance Single (1st Class),,2020-03-06 00:00:00,2999-12-31 00:00:00,,
3001,W1E,Advance Single (1st Class),Advance Single (1st Class),,2018-12-14 00:00:00,2999-12-31 00:00:00,,
3002,W1F,Advance Single (1st Class),Advance Single (1st Class),,2020-03-06 00:00:00,2999-12-31 00:00:00,,
3003,W1G,Advance Single (1st Class),Advance Single (1st Class),,2018-12-14 00:00:00,2999-12-31 00:00:00,,
3004,W1H,Advance Single (1st Class),Advance Single (1st Class),,2018-12-14 00:00:00,2999-12-31 00:00:00,,
3005,W1I,Advance Single (1st Class),Advance Single (1st Class),,2020-03-06 00:00:00,2999-12-31 00:00:00,,
3006,W1J,Advance Single (1st Class),Advance Single (1st Class),,2018-12-14 00:00:00,2999-12-31 00:00:00,,
3007,W1K,Advance Single (1st Class),Advance Single (1st Class),,2020-03-06 00:00:00,2999-12-31 00:00:00,,
3008,W1L,Advance Single (1st Class),Advance Single (1st Class),,2018-12-14 00:00:00,2999-12-31 00:00:00,,
3009,W1M,Advance Single (1st Class),Advance Single (1st Class),,2020-03-06 00:00:00,2999-12-31 00:00:00,,
3010,W1N,Advance Single (1st Class),Advance Single (1st Class),,2018-12-14 00:00:00,2999-12-31 00:00:00,,
3011,W1O,Advance Single (1st Class),Advance Single (1st Class),,2018-12-14 00:00:00,2999-12-31 00:00:00,,
3012,W1P,Advance Single (1st Class),Advance Single (1st Class),,2018-12-14 00:00:00,2999-12-31 00:00:00,,
3013,W1Q,Advance Single (1st Class),Advance Single (1st Class),,2018-12-14 00:00:00,2999-12-31 00:00:00,,
3014,W1R,Advance Single (1st Class),Advance Single (1st Class),,2018-12-14 00:00:00,2999-12-31 00:00:00,,
3015,W1S,Advance Single (1st Class),Advance Single (1st Class),,2018-12-14 00:00:00,2999-12-31 00:00:00,,
3016,W1T,Advance Single (1st Class),Advance Single (1st Class),,2024-04-05 00:00:00,2999-12-31 00:00:00,,
3017,W1U,Advance Single (1st Class),Advance Single (1st Class),,2018-12-14 00:00:00,2999-12-31 00:00:00,,
3018,W1V,Advance Single (1st Class),Advance Single (1st Class),,2018-12-14 00:00:00,2999-12-31 00:00:00,,
3019,W1W,Advance Single (1st Class),Advance Single (1st Class),,2018-12-14 00:00:00,2999-12-31 00:00:00,,
3020,W1X,Advance Single (1st Class),Advance Single (1st Class),,2018-12-14 00:00:00,2999-12-31 00:00:00,,
3021,W1Y,Advance Single (1st Class),Advance Single (1st Class),,2018-12-14 00:00:00,2999-12-31 00:00:00,,
3022,W1Z,Advance Promo Single (1st Class),Advance Promo Single 1st,,2018-12-14 00:00:00,2999-12-31 00:00:00,,
3023,W2A,Advance Single,Advance Single,,2018-12-14 00:00:00,2999-12-31 00:00:00,,
3024,W2B,Advance Single,Advance Single,,2018-12-14 00:00:00,2999-12-31 00:00:00,,
3025,W2C,Advance Single,Advance Single,,2018-12-14 00:00:00,2999-12-31 00:00:00,,
3026,W2D,Advance Single,Advance Single,,2018-12-14 00:00:00,2999-12-31 00:00:00,,
3027,W2E,Advance Single,Advance Single,,2018-12-14 00:00:00,2999-12-31 00:00:00,,
3028,W2F,Advance Single,Advance Single,,2018-12-14 00:00:00,2999-12-31 00:00:00,,
3029,W2G,Advance Single,Advance Single,,2018-12-14 00:00:00,2999-12-31 00:00:00,,
3030,W2H,Advance Single,Advance Single,,2018-12-14 00:00:00,2999-12-31 00:00:00,,
3031,W2I,Advance Single,Advance Single,,2018-12-14 00:00:00,2999-12-31 00:00:00,,
3032,W2J,Advance Single,Advance Single,,2018-12-14 00:00:00,2999-12-31 00:00:00,,
3033,W2K,Advance Single,Advance Single,,2018-12-14 00:00:00,2999-12-31 00:00:00,,
3034,W2L,Advance Single,Advance Single,,2018-12-14 00:00:00,2999-12-31 00:00:00,,
3035,W2M,Advance Single,Advance Single,,2018-12-14 00:00:00,2999-12-31 00:00:00,,
3036,W2N,Advance Single,Advance Single,,2018-12-14 00:00:00,2999-12-31 00:00:00,,
3037,W2O,Advance Single,Advance Single,,2018-12-14 00:00:00,2999-12-31 00:00:00,,
3038,W2P,Advance Single,Advance Single,,2018-12-14 00:00:00,2999-12-31 00:00:00,,
3039,W2Q,Advance Single,Advance Single,,2018-12-14 00:00:00,2999-12-31 00:00:00,,
3040,W2R,Advance Single,Advance Single,,2018-12-14 00:00:00,2999-12-31 00:00:00,,
3041,W2S,Advance Single,Advance Single,,2018-12-14 00:00:00,2999-12-31 00:00:00,,
3042,W2T,Advance Single,Advance Single,,2018-12-14 00:00:00,2999-12-31 00:00:00,,
3043,W2U,Advance Single,Advance Single,,2017-12-28 00:00:00,2999-12-31 00:00:00,,
3044,W2V,Advance Single,Advance Single,,2017-12-13 00:00:00,2999-12-31 00:00:00,,
3045,W2W,Advance Single,Advance Single,,2017-12-13 00:00:00,2999-12-31 00:00:00,,
3046,W2X,Advance Single,Advance Single,,2017-12-13 00:00:00,2999-12-31 00:00:00,,
3047,W2Y,Advance Single,Advance Single,,2017-12-13 00:00:00,2999-12-31 00:00:00,,
3048,W2Z,Advance Promo Single,Advance Promo Single,,2018-12-14 00:00:00,2999-12-31 00:00:00,,
3049,W3A,Advance Single (1st Class),Advance Single (1st Class),,2020-12-15 00:00:00,2999-12-31 00:00:00,,
3050,W3B,Advance Single (1st Class),Advance Single (1st Class),,2020-12-15 00:00:00,2999-12-31 00:00:00,,
3051,W3C,Advance Single (1st Class),Advance Single (1st Class),,2020-12-15 00:00:00,2999-12-31 00:00:00,,
3052,W3D,Advance Single (1st Class),Advance Single (1st Class),,2020-12-15 00:00:00,2999-12-31 00:00:00,,
3053,W3E,Advance Single (1st Class),Advance Single (1st Class),,2020-12-15 00:00:00,2999-12-31 00:00:00,,
3054,W3F,Advance Single (1st Class),Advance Single (1st Class),,2020-12-15 00:00:00,2999-12-31 00:00:00,,
3055,W3G,Advance Single (1st Class),Advance Single (1st Class),,2020-12-15 00:00:00,2999-12-31 00:00:00,,
3056,W3H,Advance Single (1st Class),Advance Single (1st Class),,2020-12-15 00:00:00,2999-12-31 00:00:00,,
3057,W3I,Advance Single (1st Class),Advance Single (1st Class),,2020-12-15 00:00:00,2999-12-31 00:00:00,,
3058,W3J,Advance Single (1st Class),Advance Single (1st Class),,2020-12-15 00:00:00,2999-12-31 00:00:00,,
3059,W3K,Advance Single (1st Class),Advance Single (1st Class),,2020-12-15 00:00:00,2999-12-31 00:00:00,,
3060,W3L,Advance Single (1st Class),Advance Single (1st Class),,2020-12-15 00:00:00,2999-12-31 00:00:00,,
3061,W3M,Advance Single (1st Class),Advance Single (1st Class),,2020-12-15 00:00:00,2999-12-31 00:00:00,,
3062,W3N,Advance Single (1st Class),Advance Single (1st Class),,2020-12-15 00:00:00,2999-12-31 00:00:00,,
3063,W3O,Advance Single (1st Class),Advance Single (1st Class),,2020-12-15 00:00:00,2999-12-31 00:00:00,,
3064,W3P,Advance Single (1st Class),Advance Single (1st Class),,2020-12-15 00:00:00,2999-12-31 00:00:00,,
3065,W3Q,Advance Single (1st Class),Advance Single (1st Class),,2020-12-15 00:00:00,2999-12-31 00:00:00,,
3066,W3R,Advance Single (1st Class),Advance Single (1st Class),,2020-12-15 00:00:00,2999-12-31 00:00:00,,
3067,W3S,Advance Single (1st Class),Advance Single (1st Class),,2020-12-15 00:00:00,2999-12-31 00:00:00,,
3068,W3T,Advance Single (1st Class),Advance Single (1st Class),,2020-12-15 00:00:00,2999-12-31 00:00:00,,
3069,W3U,Advance Single (1st Class),Advance Single (1st Class),,2020-12-15 00:00:00,2999-12-31 00:00:00,,
3070,W3V,Advance Single (1st Class),Advance Single (1st Class),,2020-12-15 00:00:00,2999-12-31 00:00:00,,
3071,W3W,Advance Single (1st Class),Advance Single (1st Class),,2020-12-15 00:00:00,2999-12-31 00:00:00,,
3072,W3X,Advance Single (1st Class),Advance Single (1st Class),,2020-12-15 00:00:00,2999-12-31 00:00:00,,
3073,W3Y,Advance Single (1st Class),Advance Single (1st Class),,2020-12-15 00:00:00,2999-12-31 00:00:00,,
3074,W3Z,Advance Single (1st Class),Advance Single (1st Class),,2020-12-15 00:00:00,2999-12-31 00:00:00,,
3075,W4A,Advance Single,Advance Single,,2020-12-15 00:00:00,2999-12-31 00:00:00,,
3076,W4B,Advance Single,Advance Single,,2020-12-15 00:00:00,2999-12-31 00:00:00,,
3077,W4C,Advance Single,Advance Single,,2020-12-15 00:00:00,2999-12-31 00:00:00,,
3078,W4D,Advance Single,Advance Single,,2020-12-15 00:00:00,2999-12-31 00:00:00,,
3079,W4E,Advance Single,Advance Single,,2020-12-15 00:00:00,2999-12-31 00:00:00,,
3080,W4F,Advance Single,Advance Single,,2020-12-15 00:00:00,2999-12-31 00:00:00,,
3081,W4G,Advance Single,Advance Single,,2020-12-15 00:00:00,2999-12-31 00:00:00,,
3082,W4H,Advance Single,Advance Single,,2020-12-15 00:00:00,2999-12-31 00:00:00,,
3083,W4I,Advance Single,Advance Single,,2020-12-15 00:00:00,2999-12-31 00:00:00,,
3084,W4J,Advance Single,Advance Single,,2020-12-15 00:00:00,2999-12-31 00:00:00,,
3085,W4K,Advance Single,Advance Single,,2020-12-15 00:00:00,2999-12-31 00:00:00,,
3086,W4L,Advance Single,Advance Single,,2020-12-15 00:00:00,2999-12-31 00:00:00,,
3087,W4M,Advance Single,Advance Single,,2020-12-15 00:00:00,2999-12-31 00:00:00,,
3088,W4N,Advance Single,Advance Single,,2020-12-15 00:00:00,2999-12-31 00:00:00,,
3089,W4O,Advance Single,Advance Single,,2020-12-15 00:00:00,2999-12-31 00:00:00,,
3090,W4P,Advance Single,Advance Single,,2020-12-15 00:00:00,2999-12-31 00:00:00,,
3091,W4Q,Advance Single,Advance Single,,2020-12-15 00:00:00,2999-12-31 00:00:00,,
3092,W4R,Advance Single,Advance Single,,2020-12-15 00:00:00,2999-12-31 00:00:00,,
3093,W4S,Advance Single,Advance Single,,2020-12-15 00:00:00,2999-12-31 00:00:00,,
3094,W4T,Advance Single,Advance Single,,2020-12-15 00:00:00,2999-12-31 00:00:00,,
3095,W4U,Advance Single,Advance Single,,2020-12-15 00:00:00,2999-12-31 00:00:00,,
3096,W4V,Advance Single,Advance Single,,2020-12-15 00:00:00,2999-12-31 00:00:00,,
3097,W4W,Advance Single,Advance Single,,2020-12-15 00:00:00,2999-12-31 00:00:00,,
3098,W4X,Advance Single,Advance Single,,2020-12-15 00:00:00,2999-12-31 00:00:00,,
3099,W4Y,Advance Single,Advance Single,,2020-12-15 00:00:00,2999-12-31 00:00:00,,
3100,W4Z,Advance Single,Advance Single,,2020-12-15 00:00:00,2999-12-31 00:00:00,,
3101,W6A,WYCA Annual Zone 6,WYCA Annual Zone 6,,2015-11-29 00:00:00,2999-12-31 00:00:00,,
3102,W6M,WYCA Month Zone 6,WYCA Month Zone 6,,2015-11-29 00:00:00,2999-12-31 00:00:00,,
3103,W6Q,WYCA Quarterly Zone 6,WYCA Quarterly Zone 6,,2015-11-29 00:00:00,2999-12-31 00:00:00,,
3104,W6W,WYCA Week Zone 6,WYCA Week Zone 6,,2015-11-29 00:00:00,2999-12-31 00:00:00,,
3105,W7A,WYCA Annual Zone 7,WYCA Annual Zone 7,,2015-11-29 00:00:00,2999-12-31 00:00:00,,
3106,W7M,WYCA Month Zone 7,WYCA Month Zone 7,,2015-11-29 00:00:00,2999-12-31 00:00:00,,
3107,W7Q,WYCA Quarterly Zone 7,WYCA Quarterly Zone 7,,2015-11-29 00:00:00,2999-12-31 00:00:00,,
3108,W7W,WYCA Week Zone 7,WYCA Week Zone 7,,2015-11-29 00:00:00,2999-12-31 00:00:00,,
3109,WA1,Adult Day Friday,Adult Day Friday,,2009-06-18 00:00:00,2999-12-31 00:00:00,,
3110,WA2,Adult Day Saturday,Adult Day Saturday,,2009-06-18 00:00:00,2999-12-31 00:00:00,,
3111,WA3,Adult Day Sunday,Adult Day Sunday,,2009-06-18 00:00:00,2999-12-31 00:00:00,,
3112,WA4,Adult Weekend,Adult Weekend,,2009-06-18 00:00:00,2999-12-31 00:00:00,,
3113,WA5,Adult VIP Weekend,Adult VIP Weekend,,2009-06-18 00:00:00,2999-12-31 00:00:00,,
3114,WA6,Adult VIP Friday,Adult VIP Friday,,2009-06-18 00:00:00,2999-12-31 00:00:00,,
3115,WA7,Adult VIP Saturday,Adult VIP Saturday,,2009-06-18 00:00:00,2999-12-31 00:00:00,,
3116,WAD,WSR Away Day,WSR Away Day,,2020-10-23 00:00:00,2999-12-31 00:00:00,,
3117,WAL,STANDARD+PARKING,STANDARD+PARKING,,2019-03-21 00:00:00,2999-12-31 00:00:00,,
3118,WAP,West Somerset Railway Explorer,West Somerset Railway Explorer,,2017-02-07 00:00:00,2999-12-31 00:00:00,,
3119,WAS,Advance Single,Advance Single,,2017-06-03 00:00:00,2999-12-31 00:00:00,,
3120,WB1,Student Day Friday,Student Day Friday,,2009-06-25 00:00:00,2999-12-31 00:00:00,,
3121,WB2,Student Day Saturday,Student Day Saturday,,2009-06-25 00:00:00,2999-12-31 00:00:00,,
3122,WB3,Student Day Sunday,Student Day Sunday,,2009-06-25 00:00:00,2999-12-31 00:00:00,,
3123,WB4,Student Weekend,Student Weekend,,2009-06-25 00:00:00,2999-12-31 00:00:00,,
3124,WB5,Student VIP Weekend,Student VIP Weekend,,2009-06-25 00:00:00,2999-12-31 00:00:00,,
3125,WBS,Advance Single,Advance Single,,2017-06-03 00:00:00,2999-12-31 00:00:00,,
3126,WC1,Avanti West Coast Corporate Return (1st Class,AWC Corporate Return 1st,,2019-12-08 00:00:00,2999-12-31 00:00:00,,
3127,WC2,On The Move,On The Move,,2020-04-01 00:00:00,2999-12-31 00:00:00,,
3128,WC3,Great Scot,Great Scot,,2020-04-01 00:00:00,2999-12-31 00:00:00,,
3129,WC4,The Big Easy,The Big Easy,,2019-02-12 00:00:00,2999-12-31 00:00:00,,
3130,WC5,First Move,First Move,,2020-04-01 00:00:00,2999-12-31 00:00:00,,
3131,WC6,The Easy Rider,Easy Rider,,2019-03-27 00:00:00,2999-12-31 00:00:00,,
3132,WC7,Great Scot,Great Scot,,2020-04-01 00:00:00,2999-12-31 00:00:00,,
3133,WC8,The Big Easy,The Big Easy,,2019-12-08 00:00:00,2999-12-31 00:00:00,,
3134,WC9,On The Move,On The Move,,2020-04-01 00:00:00,2999-12-31 00:00:00,,
3135,WCC,On The Up,On The Up,,2020-04-01 00:00:00,2999-12-31 00:00:00,,
3136,WCO,GWR COMP STANDARD,GWR COMP STANDARD,,2025-11-12 00:00:00,2999-12-31 00:00:00,,
3137,WCS,Advance Single,Advance Single,,2017-06-03 00:00:00,2999-12-31 00:00:00,,
3138,WDS,Advance Single,Advance Single,,2017-06-03 00:00:00,2999-12-31 00:00:00,,
3139,WDU,TPE WEEKDAY UPGRADE,TPE WEEKDAY UPGRADE,,2025-08-30 00:00:00,2999-12-31 00:00:00,,
3140,WEF,Advance Single (1st Class),Advance Single (1st Class),,2020-03-06 00:00:00,2999-12-31 00:00:00,,
3141,WES,Advance Single,Advance Single,,2018-12-14 00:00:00,2999-12-31 00:00:00,,
3142,WET,Weekend 1st Upgrade,Weekend 1st Upgrade,,2017-06-09 00:00:00,2999-12-31 00:00:00,,
3143,WF1,Family Advance 1st,Family Advance 1st,,2026-01-13 00:00:00,2999-12-31 00:00:00,2,00M01D
3144,WF2,Family Advance Std,Family Advance Std,,2026-01-13 00:00:00,2999-12-31 00:00:00,2,00M01D
3145,WFO,GWR COMP FIRST,GWR COMP FIRST,,2025-11-12 00:00:00,2999-12-31 00:00:00,,
3146,WFS,Advance Single,Advance Single,,2017-06-03 00:00:00,2999-12-31 00:00:00,,
3147,WFU,EMT Weekend 1st,EMT Weekend 1st,,2017-11-17 00:00:00,2999-12-31 00:00:00,,
3148,WG1,GWR Small Group 3 1st,GWR Small Group 3 1st,,2022-06-29 00:00:00,2999-12-31 00:00:00,3,00M01D
3149,WG2,GWR Small Group 3 Std ,GWR Small Group 3 Std,,2022-06-29 00:00:00,2999-12-31 00:00:00,3,00M01D
3150,WGS,Advance Single,Advance Single,,2017-06-03 00:00:00,2999-12-31 00:00:00,,
3151,WH1,GWR Small Group 4 1st,GWR Small Group 4 1st,,2022-06-29 00:00:00,2999-12-31 00:00:00,4,00M01D
3152,WH2,GWR Small Group 4 Std,GWR Small Group 4 Std,,2022-06-29 00:00:00,2999-12-31 00:00:00,4,00M01D
3153,WHS,Advance Single,Advance Single,,2017-06-03 00:00:00,2999-12-31 00:00:00,,
3154,WI1,GWR Small Group 5 1st,GWR Small Group 5 1st,,2022-06-30 00:00:00,2999-12-31 00:00:00,5,00M01D
3155,WI2,GWR Small Group 5 Std,GWR Small Group 5 Std,,2022-06-29 00:00:00,2999-12-31 00:00:00,5,00M01D
3156,WJS,Advance Single,Advance Single,,2017-06-03 00:00:00,2999-12-31 00:00:00,,
3157,WK0,Weekender Return 1st,Weekender Return 1st,,2022-03-01 00:00:00,2999-12-31 00:00:00,,
3158,WK1,Weekender Return (1st Class),Weekender Return 1st,,2022-03-01 00:00:00,2999-12-31 00:00:00,,
3159,WK2,Weekender Return,Weekender Return,,2022-03-01 00:00:00,2999-12-31 00:00:00,,
3160,WK3,Weekender Return,Weekender Return,,2022-03-01 00:00:00,2999-12-31 00:00:00,,
3161,WK4,Weekender Return,Weekender Return,,2022-03-01 00:00:00,2999-12-31 00:00:00,,
3162,WK5,Weekender Return 1st,Weekender Return 1st,,2022-03-01 00:00:00,2999-12-31 00:00:00,,
3163,WKA,Weekend Return,Weekend Return,,2020-01-02 00:00:00,2999-12-31 00:00:00,,
3164,WKB,Weekend Return,Weekend Return,,2020-01-02 00:00:00,2999-12-31 00:00:00,,
3165,WKD,"Long Weekender, Out Fri, Rtn Monday","Long Weekend, Out Fri, Rtn Monday",,2025-03-29 00:00:00,2999-12-31 00:00:00,,
3166,WKE,"Long Weekender, Out Sat, Rtn Monday","Long Weekend, Out Sat, Rtn Monday",,2025-03-29 00:00:00,2999-12-31 00:00:00,,
3167,WKF,Weekend Return (Friday Departure),Weekend Return (Friday Departure),,2025-07-16 00:00:00,2999-12-31 00:00:00,,
3168,WKG,Weekend Return (Saturday Departure),Weekend Return (Saturday Departure),,2025-07-16 00:00:00,2999-12-31 00:00:00,,
3170,WKS,Advance Single,Advance Single,,2017-06-03 00:00:00,2999-12-31 00:00:00,,
3171,WKT,Super Off-Peak Day Travelcard,Super Off-Peak Day Travelcard,,2018-05-15 00:00:00,2999-12-31 00:00:00,,
3172,WKU,Weekend 1st Class Upgrade,Weekend 1st Class Upgrade,,2014-03-07 00:00:00,2999-12-31 00:00:00,,
3173,WLS,Advance Single,Advance Single,,2017-06-03 00:00:00,2999-12-31 00:00:00,,
3174,WM7,Not for travel,Not for travel,,2025-04-10 00:00:00,2999-12-31 00:00:00,,
3175,WMO,Not for travel,Not for travel,,2025-04-10 00:00:00,2999-12-31 00:00:00,,
3176,WMP,Not for travel,Not for travel,,2025-04-10 00:00:00,2999-12-31 00:00:00,,
3177,WMT,Business Zone Package,Business Zone Package,,2017-08-19 00:00:00,2999-12-31 00:00:00,,
3178,WMX,Business Zone Return,Business Zone Return,,2017-08-19 00:00:00,2999-12-31 00:00:00,,
3179,WN1,Windsor Castle Admission,Windsor Castle Admission,,2022-05-04 00:00:00,2999-12-31 00:00:00,,
3180,WN2,Windsor Castle Admission,Windsor Castle Admission,,2022-05-04 00:00:00,2999-12-31 00:00:00,,
3181,WN3,Windsor Castle Admission (Youth),Windsor Castle Admission (Youth),,2022-05-04 00:00:00,2999-12-31 00:00:00,,
3182,WN4,Windsor Castle Admission (Youth),Windsor Castle Admission (Youth),,2022-05-04 00:00:00,2999-12-31 00:00:00,,
3183,WOD,Web Off-Peak Day Return,Web Off-Peak Day Return,,2017-09-03 00:00:00,2999-12-31 00:00:00,,
3184,WOR,Web Off-Peak Return,Web Off-Peak Return,,2017-09-03 00:00:00,2999-12-31 00:00:00,,
3185,WOS,Web Off-Peak Day Single,Advance Single,,2017-09-03 00:00:00,2999-12-31 00:00:00,,
3186,WP7,NOT FOR TRAVEL WP7,NOT FOR TRAVEL WP7,,2026-03-12 00:00:00,2999-12-31 00:00:00,,
3187,WPO,NOT FOR TRAVEL WPO,NOT FOR TRAVEL WPO,,2026-01-24 00:00:00,2999-12-31 00:00:00,,
3188,WPP,NOT FOR TRAVEL WPP,NOT FOR TRAVEL WPP,,2026-01-24 00:00:00,2999-12-31 00:00:00,,
3189,WPS,Advance Single,Advance Single,,2017-06-03 00:00:00,2999-12-31 00:00:00,,
3190,WRE,Super Off-Peak Day Travelcard,Super Off-Peak Day Travelcard,,2018-05-20 00:00:00,2999-12-31 00:00:00,,
3191,WRO,Web Weekender,Web Weekender,,2022-03-01 00:00:00,2999-12-31 00:00:00,,
3192,WSO,Web Super Off-Peak Day Return,Web Super Off-Peak Day Return,,2021-05-30 00:00:00,2999-12-31 00:00:00,,
3193,WSS,Web Super Off-Peak Single,Web Super Off-Peak Single,,2017-09-03 00:00:00,2999-12-31 00:00:00,,
3194,WTC,Super Off-Peak Day Travelcard,Super Off-Peak Day Travelcard,,2018-05-20 00:00:00,2999-12-31 00:00:00,,
3195,WUG,Grand Central Weekend Upgrade,Grand Central Weekend Upgrade,,2017-06-02 00:00:00,2999-12-31 00:00:00,,
3196,WUR,Weekend First Upgrade Return,Weekend First Upgrade Return,,2012-05-29 00:00:00,2999-12-31 00:00:00,,
3197,WUS,Weekend First Upgrade Single,Weekend First Upgrade Single,,2012-05-29 00:00:00,2999-12-31 00:00:00,,
3198,WVR,Off-Peak Return,Off-Peak Return,,2018-10-19 00:00:00,2999-12-31 00:00:00,,
3199,WVS,Off-Peak Single,Off-Peak Single,,2018-10-19 00:00:00,2999-12-31 00:00:00,,
3200,WW1,TFW Weekend 1st Upgrade,TFW Weekend 1st Upgrade,,2025-06-07 00:00:00,2999-12-31 00:00:00,,
3201,X1C,CrossCountry Complimentary 1st Class,CrossCountry Complimentary 1st Class,,2024-09-27 00:00:00,2999-12-31 00:00:00,,
3202,X2C,CrossCountry Complimentary Standard,CrossCountry Complimentary Standard,,2024-09-27 00:00:00,2999-12-31 00:00:00,,
3203,XAF,Advance Single (1st Class),Advance Single 1st,,2022-01-14 00:00:00,2999-12-31 00:00:00,,
3204,XAR,ANYTIME DAY R,ANYTIME DAY R,,2019-05-19 00:00:00,2999-12-31 00:00:00,,
3205,XAS,ANYTIME DAY S,ANYTIME DAY S,,2019-05-19 00:00:00,2999-12-31 00:00:00,,
3206,XBF,Advance Single (1st Class),Advance Single 1st,,2023-03-22 00:00:00,2999-12-31 00:00:00,,
3207,XBR,Executive Ticket GWR Packages,Executive Return 1st,,2008-05-18 00:00:00,2999-12-31 00:00:00,,
3208,XC1,Business Package Return (Standard Class),Business Package Return,,2017-06-02 00:00:00,2999-12-31 00:00:00,,
3209,XC3,CrossCountry Small Group 3,CrossCountry Small Group 3,,2017-06-03 00:00:00,2999-12-31 00:00:00,3,00M01D
3210,XC4,CrossCountry Small Group 4,CrossCountry Small Group 4,,2017-06-03 00:00:00,2999-12-31 00:00:00,4,00M01D
3211,XC5,CrossCountry Small Group 5,CrossCountry Small Group 5,,2017-06-03 00:00:00,2999-12-31 00:00:00,5,00M01D
3212,XC6,CrossCountry Small Group 6,CrossCountry Small Group 6,,2017-06-03 00:00:00,2999-12-31 00:00:00,6,00M01D
3213,XC7,CrossCountry Small Group 7,CrossCountry Small Group 7,,2017-06-03 00:00:00,2999-12-31 00:00:00,7,00M01D
3214,XC8,CrossCountry Small Group 8,CrossCountry Small Group 8,,2017-06-03 00:00:00,2999-12-31 00:00:00,8,00M01D
3215,XC9,CrossCountry Small Group 9,CrossCountry Small Group 9,,2017-06-03 00:00:00,2999-12-31 00:00:00,9,00M01D
3216,XCF,Advance Single (1st Class),Advance Single 1st,,2025-12-12 00:00:00,2999-12-31 00:00:00,,
3217,XCT,CrossCountry Explorer (Standard),CrossCountry Explorer (Standard),,2018-12-15 00:00:00,2999-12-31 00:00:00,,
3218,XCU,IXC Weekend Upgrade,IXC Weekend Upgrade,,2017-06-03 00:00:00,2999-12-31 00:00:00,,
3219,XCW,IXC WEEKDAY UPGRADE,IXC WEEKDAY UPGRADE,,2026-04-11 00:00:00,2999-12-31 00:00:00,,
3220,XD3,Lincoln Business PK,Lincoln Business PK,,2024-08-28 00:00:00,2999-12-31 00:00:00,,
3221,XDF,Advance Single (1st Class),Advance Single 1st,,2017-06-03 00:00:00,2999-12-31 00:00:00,,
3222,XDR,Promo Day Return,Promo Day Return,,2012-04-17 00:00:00,2999-12-31 00:00:00,,
3223,XE1,Semi Flex Return,Semi Flex Return,,2019-12-03 00:00:00,2999-12-31 00:00:00,,
3224,XE2,Semi Flex Return,Semi Flex Return,,2019-12-03 00:00:00,2999-12-31 00:00:00,,
3225,XE3,Semi Flex Return,Semi Flex Return,,2019-12-03 00:00:00,2999-12-31 00:00:00,,
3226,XE4,Semi Flex Return,Semi Flex Return,,2019-12-03 00:00:00,2999-12-31 00:00:00,,
3227,XE5,Semi Flex Return,Semi Flex Return,,2019-12-03 00:00:00,2999-12-31 00:00:00,,
3228,XE6,Semi Flex Return,Semi Flex Return,,2019-12-03 00:00:00,2999-12-31 00:00:00,,
3229,XE7,Semi Flex Return,Semi Flex Return,,2019-12-03 00:00:00,2999-12-31 00:00:00,,
3230,XE8,Semi Flex Return,Semi Flex Return,,2019-12-03 00:00:00,2999-12-31 00:00:00,,
3231,XE9,Semi Flex Return,Semi Flex Return,,2019-12-03 00:00:00,2999-12-31 00:00:00,,
3232,XEF,Advance Single (1st Class),Advance Single 1st,,2017-06-03 00:00:00,2999-12-31 00:00:00,,
3233,XFF,Advance Single (1st Class),Advance Single 1st,,2017-06-03 00:00:00,2999-12-31 00:00:00,,
3234,XGF,Advance Single (1st Class),Advance Single 1st,,2017-06-03 00:00:00,2999-12-31 00:00:00,,
3235,XLF,LNER Rewards 1st Class,LNER Rewards 1st Class,,2018-06-18 00:00:00,2999-12-31 00:00:00,,
3236,XOR,OFF-PEAK DAY R,OFF-PEAK DAY R,,2019-05-19 00:00:00,2999-12-31 00:00:00,,
3237,XOS,OFF-PEAK DAY S,OFF-PEAK DAY S,,2019-05-19 00:00:00,2999-12-31 00:00:00,,
3238,XP1,First Park and Go,First Park and Go,,2017-06-02 00:00:00,2999-12-31 00:00:00,,
3239,XP2,First Park and Go,First Park and Go,,2017-06-02 00:00:00,2999-12-31 00:00:00,,
3240,XP4,First Park and Go ex Underground,First Park and Go ex Underground,,2021-06-03 00:00:00,2999-12-31 00:00:00,,
3241,XRA,Anytime Day Single,Anytime Day Single,,2025-05-31 00:00:00,2999-12-31 00:00:00,,
3242,XRB,Anytime Day Return,Anytime Day Return,,2025-05-31 00:00:00,2999-12-31 00:00:00,,
3243,XRC,Anytime Open Return,Anytime Open Return,,2025-05-31 00:00:00,2999-12-31 00:00:00,,
3244,XS1,Scottish Executive Package - Return,Scottish Executive Package Return,,2021-08-08 00:00:00,2999-12-31 00:00:00,,
3245,XS2,SCOT EXEC PACK,Scottish Executive Package Return,,2017-06-02 00:00:00,2999-12-31 00:00:00,,
3246,XS3,LNER Corporate Standard Single,LNER Corporate Standard Single,,2018-06-18 00:00:00,2999-12-31 00:00:00,,
3247,XS4,LNER CORP STD RTN,LNER CORP STD RTN,,2018-11-14 00:00:00,2999-12-31 00:00:00,,
3248,XS5,Scottish Executive Package - Single,Scottish Executive Package Single,,2021-08-08 00:00:00,2999-12-31 00:00:00,,
3249,XS6,Scottish Executive Package - Single,Scottish Executive Package Single,,2017-06-02 00:00:00,2999-12-31 00:00:00,,
3250,XS7,Scottish Executive ex Underground,Scottish Executive ex Underground,,2021-06-03 00:00:00,2999-12-31 00:00:00,,
3251,XS8,West Yorkshire Executive Package,West Yorkshire Executive Package,,2017-06-02 00:00:00,2999-12-31 00:00:00,,
3252,XS9,Scottish Executive Ex Underground,Scottish Executive Ex Underground,,2021-06-03 00:00:00,2999-12-31 00:00:00,,
3253,XT1,West Yorkshire Executive ex Underground,West Yorkshire Executive ex Underground,,2022-08-13 00:00:00,2999-12-31 00:00:00,,
3254,XT3,Standard Business Pack ex Underground,Standard Business Pack ex Underground,,2022-08-13 00:00:00,2999-12-31 00:00:00,,
3255,XXR,XC OFF-PEAK R,XC OFF-PEAK R,,2019-05-19 00:00:00,2999-12-31 00:00:00,,
3256,XXS,XC OFF-PEAK S,XC OFF-PEAK S,,2019-05-19 00:00:00,2999-12-31 00:00:00,,
3257,Y00,Z1 NR SDS DUMMY,Z1 NR SDS DUMMY,,2025-03-02 00:00:00,2999-12-31 00:00:00,,
3258,Y01,Z12 NR SDS DUMMY,Z12 NR SDS DUMMY,,2025-03-02 00:00:00,2999-12-31 00:00:00,,
3259,Y02,Z123 NR SDS DUMMY,Z123 NR SDS DUMMY,,2025-03-02 00:00:00,2999-12-31 00:00:00,,
3260,YEC,HEX Staff Std Jny,HEX Staff Std Jny,,2023-03-04 00:00:00,2999-12-31 00:00:00,,
3261,YES,HEX STAFF STD,HEX STAFF STD,,2020-10-14 00:00:00,2999-12-31 00:00:00,,
3262,YF2,Festival Standard,Festival Standard,,2024-09-19 00:00:00,2999-12-31 00:00:00,,
3263,YFC,HEX VIP 1st,HEX VIP 1st,,2020-10-14 00:00:00,2999-12-31 00:00:00,,
3264,YFP,Festival Premium,Festival Premium,,2024-10-11 00:00:00,2999-12-31 00:00:00,,
3265,Z01,Advance Single,Advance Single,,2024-03-07 00:00:00,2999-12-31 00:00:00,,
3266,Z02,Advance Single,Advance Single,,2024-03-07 00:00:00,2999-12-31 00:00:00,,
3267,Z03,Advance Single,Advance Single,,2024-03-07 00:00:00,2999-12-31 00:00:00,,
3268,Z04,Advance Single,Advance Single,,2024-03-07 00:00:00,2999-12-31 00:00:00,,
3269,Z05,Advance Single,Advance Single,,2024-03-07 00:00:00,2999-12-31 00:00:00,,
3270,Z06,Advance Single,Advance Single,,2024-03-07 00:00:00,2999-12-31 00:00:00,,
3271,Z07,Advance Single,Advance Single,,2024-03-07 00:00:00,2999-12-31 00:00:00,,
3272,Z08,Advance Single,Advance Single,,2024-03-07 00:00:00,2999-12-31 00:00:00,,
3273,Z09,Advance Single,Advance Single,,2024-03-07 00:00:00,2999-12-31 00:00:00,,
3274,Z10,Advance Single,Advance Single,,2024-03-07 00:00:00,2999-12-31 00:00:00,,
3275,Z11,Advance Single,Advance Single,,2024-03-07 00:00:00,2999-12-31 00:00:00,,
3276,Z12,Advance Single,Advance Single,,2024-03-07 00:00:00,2999-12-31 00:00:00,,
3277,Z13,Advance Single,Advance Single,,2024-03-07 00:00:00,2999-12-31 00:00:00,,
3278,Z14,Advance Single,Advance Single,,2024-03-07 00:00:00,2999-12-31 00:00:00,,
3279,Z15,Advance Single,Advance Single,,2024-03-07 00:00:00,2999-12-31 00:00:00,,
3280,Z16,Advance Single,Advance Single,,2024-03-07 00:00:00,2999-12-31 00:00:00,,
3281,Z17,Advance Single,Advance Single,,2024-03-07 00:00:00,2999-12-31 00:00:00,,
3282,Z18,Advance Single,Advance Single,,2024-03-07 00:00:00,2999-12-31 00:00:00,,
3283,Z19,Advance Single,Advance Single,,2024-03-07 00:00:00,2999-12-31 00:00:00,,
3284,Z20,Advance Single,Advance Single,,2024-03-07 00:00:00,2999-12-31 00:00:00,,
3285,Z21,Advance Single,Advance Single,,2024-03-07 00:00:00,2999-12-31 00:00:00,,
3286,Z22,Advance Single,Advance Single,,2024-03-07 00:00:00,2999-12-31 00:00:00,,
3287,Z23,Advance Single,Advance Single,,2024-03-07 00:00:00,2999-12-31 00:00:00,,
3288,Z24,Advance Single,Advance Single,,2024-03-07 00:00:00,2999-12-31 00:00:00,,
3289,Z2R,Chiltern Duo Day Return,Chiltern Duo Day Return,,2025-03-02 00:00:00,2999-12-31 00:00:00,2,00M01D
3290,Z2S,Chiltern Duo Day Single,Chiltern Duo Day Single,,2025-03-02 00:00:00,2999-12-31 00:00:00,2,00M01D
3291,Z31,Advance Single,Advance Single,,2024-03-08 00:00:00,2999-12-31 00:00:00,,
3292,Z32,Advance Single,Advance Single,,2024-03-08 00:00:00,2999-12-31 00:00:00,,
3293,Z33,Advance Single,Advance Single,,2024-03-08 00:00:00,2999-12-31 00:00:00,,
3294,Z34,Advance Single,Advance Single,,2024-03-08 00:00:00,2999-12-31 00:00:00,,
3295,Z35,Advance Single,Advance Single,,2024-03-08 00:00:00,2999-12-31 00:00:00,,
3296,Z36,Advance Single,Advance Single,,2024-03-08 00:00:00,2999-12-31 00:00:00,,
3297,Z37,Advance Single,Advance Single,,2024-03-08 00:00:00,2999-12-31 00:00:00,,
3298,Z38,Advance Single,Advance Single,,2024-03-08 00:00:00,2999-12-31 00:00:00,,
3299,Z39,Advance Single,Advance Single,,2024-03-08 00:00:00,2999-12-31 00:00:00,,
3300,Z40,Advance Single,Advance Single,,2024-03-08 00:00:00,2999-12-31 00:00:00,,
3301,Z41,Advance Single,Advance Single,,2024-03-08 00:00:00,2999-12-31 00:00:00,,
3302,Z42,Advance Single,Advance Single,,2024-03-08 00:00:00,2999-12-31 00:00:00,,
3303,Z43,Advance Single,Advance Single,,2024-03-08 00:00:00,2999-12-31 00:00:00,,
3304,Z44,Advance Single,Advance Single,,2024-03-08 00:00:00,2999-12-31 00:00:00,,
3305,Z45,Advance Single,Advance Single,,2024-03-08 00:00:00,2999-12-31 00:00:00,,
3306,Z46,Advance Single,Advance Single,,2024-03-08 00:00:00,2999-12-31 00:00:00,,
3307,Z47,Advance Single,Advance Single,,2024-03-08 00:00:00,2999-12-31 00:00:00,,
3308,Z48,Advance Single,Advance Single,,2024-03-08 00:00:00,2999-12-31 00:00:00,,
3309,Z49,Advance Single,Advance Single,,2024-03-08 00:00:00,2999-12-31 00:00:00,,
3310,Z50,Advance Single,Advance Single,,2024-03-08 00:00:00,2999-12-31 00:00:00,,
3311,Z51,Advance Single,Advance Single,,2024-03-08 00:00:00,2999-12-31 00:00:00,,
3312,Z52,Advance Single,Advance Single,,2024-03-08 00:00:00,2999-12-31 00:00:00,,
3313,Z53,Advance Single,Advance Single,,2024-03-08 00:00:00,2999-12-31 00:00:00,,
3314,Z54,Advance Single,Advance Single,,2024-03-08 00:00:00,2999-12-31 00:00:00,,
3315,ZA1,Weekend Semi-Flexible Return,Weekend Semi-Flexible Return,,2023-09-03 00:00:00,2999-12-31 00:00:00,,
3316,ZA2,Weekend Semi-Flexible Return,Weekend Semi-Flexible Return,,2023-09-03 00:00:00,2999-12-31 00:00:00,,
3317,ZA3,Weekend Semi-Flexible Return,Weekend Semi-Flexible Return,,2023-09-03 00:00:00,2999-12-31 00:00:00,,
3318,ZA4,Weekend Semi-Flexible Return,Weekend Semi-Flexible Return,,2023-09-03 00:00:00,2999-12-31 00:00:00,,
3319,ZA5,Weekend Semi-Flexible Return,Weekend Semi-Flexible Return,,2023-09-03 00:00:00,2999-12-31 00:00:00,,
3320,ZA6,Weekend Semi-Flexible Return,Weekend Semi-Flexible Return,,2023-09-03 00:00:00,2999-12-31 00:00:00,,
3321,ZA7,Weekend Semi-Flexible Return,Weekend Semi-Flexible Return,,2023-09-03 00:00:00,2999-12-31 00:00:00,,
3322,ZA8,Weekend Semi-Flexible Return,Weekend Semi-Flexible Return,,2023-09-03 00:00:00,2999-12-31 00:00:00,,
3323,ZA9,Weekend Semi-Flexible Return,Weekend Semi-Flexible Return,,2023-09-03 00:00:00,2999-12-31 00:00:00,,
3324,ZCD,OFF-PEAK DAY R,OFF-PEAK DAY R,,2019-05-12 00:00:00,2999-12-31 00:00:00,,
3325,ZN4,Strathclyde PTE Zone 4 Week,Strathclyde PTE Zone 4 Week,,2009-03-10 00:00:00,2999-12-31 00:00:00,,
3326,ZNA,Strathclyde PTE Annual,Strathclyde PTE Annual,,2009-03-10 00:00:00,2999-12-31 00:00:00,,
3327,ZNW,Strathclyde PTE Zone 1 Week,Strathclyde PTE Zone 1 Week,,2009-03-10 00:00:00,2999-12-31 00:00:00,,
3328,ZNX,Strathclyde PTE 10 Weeks,Strathclyde PTE 10 Weeks,,2009-03-10 00:00:00,2999-12-31 00:00:00,,
3329,ZO1,OYSTER REM STD,OYSTER REM STD,,2015-10-20 00:00:00,2999-12-31 00:00:00,,
3330,ZO2,OYSTER REM 1ST,OYSTER REM 1ST,,2015-10-20 00:00:00,2999-12-31 00:00:00,,
3331,ZO3,Magstripe Conversion (Std Class),Magstripe Conversion (Std),,2015-10-20 00:00:00,2999-12-31 00:00:00,,
3332,ZO4,Magstripe Conversion (1st Class),Magstripe Conversion 1st,,2015-10-20 00:00:00,2999-12-31 00:00:00,,
3333,ZOP,Chiltern Off-Peak 1st,Chiltern Off-Peak 1st,,2019-05-22 00:00:00,2999-12-31 00:00:00,,
3334,ZPO,Port Tax,Port Tax,,2008-05-18 00:00:00,2999-12-31 00:00:00,,
3335,ZPR,Super Off-Peak Day Return,Super Off-Peak Day Return,,2020-02-12 00:00:00,2999-12-31 00:00:00,,
3336,ZPS,Super Off-Peak Day Single,Super Off-Peak Day Single,,2020-01-01 00:00:00,2999-12-31 00:00:00,,
3337,ZT1,Off-Peak Family Travelcard,Off-Peak Family Travelcard,,2025-01-11 00:00:00,2999-12-31 00:00:00,,
3338,ZT2,Off-Peak Family Travelcard,Off-Peak Family Travelcard,,2025-01-11 00:00:00,2999-12-31 00:00:00,,
3339,ZT3,Off-Peak Family Travelcard,Off-Peak Family Travelcard,,2025-01-11 00:00:00,2999-12-31 00:00:00,,
3340,ZT4,Off-Peak Family Travelcard,Off-Peak Family Travelcard,,2025-01-11 00:00:00,2999-12-31 00:00:00,,
3341,ZT5,Off-Peak Family Travelcard,Off-Peak Family Travelcard,,2025-01-11 00:00:00,2999-12-31 00:00:00,2,00M01D
3342,ZT6,Off-Peak Family Travelcard,Off-Peak Family Travelcard,,2025-01-11 00:00:00,2999-12-31 00:00:00,2,00M01D
3343,ZZV,Not for travel,Not for travel,,2017-05-23 00:00:00,2999-12-31 00:00:00,,
3344,ZZW,Not for travel,Not for travel,,2017-05-23 00:00:00,2999-12-31 00:00:00,,
3345,ZZX,Not for travel,Not for travel,,2017-05-23 00:00:00,2999-12-31 00:00:00,,
3346,ZZY,Not valid for travel,Not valid for travel,,2017-05-23 00:00:00,2999-12-31 00:00:00,,
3347,ZZZ,Not valid for travel,Not valid for travel,,2017-05-23 00:00:00,2999-12-31 00:00:00,,
3348,1SA,First class (not retailed),First class (not retailed),,2025-06-04 03:02:17,2027-06-04 03:02:17,,
3349,1SB,First class (not retailed),First class (not retailed),,2025-06-04 03:02:17,2027-06-04 03:02:17,,
3350,1SC,First class (not retailed),First class (not retailed),,2025-06-04 03:02:17,2027-06-04 03:02:17,,
3351,1SD,First class (not retailed),First class (not retailed),,2025-06-04 03:02:17,2027-06-04 03:02:17,,
3352,1SE,First class (not retailed),First class (not retailed),,2025-06-04 03:02:17,2027-06-04 03:02:17,,
3353,FB0,First class (not retailed),First class (not retailed),,2025-06-04 03:02:17,2027-06-04 03:02:17,,
3354,FB1,First class (not retailed),First class (not retailed),,2025-06-04 03:02:17,2027-06-04 03:02:17,,
3355,FB2,First class (not retailed),First class (not retailed),,2025-06-04 03:02:17,2027-06-04 03:02:17,,
3356,FB3,First class (not retailed),First class (not retailed),,2025-06-04 03:02:17,2027-06-04 03:02:17,,
3357,FB4,First class (not retailed),First class (not retailed),,2025-06-04 03:02:17,2027-06-04 03:02:17,,
3358,SBD,Standard class (not retailed),Standard class (not retailed),,2025-06-04 03:02:17,2027-06-04 03:02:17,,
3359,SBE,Standard class (not retailed),Standard class (not retailed),,2025-06-04 03:02:17,2027-06-04 03:02:17,,
3360,SBF,Standard class (not retailed),Standard class (not retailed),,2025-06-04 03:02:17,2027-06-04 03:02:17,,
3361,SBG,Standard class (not retailed),Standard class (not retailed),,2025-06-04 03:02:17,2027-06-04 03:02:17,,
3362,SBH,Standard class (not retailed),Standard class (not retailed),,2025-06-04 03:02:17,2027-06-04 03:02:17,,
3363,SBJ,Standard class (not retailed),Standard class (not retailed),,2025-06-04 03:02:17,2027-06-04 03:02:17,,
3364,SBK,Standard class (not retailed),Standard class (not retailed),,2025-06-04 03:02:17,2027-06-04 03:02:17,,
3365,SBL,Standard class (not retailed),Standard class (not retailed),,2025-06-04 03:02:17,2027-06-04 03:02:17,,
3366,SBM,Standard class (not retailed),Standard class (not retailed),,2025-06-04 03:02:17,2027-06-04 03:02:17,,
