1,5131,0.12141,51.49107,"Abbey Wood (London) Rail Station, Eltham, Greater London SE2 9, UK"
2,3813,-3.22984,51.57496,"Aber Rail Station, Caerphilly CF83, UK"
3,0274,0,0,""
4,3801,-3.327,51.64471,"Abercynon Rail Station, Abercynon, Rhondda Cynon Taff CF45, UK"
5,3982,-3.4431,51.71506,"Aberdare Rail Station, Aberdare, Rhondda Cynon Taff CF44, UK"
6,8976,-2.09869,57.14369,"Aberdeen Rail Station, Aberdeen, Aberdeen City AB11 6, UK"
7,9090,-3.30056,56.05458,"Aberdour Rail Station, Aberdour, Fife KY3, UK"
8,4435,-4.05708,52.54397,"Aberdovey Rail Station, Snowdonia National Park, Aberdyfi, Gwynedd LL35, UK"
9,4440,-4.3742,52.8986,"Abererch Rail Station, Llannor, Gwynedd LL53, UK"
10,3602,-3.00966,51.81669,"Abergavenny Rail Station, Abergavenny, Monmouthshire NP7 5, UK"
11,2448,-3.58263,53.29459,"Abergele & Pensarn Rail Station, Abergele, Conwy LL22 7, UK"
12,4303,-4.08191,52.41406,"Aberystwyth Rail Station, Aberystwyth, Ceredigion SY23 1, UK"
13,H992,0,0,""
14,0275,0,0,""
15,2552,-2.36955,53.75298,"Accrington Rail Station, Accrington, Lancashire BB5, UK"
16,8600,-4.91386,57.60958,"Achanalt Rail Station, Achanalt, Highland IV23 2, UK"
17,8601,-5.07233,57.57927,"Achnasheen Rail Station, Highland IV22 2, UK"
18,8602,-5.33306,57.48205,"Achnashellach Rail Station, Highland IV54 8, UK"
19,7662,-1.65184,55.3071,"Acklington Rail Station, Acklington, Northumberland NE65 9, UK"
20,7286,1.54393,52.63471,"Acle Rail Station, Acle, Norfolk NR13, UK"
21,4529,-1.81898,52.44933,"Acocks Green Rail Station, Birmingham B27 6, UK"
22,2287,-2.60312,53.26652,"Acton Bridge Rail Station, Acton Bridge, Cheshire West and Chester CW8 2, UK"
23,1404,-0.26297,51.50872,"Acton Central, Ealing, Greater London W3 6, UK"
24,3000,-0.26676,51.51719,"Acton Main Line Rail Station, Ealing, Greater London W3 9, UK"
25,0500,-0.279862,51.502605,"Bollo Ln, Ealing, Greater London W3 8, UK"
26,1036,-1.85594,52.48309,"Adderley Park Rail Station, Birmingham B9, UK"
27,9310,-3.60652,55.8434,"Addiewell Rail Station, Addiewell, West Lothian EH55 8, UK"
28,5550,-0.48445,51.37305,"Addlestone Rail Station, Addlestone, Surrey KT15 2, UK"
29,5160,1.1991,51.2412,"Adisham Rail Station, Adisham, Kent CT3, UK"
30,2939,-2.13356,53.31957,"Adlington (Cheshire) Rail Station, Adlington, Cheshire East SK10 4, UK"
31,2641,-2.60307,53.61326,"Adlington (Lancs) Rail Station, Adlington, Lancashire PR6, UK"
32,8353,-1.18036,53.57234,"Adwick Rail Station, Doncaster DN6, UK"
33,2255,-2.92716,53.36458,"Aigburth Rail Station, Garston, Liverpool L70, UK"
34,2350,-3.04266,53.60205,"Ainsdale Rail Station, Southport, Sefton PR8, UK"
35,2125,-2.95629,53.47392,"Aintree Rail Station, Aintree, Sefton L9 5, UK"
36,9695,-3.99418,55.78282,"Airbles Rail Station, Motherwell, North Lanarkshire ML1, UK"
37,9759,-3.9829,55.86397,"Airdrie Rail Station, Airdrie, North Lanarkshire ML6 0, UK"
38,5132,0.12575,51.43545,"Albany Park Rail Station, Bexley, Greater London DA14, UK"
39,4614,-2.26891,52.63796,"Albrighton Rail Station, Albrighton, Shropshire WV7, UK"
40,2760,-2.2368,53.3038,"Alderley Edge Rail Station, Wilmslow, Cheshire East SK9, UK"
41,3145,-1.13742,51.40196,"Aldermaston Rail Station, Padworth, Aldermaston Wharf, West Berkshire RG7, UK"
42,5623,-0.75986,51.24642,"Aldershot Rail Station, Aldershot, Hampshire GU11, UK"
43,0503,-0.07228,51.515236,"Whitechapel High St, Poplar, Greater London E1 6, UK"
44,0502,-0.075617,51.51427,"9-31 Aldgate High St, City of London, EC3N 1, UK"
45,5280,-0.18382,50.83638,"Aldrington Rail Station, Brighton, Brighton and Hove BN3, UK"
46,6025,-0.12023,51.59793,"Alexandra Palace Rail Station, Tottenham, Greater London N22, UK"
47,9905,-4.21142,55.86366,"Alexandra Parade Rail Station, Glasgow, Glasgow City G31, UK"
48,9861,-4.57747,55.98507,"Alexandria Rail Station, Alexandria, West Dunbartonshire G83, UK"
49,1805,-1.36969,53.10046,"Alfreton Rail Station, Alfreton, Derbyshire DE55, UK"
50,7520,-1.36112,54.52463,"Allens West Rail Station, Egglescliffe, Stockton-on-Tees TS16, UK"
51,2214,-2.90697,53.36914,"West Allerton Rail Station, Garston, Liverpool L70, UK"
52,9883,-3.78977,56.1178,"Alloa Rail Station, Alloa, Clackmannanshire FK10 2, UK"
53,8605,-4.24973,57.69438,"Alness Rail Station, Alness, Highland IV17, UK"
54,7787,-1.63664,55.39277,"Alnmouth Rail Station, Lesbury, Northumberland NE66, UK"
55,0505,-0.299495,51.540695,"Ealing Rd, Brent, Greater London HA0 4, UK"
56,6847,0.99745,51.85401,"Alresford (Essex) Rail Station, Alresford, Essex CO7, UK"
57,1223,-2.29861,53.09275,"Alsager Rail Station, Alsager, Cheshire East ST7, UK"
58,0276,-0.96692,51.15196,"Alton Rail Station, Alton, Hampshire GU34 2, UK"
59,6869,0.7525,51.64788,"Althorne Rail Station, Althorne, Essex CM3, UK"
60,6532,-0.73318,53.58552,"Althorpe Rail Station, Keadby, North Lincolnshire DN17, UK"
61,8606,-3.70629,58.38813,"Altnabreac Rail Station, Highland KW12 6, UK"
62,1269,0,0,""
63,5544,-0.96692,51.15196,"Alton Rail Station, Alton, Hampshire GU34 2, UK"
64,2806,-2.34689,53.38773,"Altrincham Rail Station, Trafford WA15, UK"
65,0942,0,0,""
66,1198,-1.96766,52.34608,"Alvechurch Rail Station, Alvechurch, Worcestershire B48 7, UK"
67,1678,-1.48069,53.06054,"Ambergate Rail Station, Ambergate, Ripley, Derbyshire DE56, UK"
68,5250,-0.54199,50.89667,"Amberley Rail Station, Amberley, West Sussex BN18 9, UK"
69,0506,-0.60741,51.67422,"Station Approach, Amersham, Buckinghamshire HP6 5, UK"
70,4236,-3.99677,51.79598,"Ammanford Rail Station, Ammanford, Carmarthenshire SA18, UK"
71,3940,0,0,""
72,6358,-0.53562,52.98771,"Ancaster Rail Station, Ancaster, Lincolnshire NG32, UK"
73,G404,-2.286108,53.474567,"5 Anchorage Quay, Salford M50 3, UK"
74,9965,-4.27193,55.85986,"Anderston Rail Station, Glasgow, Glasgow City G3 8, UK"
75,5510,-1.49224,51.21155,"Andover Rail Station, Andover, Hampshire SP11, UK"
76,5397,-0.06588,51.41215,"Anerley, Bromley, Greater London SE20 8, UK"
77,6909,-0.04878,51.61241,"Angel Road Rail Station, Enfield, Greater London N18 3, UK"
78,0507,-0.105765,51.5325,"5-25 Upper St, Islington, Greater London N1 9, UK"
79,5267,-0.48939,50.81657,"Angmering Rail Station, Angmering, West Sussex BN16 3, UK"
80,9451,-3.26258,54.98384,"Annan Rail Station, Annan, Dumfries and Galloway DG12, UK"
81,9972,-4.32164,55.8895,"Anniesland Rail Station, Glasgow, Glasgow City G11, UK"
82,2662,-2.99304,53.74147,"Ansdell & Fairhaven Rail Station, Lytham, Lytham Saint Annes, Lancashire FY8 1, UK"
83,M020,-6.216761,54.713383,"Antrim BT41, UK"
84,2052,-2.48669,54.58035,"Appleby Rail Station, Appleby-in-Westmorland, Cumbria CA16 6, UK"
85,5003,0.81636,51.03324,"Appledore (Kent) Rail Station, Appledore, Kent TN26, UK"
86,3109,-1.24214,51.63964,"Appleford Rail Station, Appleford, Oxfordshire OX14, UK"
87,2396,-2.71925,53.57869,"Appley Bridge Rail Station, Wrightington, Lancashire WN6, UK"
88,1430,-0.46292,51.73252,"Apsley Rail Station, Hemel Hempstead, Hertfordshire HP3 9, UK"
89,9079,-2.58894,56.55957,"Arbroath Rail Station, Arbroath, Angus DD11 3, UK"
90,0508,-0.135087,51.565426,"2-12 Junction Rd, Islington, Greater London N19 5, UK"
91,8613,-4.3621,57.88143,"Ardgay Rail Station, Ardgay, Highland IV24, UK"
92,9962,-4.72164,56.30195,"Ardlui Rail Station, Ardlui, Argyll and Bute G83, UK"
93,9453,-4.82111,55.63986,"Ardrossan Harbour Rail Station, Ardrossan, North Ayrshire KA22 8, UK"
94,9569,-4.80121,55.64141,"Ardrossan South Beach Rail Station, Ardrossan, North Ayrshire KA22 8, UK"
95,9455,-4.81267,55.6397,"Ardrossan Town Rail Station, Ardrossan, North Ayrshire KA22, UK"
96,2960,-2.21432,53.47157,"Ardwick Rail Station, Manchester M12, UK"
97,9961,-4.25069,55.85729,"Argyle Street Rail Station, Glasgow, Glasgow City G1, UK"
98,8821,-5.83907,56.91252,"Arisaig Rail Station, Arisaig, Highland PH39 4, UK"
99,M030,-6.160412,52.79336,"6 Liam Mellows Close, Arklow, Co. Wicklow, Ireland"
100,6171,-0.26632,52.02604,"Arlesey Rail Station, Arlesey, Central Bedfordshire SG15 6, UK"
101,9067,-5.9003005,57.06544,"Armadale, Highland IV44, UK"
102,H334,-3.69541,55.8857,"Armadale (W Lothian) Rail Station, West Lothian EH48, UK"
103,2054,-2.77208,54.80947,"Armathwaite Rail Station, Armathwaite, Hesket, Cumbria CA4 9, UK"
104,0509,-0.13352,51.61633,"Bowes Rd, Enfield, Greater London N11 1, UK"
105,1963,-2.82824,54.20273,"Arnside Rail Station, Arnside, Cumbria LA5 0, UK"
106,8045,-0.42656,53.88435,"Arram Rail Station, Leconfield, East Riding of Yorkshire HU17, UK"
107,9963,-4.72276,56.20396,"Arrochar & Tarbet Rail Station, Tarbet, Argyll and Bute G83, UK"
108,0510,-0.105754,51.55868,"116-138 Gillespie Rd, Islington, Greater London N5 1, UK"
109,5251,-0.54617,50.8482,"Arundel Rail Station, Lyminster, West Sussex BN18 9, UK"
110,5666,-0.67583,51.40625,"Sunny Bank, Sunninghill, Windsor and Maidenhead SL5 9, UK"
111,3003,-1.56406,51.86734,"Ascott-under-Wychwood Rail Station, Ascott-under-Wychwood, Oxfordshire OX7, UK"
112,5547,-0.72165,51.27225,"Ash Vale Rail Station, Ash, Surrey GU12 5, UK"
113,5641,-0.7128,51.2496,"Ash Rail Station, Ash, Surrey GU12, UK"
114,2941,-2.19444,53.47166,"Ashburys Rail Station, Manchester M12, UK"
115,4700,-2.10877,51.99891,"Ashchurch for Tewkesbury Rail Station, Ashchurch, Gloucestershire GL20, UK"
116,9953,-4.24921,55.88891,"Ashfield Rail Station, Glasgow, Glasgow City G22, UK"
117,5667,-0.46806,51.43651,"Ashford (Surrey) Rail Station, Staines, Surrey TW15, UK"
118,5466,0.876181,51.14371,"Station Rd, Kingsnorth, Ashford, Kent TN23 1, UK"
119,5004,0.87621,51.14371,"Ashford International Rail Station, Kingsnorth, Ashford, Kent TN23 1, UK"
120,2850,-2.34102,53.35601,"Ashley Rail Station, Ashley, Cheshire East WA14, UK"
121,5347,-0.30757,51.31787,"Ashtead Rail Station, Leatherhead, Surrey KT21 2, UK"
122,2790,-2.09431,53.49128,"Ashton-under-Lyne Rail Station, Ashton-under-Lyne, Tameside OL6 6, UK"
123,5398,0.15266,51.12866,"Ashurst (Kent) Rail Station, Speldhurst, Kent TN3, UK"
124,5906,-1.52664,50.88984,"Ashurst New Forest Rail Station, Ashurst, Hampshire SO40, UK"
125,6083,-0.10978,52.03078,"Ashwell & Morden Rail Station, Steeple Morden, Cambridgeshire SG7 5, UK"
126,1953,-3.20452,54.18894,"Askam Rail Station, Ireleth, Cumbria LA16, UK"
127,6233,-0.89809,52.95157,"Aslockton Rail Station, Aslockton, Nottinghamshire NG13, UK"
128,2095,-3.33188,54.75896,"Aspatria Rail Station, Aspatria, Cumbria CA7 2, UK"
129,1380,-0.63233,52.02125,"Aspley Guise Rail Station, Aspley Guise, Central Bedfordshire MK17, UK"
130,1004,-1.87193,52.50424,"Aston Rail Station, Birmingham B6, UK"
131,M040,-8.7484,53.3008,"Church St, Athenry, Co. Galway, Ireland"
132,1074,-1.55281,52.57898,"Atherstone Rail Station, Atherstone, Warwickshire CV9, UK"
133,2584,-2.47898,53.52916,"Upton Rd, Pemberton, Wigan M46 9, UK"
134,M050,-7.936935,53.427357,"Southern Station Rd, Athlone, Co. West Meath, Ireland"
135,M060,-6.976769,52.992508,"Church Rd, Athy, Co. Kildare, Ireland"
136,8608,-5.45557,57.39502,"Attadale Rail Station, Highland IV54 8, UK"
137,1624,-1.23142,52.90623,"Attenborough Rail Station, Beeston, Nottinghamshire NG9, UK"
138,7367,1.02236,52.51457,"Attleborough Rail Station, Attleborough, Norfolk NR17, UK"
139,N250,0,0,""
140,9457,-4.29535,55.47027,"Auchinleck Rail Station, Auchinleck, East Ayrshire KA18, UK"
141,7017,0.20716,52.00445,"Audley End Rail Station, Wendens Ambo, Essex CB11, UK"
142,2215,-2.89522,53.55426,"Aughton Park Rail Station, Aughton, Lancashire L39, UK"
143,H019,0,0,""
144,8610,-3.82887,57.1885,"Aviemore Rail Station, The Cairngorms National Park, Aviemore, Highland PH22 1, UK"
145,3265,-2.28134,51.33965,"Avoncliff Rail Station, Winsley, Wiltshire BA15 2, UK"
146,3200,-2.69948,51.50035,"Avonmouth Rail Station, Avonmouth, Bristol, City of Bristol BS11 9, UK"
147,5714,-3.00475,50.77926,"Axminster Rail Station, Axminster, Devon EX13, UK"
148,1090,-0.86018,51.83117,"Aylesbury Vale Parkway Rail Station, Quarrendon, Buckinghamshire HP18, UK"
149,1492,-0.81509,51.8139,"Aylesbury Rail Station, Aylesbury, Buckinghamshire HP20 1, UK"
150,5162,0.46618,51.30132,"Aylesford Rail Station, Aylesford, Kent ME20 7, UK"
151,5197,1.20946,51.22726,"Aylesham Rail Station, Aylesham, Kent CT3, UK"
152,9463,-4.62587,55.45813,"Ayr Rail Station, Ayr, South Ayrshire KA7 3, UK"
153,2187,-2.89168,53.2088,"Bache Rail Station, Upton, Cheshire West and Chester CH2, UK"
154,4186,-3.81116,51.61554,"Baglan Rail Station, Baglan Bay, Neath Port Talbot SA12 7, UK"
155,5681,-0.68866,51.36437,"Bagshot Rail Station, Windlesham, Surrey GU19 5, UK"
156,8552,-1.75364,53.85024,"Baildon Rail Station, Queensbury, Bradford BD17, UK"
157,9763,-4.1145,55.84471,"Baillieston Rail Station, Glasgow, Glasgow City G71, UK"
158,0511,-0.156898,51.52306,"Nottingham Terrace, Paddington, Greater London NW1 5, UK"
159,5492,-0.13693,51.05551,"Balcombe Rail Station, Balcombe, West Sussex RH17, UK"
160,6084,-0.18756,51.99288,"Baldock Rail Station, Hitchin, Hertfordshire SG7, UK"
161,0512,-0.153637,51.443115,"212-214 Balham High Rd, Wandsworth, Greater London SW12 9, UK"
162,5399,-0.153208,51.44333,"212-214 Balham High Rd, Wandsworth, Greater London SW12 9, UK"
163,0277,0,0,""
164,M070,-9.160688,54.10861,"Station Rd, Ballina, Co. Mayo, Ireland"
165,M080,-8.241624,53.337112,"Willow Dr, Ballinasloe, Co. Galway, Ireland"
166,9862,-4.58347,56.00292,"Balloch Rail Station, Alexandria, West Dunbartonshire G83 8, UK"
167,N270,-7.602046,52.899364,"R435, Co. Laois, Ireland"
168,M100,-8.758668,53.761494,"2-5 Abbey Vale, Ballyhaunis, Co. Mayo, Ireland"
169,M120,-6.278343,54.863117,"Ballymena, UK"
170,M140,-8.520713,54.088383,"R293, Ballymote, Co. Sligo, Ireland"
171,9013,-2.83895,56.47456,"Balmossie Rail Station, Monifieth, Angus DD5, UK"
172,2561,-2.66077,53.72688,"Bamber Bridge Rail Station, Bamber Bridge, Lancashire PR5, UK"
173,2820,-1.68908,53.33901,"Bamford Rail Station, The Peak District, Bamford, Derbyshire S33, UK"
174,8839,-5.09542,56.84329,"Banavie Rail Station, Highland PH33 7, UK"
175,4502,-1.32813,52.06031,"Banbury Rail Station, Banbury, Oxfordshire OX16, UK"
176,2471,-4.13589,53.2223,"Bangor (Gwynedd) Rail Station, Bangor, Gwynedd LL57 2, UK"
177,2238,-2.98752,53.4375,"Bank Hall Rail Station, Liverpool L4, UK"
178,0513,-0.088886,51.51349,"Threadneedle St, City of London, EC3V 3, UK"
179,5348,-0.21316,51.32935,"Banstead Rail Station, Reigate and Banstead, Surrey SM7 1, UK"
180,N290,-8.898695,52.128986,"Railway View, Banteer, Co. Cork, Ireland"
181,9466,-4.65113,55.56105,"Barassie Rail Station, Troon, South Ayrshire KA10, UK"
182,0501,-0.097772,51.52015,"Long Ln, City of London, EC1A 4, UK"
183,7563,-2.3465,54.97449,"Bardon Mill Rail Station, Bardon Mill, Northumberland NE47, UK"
184,2690,-2.83533,54.07455,"Bare Lane Rail Station, Lancaster, Lancashire LA4 6, UK"
185,9764,-4.07174,55.85172,"Bargeddie Rail Station, North Lanarkshire G69, UK"
186,4011,-3.22969,51.69231,"Bargoed Rail Station, Bargoed, Caerphilly CF81, UK"
187,0514,0.08093,51.539474,"41-59 Station Parade, Barking, Greater London IG11 8, UK"
188,7492,0.19065,51.51673,"Rainham (London) Rail Station, Romford, Greater London RM13 9, UK"
189,0515,0.088524,51.585777,"Station Approach, Ilford, Greater London IG6 1, UK"
190,9863,-2.168099,52.942894,"1 Station Rd, Barlaston, Staffordshire ST12 9, UK"
191,1279,-2.16811,52.94289,"Barlaston Rail Station, Barlaston, Staffordshire ST12, UK"
192,5133,0.47896,51.28489,"Barming Rail Station, Aylesford, Kent ME16 9, UK"
193,4445,-4.05661,52.72291,"Barmouth Rail Station, Barmouth, Gwynedd LL42 1, UK"
194,5089,0.15966,51.46496,"Barnehurst Rail Station, Crayford, Greater London DA7 6, UK"
195,5580,-0.25263,51.47201,"Barnes Bridge Rail Station, Richmond, Greater London SW13 0, UK"
196,5551,-0.24216,51.46709,"Barnes Rail Station, Richmond, Greater London SW15, UK"
197,6406,-0.40967,53.57514,"Barnetby Rail Station, Barnetby le Wold, North Lincolnshire DN38, UK"
198,5252,-0.63968,50.83089,"Barnham Rail Station, Eastergate, West Sussex PO22, UK"
199,9973,-4.22342,55.87783,"Barnhill Rail Station, Glasgow, Glasgow City G21, UK"
200,8854,-1.4812722,53.552933,"Barnsley, UK"
201,6774,-1.47716,53.55432,"Barnsley Rail Station, Barnsley S71 1, UK"
202,5725,-4.06315,51.07396,"Barnstaple Rail Station, Bickington, Barnstaple, Devon EX31, UK"
203,1096,-1.99247,52.36109,"Barnt Green Rail Station, Barnt Green, Worcestershire B45, UK"
204,0516,-0.213665,51.490326,"Margravine Gardens, Hammersmith, Greater London W14 9, UK"
205,9674,-4.39728,55.80374,"Barrhead Rail Station, Barrhead, East Renfrewshire G78, UK"
206,9467,-4.78178,55.097,"Barrhill Rail Station, South Ayrshire KA26, UK"
207,6212,-0.39295,53.69743,"Barrow Haven Rail Station, Barrow-Upon-Humber, North Lincolnshire DN19 7, UK"
208,1954,-3.22613,54.119,"Barrow-in-Furness Rail Station, Barrow-in-Furness, Cumbria LA14 5, UK"
209,1903,-1.14485,52.74935,"Barrow upon Soar Rail Station, Barrow Upon Soar, Leicestershire LE12, UK"
210,3806,-3.26072,51.40244,"Barry Docks Rail Station, Barry, The Vale of Glamorgan CF63 4, UK"
211,3807,-3.27338,51.39241,"Barry Island Rail Station, Barry, The Vale of Glamorgan CF62, UK"
212,9020,-2.74544,56.49314,"Barry Links Rail Station, Angus DD7 7, UK"
213,3805,-3.285,51.39678,"Barry Rail Station, Barry, The Vale of Glamorgan CF62, UK"
214,6207,-0.44343,53.68893,"Barton-on-Humber Rail Station, Barton-Upon-Humber, North Lincolnshire DN18, UK"
215,7494,0.4568,51.56811,"Basildon Rail Station, Basildon, Essex SS16 5, UK"
216,5520,-1.08726,51.26836,"Basingstoke Rail Station, Basingstoke, Hampshire RG21, UK"
217,5090,0.19424,51.28976,"Bat & Ball Rail Station, Sevenoaks, Kent TN14 5, UK"
218,7427,-2.359236,51.377842,"A3039, Bath, Bath and North East Somerset BA1 1, UK"
219,3271,-2.35703,51.37768,"Bath Spa Rail Station, Bath, Bath and North East Somerset BA1 1, UK"
220,9311,-3.63609,55.89715,"Bathgate Rail Station, West Lothian EH48, UK"
221,8484,-1.62295,53.70996,"Batley Rail Station, Dewsbury, Kirklees WF17, UK"
222,7909,-1.09298,54.45769,"Battersby Rail Station, North York Moors National Park, Ingleby Greenhow, North Yorkshire TS9 6, UK"
223,5420,-0.14753,51.47696,"Battersea Park Rail Station, Wandsworth, Greater London SW11, UK"
224,5215,0.49471,50.91291,"Battle Rail Station, Battle, East Sussex TN33 0, UK"
225,6870,0.5653,51.62483,"Battlesbridge Rail Station, Battlesbridge, Rettendon, Essex SS11, UK"
226,6006,-0.0956,51.75772,"Bayford Rail Station, Bayford, Hertfordshire SG13, UK"
227,0517,-0.188034,51.512226,"Poplar Pl, Paddington, Greater London W2 4, UK"
228,3047,-0.64382,51.61129,"Beaconsfield Rail Station, Beaconsfield, Buckinghamshire HP9 2, UK"
229,2420,-1.75026,52.24442,"Bearley Rail Station, Bearley, Warwickshire CV37 0, UK"
230,9966,-4.3329,55.91714,"Bearsden Rail Station, Milngavie, East Dunbartonshire G61 4, UK"
231,5091,0.57759,51.27582,"Bearsted Rail Station, Bearsted, Kent ME14 4, UK"
232,8822,-5.76379,56.89953,"Beasdale Rail Station, Highland PH39 4, UK"
233,5890,-1.50476,50.85504,"Beaulieu Road Rail Station, New Forest National Park, Denny Lodge, Hampshire SO42 7, UK"
234,8877,-4.46987,57.47827,"Beauly Rail Station, Highland IV4 7, UK"
235,2188,-3.00364,53.35767,"Bebington Rail Station, Birkenhead, Wirral CH63, UK"
236,7258,1.56951,52.45854,"Beccles Rail Station, Beccles, Suffolk NR34, UK"
237,5076,-0.01594,51.42458,"Beckenham Hill Rail Station, Lewisham, Greater London SE6, UK"
238,5046,-0.02581,51.41104,"Beckenham Junction Rail Station, Bromley, Greater London BR3, UK"
239,0518,0.127394,51.540276,"521 Gale St, Barking, Greater London RM9 4, UK"
240,J509,0,0,""
241,1510,-0.4675,52.12949,"Bedford St Johns Rail Station, Bedford, Bedford Borough MK42 9, UK"
242,1512,-0.47944,52.1362,"Bedford Rail Station, Bedford, Bedford Borough MK40 1, UK"
243,5538,-0.99582,50.85394,"Bedhampton Rail Station, Havant, Hampshire PO9, UK"
244,3245,-2.59416,51.44009,"Bedminster Rail Station, Bristol, City of Bristol BS3 4, UK"
245,1165,-1.46739,52.47931,"Bedworth Rail Station, Bedworth, Warwickshire CV12 8, UK"
246,3070,-1.5988,51.37963,"Bedwyn Rail Station, Great Bedwyn, Wiltshire SN8 3, UK"
247,1625,-1.20766,52.92077,"Beeston Rail Station, Beeston, Nottinghamshire NG9, UK"
248,5198,1.13672,51.26136,"Bekesbourne Rail Station, Bekesbourne, Kent CT4 5, UK"
249,9084,-5.917114,54.595547,"East Bridge Street, Belfast BT1 3PB, United Kingdom"
250,2646,0,0,""
251,3793,0,0,""
252,2785,-2.18051,53.46239,"Belle Vue Rail Station, Manchester M18, UK"
253,9895,-4.22543,55.85712,"Bellgrove Rail Station, Glasgow, Glasgow City G40, UK"
254,5062,-0.01932,51.43292,"Bellingham Rail Station, Lewisham, Greater London SE6, UK"
255,9714,-4.02518,55.81655,"Bellshill Rail Station, Motherwell, North Lanarkshire ML4, UK"
256,5350,-0.19885,51.34381,"Belmont Rail Station, Sutton, Greater London SM2, UK"
257,1679,-1.48262,53.02459,"Belper Rail Station, Belper, Derbyshire DE56 1, UK"
258,0519,-0.164232,51.550415,"Haverstock Hill, Camden Town, Greater London NW3 4, UK"
259,5227,0.4035,51.2047,"Beltring Rail Station, Yalding, Kent TN12, UK"
260,5092,0.1523,51.49212,"Belvedere Rail Station, Crayford, Greater London DA17 6, UK"
261,8047,-0.18046,54.12767,"Bempton Rail Station, Bempton, East Riding of Yorkshire YO16, UK"
262,8564,-1.79743,53.92573,"Ben Rhydding Rail Station, Ilkley, Bradford LS29, UK"
263,7439,0.56172,51.54395,"Benfleet Rail Station, Canvey Island, Essex SS7 1, UK"
264,2676,-2.51091,54.1158,"Bentham Rail Station, Bentham, High Bentham, North Yorkshire LA2 7, UK"
265,5624,-0.86813,51.18123,"Bentley (Hants) Rail Station, Binsted, Hampshire GU10, UK"
266,8352,-1.15156,53.54369,"2-8 Watch House Ln, Doncaster DN5 0, UK"
267,3549,-4.2004,50.48559,"Bere Alston Rail Station, Bere Ferrers, Devon PL20 7, UK"
268,3550,-4.18148,50.45127,"Bere Ferrers Rail Station, Bere Ferrers, Devon PL20 7, UK"
269,1390,-0.56201,51.76314,"Berkhamsted Rail Station, Berkhamsted, Hertfordshire HP4 2, UK"
270,1045,-1.64284,52.3959,"Berkswell Rail Station, Berkswell, Solihull CV7 7, UK"
271,7330,1.63039,52.58981,"Berney Arms Rail Station, The Broads, Reedham, Norfolk NR30 1, UK"
272,8431,-1.79343,53.62105,"Berry Brow Rail Station, Huddersfield, Kirklees HD4 7, UK"
273,5581,-0.28071,51.39905,"Berrylands Rail Station, Kingston Upon Thames, Greater London KT5 8, UK"
274,5323,0.16603,50.84037,"Berwick (Sussex) Rail Station, Berwick, East Sussex BN26 6, UK"
275,7791,-2.01097,55.77433,"Berwick-upon-Tweed Rail Station, Berwick-upon-Tweed, Northumberland TD15 1, UK"
276,2351,-2.91461,53.62387,"Bescar Lane Rail Station, Scarisbrick, Lancashire L40, UK"
277,1003,-1.9911,52.5631,"Bescot Stadium Rail Station, West Bromwich, Sandwell WS10, UK"
278,5472,-0.26697,51.24819,"Betchworth Rail Station, Betchworth, Surrey RH3 7, UK"
279,6961,-0.05956,51.52392,"Bethnal Green Rail Station, Poplar, Greater London E1, UK"
280,0520,-0.055286,51.527103,"Roman Rd, Poplar, Greater London E2 0, UK"
281,2449,-3.80088,53.09209,"Betws-y-Coed Rail Station, Snowdonia National Park, Betws-y-Coed, Conwy LL24 0, UK"
282,8048,-0.42297,53.84229,"Beverley Rail Station, Cottingham, East Riding of Yorkshire HU17, UK"
283,5211,0.47703,50.84104,"Bexhill Rail Station, Bexhill, East Sussex TN40, UK"
284,5093,0.14791,51.44022,"Bexley Rail Station, Bexley, Greater London DA5, UK"
285,5094,0.13375,51.4635,"Bexleyheath Rail Station, Crayford, Greater London DA7 4, UK"
286,J510,-1.1542197,51.90201,"Bicester, Oxfordshire, UK"
287,3048,-1.15038,51.90349,"Bicester North Rail Station, Bicester, Oxfordshire OX26, UK"
288,3104,-1.14876,51.89303,"Bicester Town Rail Station, Bicester, Oxfordshire OX26 6, UK"
289,5063,0.04525,51.40011,"Bickley Rail Station, Bromley, Greater London BR1, UK"
290,2136,-3.07857,53.40915,"Bidston Rail Station, Wirral CH43 7, UK"
291,6170,-0.26118,52.08469,"Biggleswade Rail Station, Biggleswade, Central Bedfordshire SG18, UK"
292,4618,-2.18609,52.62373,"Bilbrook Rail Station, Bilbrook, Staffordshire WV8, UK"
293,6871,0.41864,51.62889,"Billericay Rail Station, Billericay, Essex CM12, UK"
294,7910,-1.27972,54.60561,"Billingham Rail Station, Stockton-on-Tees TS23 4, UK"
295,5464,-0.4503,51.0152,"Billingshurst Rail Station, Billingshurst, West Sussex RH14, UK"
296,6235,-0.95154,52.95421,"Bingham Rail Station, Bingham, Nottinghamshire NG13, UK"
297,8553,-1.83732,53.84863,"Bingley Rail Station, Queensbury, Bingley, Bradford BD16 2, UK"
298,3907,-3.20186,51.52156,"Birchgrove Rail Station, Rhiwbina, Cardiff CF14 5, UK"
299,5163,1.30142,51.3775,"Birchington-on-Sea Rail Station, Birchington, Kent CT7, UK"
300,2304,-2.52532,53.41274,"Birchwood Rail Station, Risley, Warrington WA3, UK"
301,N310,-8.442489,52.76594,"Station Rd, Co. North Tipperary, Ireland"
302,5401,-0.05573,51.40389,"Birkbeck Rail Station, Bromley, Greater London SE20 7, UK"
303,2352,-3.01446,53.63407,"Birkdale Rail Station, Southport, Sefton PR8 2, UK"
304,2217,-3.02083,53.38833,"Birkenhead Central Rail Station, Birkenhead, Wirral CH41, UK"
305,2219,-3.01369,53.39471,"Birkenhead Hamilton Square Rail Station, Birkenhead, Wirral CH41, UK"
306,2145,-3.05754,53.40445,"Birkenhead North Rail Station, Birkenhead, Wirral CH43, UK"
307,2220,-3.03911,53.39742,"Birkenhead Park Rail Station, Birkenhead, Wirral CH41, UK"
308,1215,-1.72586,52.45081,"Birmingham International Rail Station, Bickenhill, Solihull B40, UK"
309,4515,-1.89247,52.47909,"Birmingham Moor Street Rail Station, Birmingham B4 7, UK"
310,1127,-1.89836,52.47779,"Birmingham New Street Rail Station, Birmingham B5, UK"
311,1006,-1.89909,52.48336,"Birmingham Snow Hill Rail Station, Birmingham B4, UK"
312,7835,-1.67771,54.6572,"Bishop Auckland Rail Station, Lcp Stanhope and Wolsingham Parishes And, County Durham DL14, UK"
313,9940,-4.22491,55.90386,"Bishopbriggs Rail Station, Bishopbriggs, East Dunbartonshire G64, UK"
314,3446,-3.194363,51.054577,""
315,6800,0.16491,51.8667,"Bishops Stortford Rail Station, Bishops Stortford, Hertfordshire CM23 5, UK"
316,5402,0.08276,50.78014,"Bishopstone Rail Station, Bishopstone, Seaford, East Sussex BN25, UK"
317,9620,-4.50157,55.90215,"Bishopton Rail Station, Renfrewshire PA7, UK"
318,7784,0,0,""
319,5945,-1.377,50.91821,"Bitterne Rail Station, Southampton SO18, UK"
320,2737,-2.47913,53.74653,"Blackburn Rail Station, Darwen, Blackburn with Darwen BB1 1, UK"
321,0521,-0.103598,51.51149,"Blackfriars Passage, City of London, EC4V 4, UK"
322,5095,0.00888,51.4658,"Blackheath Rail Station, Lewisham, Greater London SE3, UK"
323,0522,-0.041102,51.586937,"2 Forest Rd, Walthamstow, Greater London E17 6, UK"
324,7400,-0.041246,51.58621,"Blackhorse Rd, Walthamstow, Greater London E17 6, UK"
325,2739,-3.04928,53.82193,"Blackpool North Rail Station, Blackpool FY1, UK"
326,2738,-3.05388,53.78797,"Blackpool Pleasure Beach Rail Station, South Shore, Blackpool FY4 1, UK"
327,2740,-3.04894,53.79871,"Blackpool South Rail Station, South Shore, Blackpool FY4 2, UK"
328,2732,-2.56953,53.59154,"Blackrod Rail Station, Blackrod, Bolton BL6, UK"
329,5625,-0.77674,51.33158,"Blackwater Rail Station, Frogmore, Blackwater and Hawley, Hampshire GU17, UK"
330,2450,-3.9386,52.99457,"Blaenau Ffestiniog Rail Station, Snowdonia National Park, Ffestiniog, Blaenau Ffestiniog, Gwynedd LL41 3, UK"
331,8750,-3.85022,56.76553,"Blair Atholl Rail Station, The Cairngorms National Park, Blair Atholl, Perth and Kinross PH16, UK"
332,9760,-4.04217,55.86659,"Blairhill Rail Station, Coatbridge, North Lanarkshire ML5 2, UK"
333,1176,-1.84491,52.6049,"Blake Street Rail Station, Birmingham B74 4, UK"
334,4574,-2.17636,52.40618,"Blakedown Rail Station, Blakedown, Kidderminster, Worcestershire DY10, UK"
335,9716,-4.08641,55.79755,"Blantyre Rail Station, Hamilton, South Lanarkshire G72 9, UK"
336,7503,-1.71259,54.96579,"Blaydon Rail Station, Blaydon, Gateshead NE21 5, UK"
337,6204,-0.94368,53.04139,"Bleasby Rail Station, Bleasby, Nottinghamshire NG14, UK"
338,1360,-0.73632,51.99534,"Bletchley Rail Station, Bletchley, Milton Keynes MK3 6, UK"
339,1018,-2.01768,52.62545,"Bloxwich North Rail Station, Willenhall, Walsall WS3 2, UK"
340,1141,-2.01148,52.61821,"Bloxwich Rail Station, Willenhall, Walsall WS3 2, UK"
341,2123,-3.03987,53.4877,"Blundellsands & Crosby Rail Station, Seaforth, Southport, Sefton L23, UK"
342,1282,-2.06696,52.96817,"Blythe Bridge Rail Station, Forsbrook, Staffordshire ST11 9, UK"
343,9031,-3.752539,57.248028,"Boat of Garten Station, Cairngorms National Park, Highland PH24, UK"
344,3501,-4.66297,50.44586,"Bodmin Parkway Rail Station, Saint Winnow, Cornwall PL30, UK"
345,2435,-4.41802,53.20432,"Bodorgan Rail Station, Bodorgan, Isle of Anglesey LL62 5, UK"
346,5253,-0.67618,50.78655,"Bognor Regis Rail Station, Bognor Regis, West Sussex PO21 1, UK"
347,9668,-4.71139,55.93703,"Bogston Rail Station, Greenock, Inverclyde PA15, UK"
348,8536,-1.31155,53.51897,"Bolton-on-Dearne Rail Station, Barnsley S63, UK"
349,2599,-2.42583,53.57416,"Bolton Rail Station, Bolton BL2 1, UK"
350,0524,-0.149324,51.51379,"6 Weighhouse St, Westminster, London W1K 5, UK"
351,5626,-0.38401,51.28874,"Bookham Rail Station, Leatherhead, Surrey KT23 3, UK"
352,1993,-3.39386,54.29131,"Bootle (Cumbria) Rail Station, The Lake District, Bootle, Hycemoor, Cumbria LA19 5, UK"
353,2195,-2.99475,53.4534,"Bootle New Strand Rail Station, Seaforth, Southport, Sefton L75, UK"
354,2239,-2.99574,53.44663,"Bootle Oriel Road Rail Station, Seaforth, Southport, Sefton L20 7, UK"
355,4513,-1.87776,52.47188,"Bordesley Rail Station, Birmingham B11 1, UK"
356,2540,0,0,""
357,5130,0.30626,51.29322,"Borough Green & Wrotham Rail Station, Borough Green, Kent TN15, UK"
358,0525,-0.0937,51.501194,"208-226 Borough High St, Camberwell, Greater London SE1 1, UK"
359,4304,-4.05019,52.49104,"Borth Rail Station, Borth, Ceredigion SY24 5, UK"
360,5254,-0.84744,50.84273,"Bosham Rail Station, Bosham, West Sussex PO18 8, UK"
361,0526,-0.324757,51.49574,"Boston Manor Underground Station, Boston Manor Rd, Brentford, Middlesex TW8 9LQ, UK"
362,6216,-0.031,52.97812,"Boston Rail Station, Boston, Lincolnshire PE21, UK"
363,5894,-1.25924,50.91644,"Botley Rail Station, Curdridge, Hampshire SO30 2, UK"
364,6237,-0.79601,52.94501,"Bottesford Rail Station, Bottesford, Leicestershire NG13, UK"
365,0527,-0.124208,51.607082,"2-4 Brownlow Rd, Tottenham, Greater London N11 2, UK"
366,3018,-0.71047,51.57712,"Bourne End Rail Station, Wooburn, Buckinghamshire SL8, UK"
367,5876,-1.86451,50.72726,"Bournemouth Rail Station, Bournemouth BH8, UK"
368,J345,-1.832421,50.777603,"Hurn, Bournemouth BH23 6SE, United Kingdom"
369,1112,-1.92642,52.42697,"Bournville Rail Station, Birmingham B30, UK"
370,1381,-0.69607,52.00431,"Bow Brickhill Rail Station, Bow Brickhill, Milton Keynes MK17 9, UK"
371,0528,-0.024821,51.526794,"56 Bow Rd, Poplar, Greater London E3 4, UK"
372,6027,-0.12058,51.60702,"Bowes Park Rail Station, Tottenham, Greater London N22, UK"
373,9968,-4.49382,55.93107,"Bowling Rail Station, Bowling, West Dunbartonshire G60, UK"
374,5403,-0.32848,51.25401,"Boxhill & Westhumble Rail Station, Westhumble, Dorking, Surrey RH5, UK"
375,4350,0,0,""
376,M220,-8.303937,53.967674,"Station Rd, Boyle, Co. Roscommon, Ireland"
377,5693,-0.7517,51.41309,"Bracknell Rail Station, Bracknell, Bracknell Forest RG12, UK"
378,8346,-1.75296,53.79693,"Bradford Forster Square Rail Station, Queensbury, Bradford BD1, UK"
379,8345,-1.7496,53.79109,"Bradford Interchange Rail Station, Queensbury, Bradford BD1, UK"
380,3341,-2.25234,51.34491,"Bradford-on-Avon Rail Station, Bradford-on-Avon, Wiltshire BA15 1, UK"
381,5530,-1.13872,50.67836,"Brading Rail Station, Brading, Isle Of Wight PO36, UK"
382,0280,0,0,""
383,2053,0.56845,51.86943,"Braintree Freeport Rail Station, Braintree, Essex CM7, UK"
384,6801,0.5567,51.87541,"Braintree Rail Station, Braintree, Essex CM7, UK"
385,2944,-2.16359,53.36063,"Bramhall Rail Station, Cheadle, Stockport SK7, UK"
386,5500,-1.061,51.33029,"Bramley (Hants) Rail Station, Bramley, Hampshire RG26 5, UK"
387,8496,-1.6372,53.80536,"Bramley (West Yorks) Rail Station, Leeds LS13, UK"
388,7565,-2.70295,54.93239,"Brampton (Cumbria) Rail Station, Brampton, Cumbria CA8, UK"
389,7259,1.54382,52.39545,"Brampton (Suffolk) Rail Station, Brampton, Suffolk NR34, UK"
390,9938,-4.80354,55.94058,"Branchton Rail Station, Greenock, Inverclyde PA16 0, UK"
391,7200,0.62473,52.45403,"Brandon Rail Station, Weeting, Norfolk IP27 0, UK"
392,5875,-1.91977,50.72695,"Branksome Rail Station, Poole BH12, UK"
393,N330,-6.102015,53.206173,"41 Seapoint Rd, Bray, Co. Wicklow, Ireland"
394,2045,-3.54183,54.43937,"Braystones Rail Station, Braystones, Lowside Quarter, Cumbria CA21 2, UK"
395,0281,0,0,""
396,2779,-2.11049,53.42317,"Bredbury Rail Station, Bredbury, Stockport SK6, UK"
397,9251,-3.66812,55.8273,"Breich Rail Station, West Lothian EH55 8, UK"
398,0529,-0.213456,51.5768,"1-13 Heathfield Gardens, Barnet, Greater London NW11 9, UK"
399,5552,-0.30965,51.48755,"Brentford Rail Station, Hounslow, Greater London TW8 8, UK"
400,6872,0.29959,51.61361,"Brentwood Rail Station, Brentwood, Essex CM14, UK"
401,1560,-0.35912,51.70543,"Bricket Wood Rail Station, Bricket Wood, Saint Stephen, Hertfordshire AL2 3, UK"
402,9889,-3.95723,56.15662,"Bridge of Allan Rail Station, Bridge Of Allan, Stirling FK9, UK"
403,8823,-4.76298,56.51585,"Bridge of Orchy Rail Station, Bridge Of Orchy, Argyll and Bute PA36 4, UK"
404,3809,-3.5753,51.50698,"Bridgend Rail Station, Bridgend CF31 1, UK"
405,9789,-4.22608,55.84893,"Bridgeton Rail Station, Glasgow, Glasgow City G40, UK"
406,3449,-2.99043,51.12785,"Bridgwater Rail Station, Bridgwater, Somerset TA6 5, UK"
407,8049,-0.19872,54.08415,"Bridlington Rail Station, Bridlington, East Riding of Yorkshire YO15 3, UK"
408,0282,0,0,""
409,2554,-2.23649,53.82399,"Brierfield Rail Station, Brierfield, Lancashire BB9, UK"
410,6464,-0.48612,53.54916,"Brigg Rail Station, Brigg, North Lincolnshire DN20 8, UK"
411,8514,-1.77944,53.69821,"Brighouse Rail Station, Rastrick, Halifax, Calderdale HD6 1, UK"
412,5268,-0.14128,50.829,"Brighton Rail Station, Brighton, Brighton and Hove BN1 3, UK"
413,6810,-0.03081,51.65559,"Brimsdown Rail Station, Enfield, Greater London EN3, UK"
414,2603,-2.13512,53.43213,"Brinnington Rail Station, Stockport SK5 8, UK"
415,H712,-2.710984,51.38599,"Bristol Airport, Winford, Bristol, North Somerset BS48 3DY, United Kingdom"
416,3230,-2.54217,51.5138,"Bristol Parkway Rail Station, Stoke Gifford, South Gloucestershire BS34 8, UK"
417,7428,-2.60894,51.4335,"Bristol - Bedminster Down: Parson St Rail Stn, Bristol, City of Bristol BS3, UK"
418,3231,-2.58132,51.44914,"Bristol Temple Meads Rail Station, Bristol, City of Bristol BS1 6, UK"
419,4012,-3.22873,51.7103,"Brithdir Rail Station, New Tredegar, Caerphilly NP24, UK"
420,4187,-3.81928,51.63789,"Briton Ferry Rail Station, Briton Ferry, Neath Port Talbot SA11, UK"
421,0778,-0.114691,51.46258,"439-445 Brixton Rd, Lambeth, Greater London SW9 8, UK"
422,5081,-0.114636,51.46258,"439-445 Brixton Rd, Lambeth, Greater London SW9 8, UK"
423,2240,-2.89349,53.40651,"Broad Green Rail Station, Liverpool L14 3, UK"
424,2892,-2.01651,53.44099,"Broadbottom Rail Station, Broadbottom, Tameside SK14, UK"
425,6258,0,0,""
426,5006,1.43358,51.36068,"Broadstairs Rail Station, Broadstairs, Kent CT10, UK"
427,G406,-2.294641,53.47467,"Broadway Station, United Kingdom"
428,0283,-0.24924,51.6131,"Mill Hill Broadway Rail Station, Barnet, Greater London NW7 2, UK"
429,5886,-1.57354,50.81683,"Brockenhurst Rail Station, New Forest National Park, Brockenhurst, Hampshire SO42 7, UK"
430,8429,-1.76969,53.59699,"Brockholes Rail Station, Holme, Kirklees HD9, UK"
431,7740,-1.46135,54.95954,"Brockley Whins Rail Station, South Tyneside NE32 4, UK"
432,5404,-0.0375757,51.464615,"Brockley, Lewisham, Greater London SE4 2, UK"
433,J407,0,0,""
434,2191,-2.98948,53.32992,"Bromborough Rake Rail Station, Birkenhead, Wirral CH63, UK"
435,2190,-2.9869,53.32186,"Bromborough Rail Station, Birkenhead, Wirral CH63, UK"
436,2697,-2.4109,53.61406,"Bromley Cross Rail Station, Bolton BL2, UK"
437,5096,0.017,51.40833,"Bromley North Rail Station, Bromley, Greater London BR1, UK"
438,5064,0.01735,51.39998,"Bromley South Rail Station, Bromley, Greater London BR1, UK"
439,0530,-0.011673,51.524765,"Blackwall Tunnel Northern Approach, Poplar, Greater London E3 3, UK"
440,4715,-2.04837,52.3227,"Bromsgrove Rail Station, Bromsgrove, Worcestershire B60, UK"
441,1438,-0.2102101,51.540756,"Brondesbury Park, Brent, Greater London NW6 6, UK"
442,1437,-0.20231,51.54517,"Brondesbury, Brent, Greater London NW6, UK"
443,6074,-0.20455,51.72106,"Brookmans Park Rail Station, North Mymms, Hertfordshire AL9, UK"
444,5687,-0.63574,51.30376,"Brookwood Rail Station, Brookwood, Surrey GU24 0, UK"
445,4175,-2.88522,52.42278,"Broome Rail Station, Hopesay, Shropshire SY7 0, UK"
446,8050,-0.67183,53.74022,"Broomfleet Rail Station, Broomfleet, East Riding of Yorkshire HU15, UK"
447,8618,-3.8523,58.01293,"Brora Rail Station, Brora, Highland KW9 6, UK"
448,8051,-0.57872,53.72698,"Brough Rail Station, Elloughton, East Riding of Yorkshire HU15 1, UK"
449,9023,-2.87315,56.46715,"Broughty Ferry Rail Station, Dundee, Dundee City DD5, UK"
450,6812,-0.01108,51.74691,"Broxbourne Rail Station, Hertfordshire EN10 7, UK"
451,6958,-0.069995,51.592937,""
452,7006,1.41843,52.62347,"Brundall Gardens Rail Station, Brundall, Norfolk NR14, UK"
453,7289,1.43931,52.61951,"Brundall Rail Station, Brundall, Norfolk NR13, UK"
454,8807,-3.10098,55.9425,"Brunstane Rail Station, Edinburgh, City of Edinburgh EH15 2, UK"
455,3623,-2.97608,53.38326,"Brunswick Rail Station, Liverpool L70, UK"
456,5702,-2.44708,51.11163,"Bruton Rail Station, Bruton, Somerset BA10 0, UK"
457,2222,-2.64721,53.49988,"Bryn Rail Station, Pemberton, Wigan WN4, UK"
458,7290,1.47034,52.59776,"Buckenham Rail Station, The Broads, Strumpshaw, Norfolk NR14, UK"
459,0531,0.046939,51.62651,"Victoria Rd, Loughton, Essex IG9 5, UK"
460,2422,-3.05594,53.16305,"Buckley Rail Station, Buckley, Flintshire CH7, UK"
461,4182,-2.94852,52.35756,"Bucknell Rail Station, Bucknell, Shropshire SY7 0, UK"
462,J511,0,0,""
463,H560,0,0,""
464,3502,-4.79184,50.39994,"Bugle Rail Station, Bugle, Treverbyn, Cornwall PL26 8, UK"
465,4317,-3.42705,52.16933,"Builth Road Rail Station, Llanelwedd, Powys LD2 3, UK"
466,1865,-1.19623,52.99972,"Bulwell Rail Station, Nottingham NG6, UK"
467,7085,0.76916,51.97117,"Bures Rail Station, Bures Hamlet, Essex CO8 5, UK"
468,5483,-0.12777,50.95361,"Burgess Hill Rail Station, Burgess Hill, West Sussex RH15 9, UK"
469,8565,-1.75337,53.90816,"Burley-in-Wharfedale Rail Station, Burley In Wharfedale, Ilkley, Bradford LS29 7, UK"
470,8500,-1.57776,53.81204,"Burley Park Rail Station, Leeds LS6, UK"
471,2945,-2.21568,53.42119,"Burnage Rail Station, Manchester M20, UK"
472,1975,-2.76667,54.35499,"Burneside (Cumbria) Rail Station, Burneside, Strickland Ketel, Cumbria LA9 6, UK"
473,3176,-0.64637,51.5235,"Burnham (Berks) Rail Station, Colnbrook with Poyle, Slough SL1, UK"
474,6873,0.81405,51.63366,"Burnham-on-Crouch Rail Station, Burnham-on-Crouch, Essex CM0, UK"
475,2743,-2.25808,53.79089,"Burnley Barracks Rail Station, Burnley, Lancashire BB12 0, UK"
476,2550,-2.24497,53.79352,"Burnley Central Rail Station, Burnley, Lancashire BB12, UK"
477,2549,-2.24887,53.78498,"Burnley Manchester Road Rail Station, Burnley, Lancashire BB11, UK"
478,9767,-4.20399,55.81707,"Burnside (Strathclyde) Rail Station, Cambuslang, South Lanarkshire G73, UK"
479,0532,-0.264198,51.602657,"9-53 Watling Ave, Barnet, Greater London HA8 0, UK"
480,9107,-3.23319,56.05707,"Burntisland Rail Station, Burntisland, Fife KY3, UK"
481,2279,-2.84088,53.60527,"Burscough Bridge Rail Station, Burscough, Lancashire L40 4, UK"
482,2280,-2.84061,53.59754,"Burscough Junction Rail Station, Burscough, Lancashire L40, UK"
483,5927,-1.30504,50.88368,"Bursledon Rail Station, Bursledon, Hampshire SO31 8, UK"
484,6200,-1.04088,52.98346,"Burton Joyce Rail Station, Burton Joyce, Nottinghamshire NG12, UK"
485,1658,-1.64246,52.80583,"Burton-on-Trent Rail Station, Burton upon Trent, Staffordshire DE14, UK"
486,G200,-2.29854,53.59346,"Bury, UK"
487,7008,0.71331,52.25378,"Bury St Edmunds Rail Station, Bury Saint Edmunds, Suffolk IP31, UK"
488,9791,-4.26219,55.78033,"Busby Rail Station, Thornliebank, East Renfrewshire G76, UK"
489,6913,-0.06921,51.64153,"Bush Hill Park Rail Station, Enfield, Greater London EN1, UK"
490,1395,-0.38475,51.64558,"Bushey, Watford, Hertfordshire WD19 4, UK"
491,0533,0,0,""
492,1179,-1.83801,52.59248,"Butlers Lane Rail Station, Birmingham B74, UK"
493,5324,0.13145,50.99001,"Buxted Rail Station, Buxted, East Sussex TN22, UK"
494,2946,-1.91287,53.26074,"Buxton Rail Station, Buxton, Derbyshire SK17, UK"
495,5689,-0.48138,51.3498,"Byfleet & New Haw Rail Station, Woodham, Surrey KT15 3, UK"
496,4124,-4.0989,51.67203,"Bynea Rail Station, Llanelli Rural, Carmarthenshire SA14 9, UK"
497,3811,-3.24891,51.41228,"Cadoxton Rail Station, Barry, The Vale of Glamorgan CF63 2, UK"
498,L221,0,0,""
499,2536,-3.03292,53.10788,"Caergwrle Rail Station, Hope, Flintshire LL12 9, UK"
500,3812,-3.21849,51.57157,"Caerphilly Rail Station, Caerphilly CF83, UK"
501,4412,-3.43251,52.51614,"Caersws Rail Station, Caersws, Powys SY17, UK"
502,M230,-7.922366,52.377975,"20 College Ct, Cahir, Co. Tipperary, Ireland"
503,3680,-2.76059,51.58478,"Caldicot Rail Station, Caldicot, Monmouthshire NP26, UK"
504,0534,-0.118468,51.54852,"Caledonian Road, United Kingdom"
505,1439,-0.11672,51.54305,"Caledonian Road & Barnsbury Rail Station, Islington, Greater London N1, UK"
506,H554,0,0,""
507,H571,0,0,""
508,3562,-4.20871,50.49757,"Calstock Rail Station, Calstock, Cornwall PL18 9, UK"
509,3238,-2.3591,51.71762,"Cam & Dursley Rail Station, Cam, Gloucestershire GL11, UK"
510,5682,-0.74427,51.33633,"Camberley Rail Station, Camberley, Surrey GU15 3, UK"
511,3504,-5.29747,50.21042,"Camborne Rail Station, Camborne, Cornwall TR14 7, UK"
512,6962,-0.05727,51.53198,"Cambridge Heath (London) Rail Station, Poplar, Greater London E2 9, UK"
513,7022,0.13755,52.19457,"Cambridge Rail Station, Cambridge, Cambridgeshire CB1 2, UK"
514,9768,-4.173,55.8196,"Cambuslang Rail Station, Cambuslang, South Lanarkshire G72 7, UK"
515,1440,-0.1392201,51.54188,"Camden Rd, Camden Town, Greater London NW1, UK"
516,0535,-0.14271,51.5394,"Camden High St, Camden Town, Greater London NW1 8, UK"
517,9878,-3.8176,56.00608,"Camelon Rail Station, Falkirk FK1, UK"
518,1129,-1.54758,52.39926,"Canley Rail Station, Coventry CV5, UK"
519,9050,-6.490281,57.05613,""
520,1016,-2.02215,52.68618,"Cannock Rail Station, Cannock, Staffordshire WS11 0, UK"
521,0536,-0.090755,51.511436,"4 Dowgate Hill, City of London, EC4N 6, UK"
522,1441,-0.0919595,51.54873,"Canonbury, Islington, Greater London N1, UK"
523,0537,-0.294654,51.607754,"2-44 Donnefield Ave, Harrow, Greater London HA8 6, UK"
524,5164,1.07598,51.27427,"Canterbury East Rail Station, Canterbury, Kent CT1 2, UK"
525,5007,1.07531,51.28427,"Canterbury West Rail Station, Canterbury, Kent CT2, UK"
526,7292,1.51343,52.57877,"Cantley Rail Station, The Broads, Cantley, Norfolk NR13, UK"
527,2186,-2.94229,53.26019,"Capenhurst Rail Station, Capenhurst, Cheshire West and Chester CH1 6, UK"
528,3542,-5.46404,50.19715,"Carbis Bay Rail Station, Saint Ives, Cornwall TR26, UK"
529,9112,-3.26164,56.14125,"Cardenden Rail Station, Cardenden, Fife KY5, UK"
530,H717,-3.339779,51.39851,"Cardiff International Airport, Wales, Cardiff CF62 3BD, United Kingdom"
531,3815,-3.16643,51.46711,"Cardiff Bay Rail Station, Butetown, Cardiff CF10, UK"
532,3899,-3.17931,51.47603,"Cardiff Central Rail Station, Castle, Cardiff CF10, UK"
533,3900,-3.1702,51.48196,"Cardiff Queen Street Rail Station, Castle, Cardiff CF24 0, UK"
534,0284,0,0,""
535,9624,-4.34069,55.85255,"Cardonald Rail Station, Glasgow, Glasgow City G52 2, UK"
536,9969,-4.65306,55.96037,"Cardross Rail Station, Cardross, Argyll and Bute G82 5, UK"
537,9877,-3.95625,55.80733,"Carfin Rail Station, Motherwell, North Lanarkshire ML1, UK"
538,1964,-2.97407,54.17796,"83 Station Rd, Flookburgh, Lower Holker, Cumbria LA11 7, UK"
539,2118,-2.93319,54.89065,"Carlisle Rail Station, Carlisle, Cumbria CA1 1, UK"
540,M250,-6.922535,52.841194,"9 St Josephs Rd, Carlow, Co. Carlow, Ireland"
541,6201,-1.07865,52.96511,"Carlton Rail Station, Carlton, Nottinghamshire NG4 2, UK"
542,9702,-3.84892,55.73125,"Carluke Rail Station, Carluke, South Lanarkshire ML8 5, UK"
543,4068,-4.30599,51.85336,"Carmarthen Rail Station, Llangunnor, Carmarthenshire SA32, UK"
544,9769,-4.15817,55.83433,"Carmyle Rail Station, Glasgow, Glasgow City G32 8, UK"
545,2640,-2.77123,54.12969,"Carnforth Rail Station, Carnforth, Lancashire LA5 9, UK"
546,9028,-2.70659,56.50055,"Carnoustie Rail Station, Carnoustie, Angus DD7, UK"
547,9897,-4.17865,55.85504,"Carntyne Rail Station, Glasgow, Glasgow City G32 6, UK"
548,1442,-0.3855836,51.627876,"Carpenders park, Watford Rural, Hertfordshire WD19, UK"
549,0538,0,0,""
550,8621,-3.8282,57.27949,"Carrbridge Rail Station, The Cairngorms National Park, Highland PH23, UK"
551,M280,0,0,""
552,M290,0,0,""
553,5406,-0.16979,51.35741,"Carshalton Beeches Rail Station, Sutton, Greater London SM5, UK"
554,5405,-0.16637,51.36845,"Carshalton Rail Station, Sutton, Greater London SM5, UK"
555,9704,-3.66847,55.69103,"Carstairs Rail Station, Carstairs Junction, South Lanarkshire ML11, UK"
556,9680,-4.73158,55.9422,"Cartsdyke Rail Station, Greenock, Inverclyde PA15 2, UK"
557,3098,-0.33155,51.52294,"Castle Bar Park Rail Station, Ealing, Greater London W7 1, UK"
558,5703,-2.5228,51.0998,"Castle Cary Rail Station, Ansford, Somerset BA7 7, UK"
559,M300,-9.288415,53.847065,"Station Rd, Castlebar, Co. Mayo, Ireland"
560,9048,-7.4860764,56.955074,"Castlebay, Isle Of Barra, Eilean Siar HS9, UK"
561,H335,-7.487091,56.953896,"Pier Rd, Castlebay, Eilean Siar HS9 5, UK"
562,8359,-1.35466,53.72409,"Castleford Rail Station, Wakefield WF10, UK"
563,M310,-8.485168,53.761803,"Church Rd, Castlerea, Co. Roscommon, Ireland"
564,2919,-2.178211,53.59187,"Castleton (Manchester) Rail Station, Rochdale OL11, UK"
565,7914,-0.94665,54.46729,"Castleton Moor Rail Station, North York Moors National Park, Danby, North Yorkshire YO21 2, UK"
566,5351,-0.0783,51.28214,"Caterham Rail Station, Whyteleafe, Surrey CR3 6, UK"
567,5047,-0.02478,51.44474,"Catford Bridge Rail Station, Lewisham, Greater London SE6, UK"
568,5077,-0.02631,51.44441,"Catford Rail Station, Lewisham, Greater London SE6, UK"
569,3820,-3.17869,51.4889,"Cathays Rail Station, Castle, Cardiff CF10 3, UK"
570,9795,-4.26053,55.81766,"Cathcart Rail Station, Glasgow, Glasgow City G44, UK"
571,8232,-1.31977,53.9975,"Cattal Rail Station, Kirk Hammerton, North Yorkshire YO26, UK"
572,K181,0,0,""
573,3568,-4.46649,50.40568,"Causeland Rail Station, Dobwalls, Cornwall PL14 4, UK"
574,1598,0,0,""
575,2425,-3.03106,53.09882,"Cefn-y-Bedd Rail Station, Llanfynydd, Flintshire LL12, UK"
576,6874,0.12897,51.56804,"Chadwell Heath Rail Station, Barking, Greater London RM6, UK"
577,7447,0.28746,51.48556,"Chafford Hundred Rail Station, Thurrock RM16, UK"
578,0539,-75.20906,40.28844,"Chalfont, PA, USA"
579,0540,-0.153723,51.544086,"4 Adelaide Rd, Camden Town, Greater London NW3 2, UK"
580,7469,0.67061,51.53872,"Chalkwell Rail Station, Southend-on-Sea SS0 8, UK"
581,0541,-0.11144,51.51827,"Gray's Inn Rd, Camden Town, Greater London EC1N 2, UK"
582,5836,-1.38518,50.98368,"Chandlers Ford Rail Station, Eastleigh, Hampshire SO53 2, UK"
583,2762,-1.91877,53.31225,"Chapel-en-le-Frith Rail Station, Chapel-en-le-Frith, Derbyshire SK23, UK"
584,5820,-4.02476,51.01653,"Chapelton (Devon) Rail Station, Tawstock, Devon EX37 9, UK"
585,6664,-1.46627,53.46235,"Chapeltown Rail Station, Ecclesfield, Sheffield S35, UK"
586,7051,0.75852,51.92592,"Chappel & Wakes Colne Rail Station, Wakes Colne, Essex CO6, UK"
587,0285,0,0,""
588,5097,0.79035,51.2081,"Charing (Kent) Rail Station, Charing, Kent TN27, UK"
589,9911,-4.26981,55.86467,"Charing Cross (Glasgow) Rail Station, Glasgow, Glasgow City G2, UK"
590,0718,-0.124784,51.50859,"Westminster, London WC2N 5, UK"
591,3004,-1.4897,51.87244,"Charlbury Rail Station, Charlbury, Oxfordshire OX7 3, UK"
592,M970,-8.6536,52.347275,"Railway Rd, Charleville, Co. Cork, Ireland"
593,5144,0.03127,51.48682,"Charlton Rail Station, Greenwich, Greater London SE7 7, UK"
594,0279,0,0,""
595,5008,1.01806,51.25727,"Chartham Rail Station, Chartham, Kent CT4 7, UK"
596,2947,-2.36824,53.44618,"Chassen Road Rail Station, Urmston, Trafford M41 9, UK"
597,9707,-4.00466,55.76521,"Chatelherault Rail Station, Ferniegair, South Lanarkshire ML3 7, UK"
598,5199,0.52116,51.38038,"Chatham Rail Station, Strood, Rochester, Medway ME4, UK"
599,7792,-1.70638,55.53673,"Chathill Rail Station, Ellingham, Northumberland NE67, UK"
600,2870,-2.1883,53.37595,"Cheadle Hulme Rail Station, Cheadle, Stockport SK8, UK"
601,5352,-0.21417,51.35548,"Cheam Rail Station, Sutton, Greater London SM2 7, UK"
602,1372,-0.66215,51.85792,"Cheddington Rail Station, Cheddington, Buckinghamshire LU7 0, UK"
603,2764,-2.27961,53.27087,"Chelford Rail Station, Chelford, Cheshire East SK11 9, UK"
604,6836,0.46858,51.73638,"Chelmsford Rail Station, Chelmsford, Essex CM1, UK"
605,5098,0.10908,51.35626,"Chelsfield Rail Station, Bromley, Greater London BR6 6, UK"
606,4731,-2.09963,51.8974,"Cheltenham Spa Rail Station, Cheltenham, Gloucestershire GL51 8, UK"
607,3774,-2.67191,51.64017,"Chepstow Rail Station, Chepstow, Monmouthshire NP16, UK"
608,2573,-2.51839,53.73288,"Cherry Tree Rail Station, Feniscowles, Blackburn with Darwen BB2, UK"
609,5553,-0.50931,51.38707,"Chertsey Rail Station, Chertsey, Surrey KT16 9, UK"
610,0543,-0.611243,51.70504,"East St, Chesham, Buckinghamshire HP5 1, UK"
611,6814,-0.02395,51.70288,"Cheshunt Rail Station, Broxbourne, Hertfordshire EN8 9, UK"
612,5582,-0.3007,51.36404,"Chessington North Rail Station, Kingston Upon Thames, Greater London KT9, UK"
613,5554,-0.30816,51.35655,"Chessington South Rail Station, Kingston Upon Thames, Greater London KT9, UK"
614,7736,-1.57802,54.8546,"Chester-le-Street Rail Station, Chester-le-Street, County Durham DH3 3, UK"
615,1130,-1.83247,52.53566,"Chester Road Rail Station, Birmingham B23, UK"
616,2412,-2.8796,53.19671,"Chester Rail Station, Chester, Cheshire West and Chester CH1, UK"
617,6615,-1.42011,53.23824,"Chesterfield Rail Station, Chesterfield, Derbyshire S41, UK"
618,5200,1.06694,51.36024,"Chestfield & Swalecliffe Rail Station, Canterbury, Kent CT5 3, UK"
619,5840,-2.57294,50.86635,"Chetnole Rail Station, Chetnole, Dorset DT9 6, UK"
620,5255,-0.78175,50.83204,"Chichester Rail Station, Chichester, West Sussex PO20, UK"
621,0544,0.074522,51.61787,"High Rd, Loughton, Essex IG7 6, UK"
622,5009,0.97592,51.24461,"Chilham Rail Station, Chilham, Kent CT4, UK"
623,5296,-0.52482,51.21521,"Chilworth Rail Station, Chilworth, Saint Martha, Surrey GU4, UK"
624,6914,0.00991,51.63309,"Chingford Rail Station, Walthamstow, Greater London E4, UK"
625,2823,-1.9444,53.34031,"Chinley Rail Station, Chinley, Derbyshire SK23 6, UK"
626,K026,0,0,""
627,H073,0,0,""
628,7429,-2.119499,51.46106,"Chippenham, Wiltshire SN15, UK"
629,7430,-2.119499,51.46106,"Chippenham, Wiltshire SN15, UK"
630,3267,-2.1154,51.46249,"Chippenham Rail Station, Chippenham, Wiltshire SN14, UK"
631,5353,-0.1695,51.30928,"Chipstead Rail Station, Reigate and Banstead, Surrey CR5, UK"
632,4449,-3.06566,52.9331,"Chirk Rail Station, Chirk, Wrexham LL14, UK"
633,5099,0.05743,51.40556,"Chislehurst Rail Station, Bromley, Greater London BR7, UK"
634,0545,-0.268114,51.494503,"2 Bollo Ln, Ealing, Greater London W4 5, UK"
635,5583,-0.26783,51.48114,"Chiswick Rail Station, Hounslow, Greater London W4, UK"
636,3031,-1.15802,51.5702,"Cholsey Rail Station, Cholsey, Oxfordshire OX10 9, UK"
637,2745,-2.62684,53.65255,"Chorley Rail Station, Chorley, Lancashire PR6, UK"
638,0546,-0.518138,51.654152,"Station Approach, Chorleywood, Hertfordshire WD3 5, UK"
639,5879,-1.78455,50.7382,"Christchurch Rail Station, Christchurch, Dorset BH23, UK"
640,5319,-0.36355,51.05068,"Christs Hospital Rail Station, Southwater, West Sussex RH13, UK"
641,2556,-2.39121,53.75053,"Church & Oswaldtwistle Rail Station, Accrington, Lancashire BB5, UK"
642,8233,-1.22744,53.82634,"Church Fenton Rail Station, Church Fenton, North Yorkshire LS24 9, UK"
643,4365,-2.8037,52.53743,"Church Stretton Rail Station, Church Stretton, Shropshire SY6 6, UK"
644,3785,-3.45655,52.15053,"Cilmeri Rail Station, Cilmery, Powys LD2 3, UK"
645,0286,-1.9665391,51.71412,"Cirencester, Gloucestershire GL7, UK"
646,5121,-0.10358,51.51394,"City Thameslink Rail Station, City of London, EC4, UK"
647,6850,1.15411,51.79401,"Clacton-on-Sea Rail Station, Clacton-on-Sea, Essex CO15 6, UK"
648,5555,-0.50276,51.264,"Clandon Rail Station, West Clandon, Surrey GU4 7, UK"
649,0547,-0.138313,51.461727,"Clapham Common South Side, Lambeth, Greater London SW4 7, UK"
650,5301,-0.13252,51.46548,"Clapham High Street Rail Station, Lambeth, Greater London SW4, UK"
651,5595,-0.1705241,51.46496,"Clapham Junction, Wandsworth, Greater London SW11 2, UK"
652,0548,-0.129519,51.464844,"8-26 Bedford Rd, Lambeth, Greater London SW4 7, UK"
653,0549,-0.147961,51.452583,"23 Balham Hill, Lambeth, Greater London SW12 9, UK"
654,2653,-2.40984,54.1054,"Clapham (N Yorks) Rail Station, Clapham, North Yorkshire LA2, UK"
655,6926,-0.05702,51.56165,"Clapton Rail Station, Hackney, Greater London E5 9, UK"
656,M340,-7.616336,53.33988,"St Patricks Terrace, Clara, Co. Offaly, Ireland"
657,4069,-4.88357,51.85167,"Clarbeston Road Rail Station, Wiston, Pembrokeshire SA62, UK"
658,M330,-8.999412,53.720665,"2 Mount St, Claremorris, Co. Mayo, Ireland"
659,9792,-4.27564,55.78934,"Clarkston Rail Station, Thornliebank, East Renfrewshire G76, UK"
660,4593,-1.69657,52.2771,"Claverdon Rail Station, Claverdon, Warwickshire CV35, UK"
661,5556,-0.34824,51.36121,"Claygate Rail Station, Esher, Surrey KT10 0, UK"
662,6274,-0.02922,53.56192,"Cleethorpes Rail Station, Grimsby, North East Lincolnshire DN35 8, UK"
663,9718,-3.91024,55.80464,"Cleland Rail Station, Cleland, North Lanarkshire ML1, UK"
664,3202,-2.61175,51.46454,"Clifton Down Rail Station, Bristol, City of Bristol BS8, UK"
665,2795,-2.61175,51.46454,"Clifton Down Rail Station, Bristol, City of Bristol BS8, UK"
666,2574,-2.39434,53.87348,"Clitheroe Rail Station, Clitheroe, Lancashire BB7, UK"
667,5048,-0.04065,51.40859,"Clock House Rail Station, Bromley, Greater London BR3, UK"
668,M350,-7.699839,52.36096,"Thomas St, Clonmel, Co. Tipperary, Ireland"
669,M400,-8.023732,52.93758,"R490, Co. North Tipperary, Ireland"
670,4070,-4.73188,51.84055,"Clunderwen Rail Station, Clynderwen, Carmarthenshire SA66 7, UK"
671,9855,-4.40441,55.90068,"Clydebank Rail Station, Clydebank, West Dunbartonshire G81, UK"
672,9747,-4.0324,55.86316,"Coatbridge Central Rail Station, Coatbridge, North Lanarkshire ML5 1, UK"
673,9752,-4.02828,55.86691,"Coatbridge Sunnyside Rail Station, Coatbridge, North Lanarkshire ML5 3, UK"
674,9762,-4.00497,55.86433,"Coatdyke Rail Station, Coatbridge, North Lanarkshire ML5 3, UK"
675,M360,-8.300042,51.849194,"High Rd, Cobh, Co. Cork, Ireland"
676,5557,-0.38934,51.3181,"Cobham & Stoke d'Abernon Rail Station, Cobham, Surrey KT11, UK"
677,0550,-0.149603,51.651672,"Cockfosters Rd, Enfield, Greater London EN4 0, UK"
678,4616,-2.20177,52.6273,"Codsall Rail Station, Codsall, Staffordshire WV8 1, UK"
679,3828,-3.1891,51.44599,"Cogan Rail Station, Penarth, The Vale of Glamorgan CF64 2, UK"
680,6853,0.90477,51.88647,"Colchester Town Rail Station, Colchester, Essex CO2 7, UK"
681,6861,0.8926,51.90073,"Colchester Rail Station, Colchester, Essex CO4, UK"
682,M370,-6.663439,55.129345,"Coleraine, UK"
683,J264,0,0,""
684,9882,-1.70818,52.51654,"Coleshill Parkway Rail Station, Coleshill, Warwickshire B46 1, UK"
685,0551,-0.250341,51.5954,"157-173 Colindale Ave, Barnet, Greater London NW9 5, UK"
686,9051,-6.524141,56.614994,"B8070, Argyll and Bute PA78 6, UK"
687,6349,-0.75038,53.14411,"Collingham Rail Station, Collingham, Nottinghamshire NG23 7, UK"
688,5457,0.45788,50.83928,"Collington Rail Station, Bexhill, East Sussex TN39 3, UK"
689,M420,-8.495371,54.187923,"The Bridge, Co. Sligo, Ireland"
690,2562,-2.18186,53.85476,"Colne Rail Station, Newchurch, Lancashire BB8, UK"
691,9052,-6.188208,56.068684,"B8087, Scalasaig, Argyll and Bute PA61 7, UK"
692,4876,-2.35696,52.07988,"Colwall Rail Station, Colwall, Colwall Stone, County of Herefordshire WR13, UK"
693,2451,-3.72543,53.29638,"Colwyn Bay Rail Station, Colwyn Bay, Conwy LL29 8, UK"
694,3005,-1.39407,51.8326,"Combe (Oxon) Rail Station, Combe, Oxfordshire OX29 8, UK"
695,7515,-0.97498,54.48182,"Commondale Rail Station, North York Moors National Park, Commondale, North Yorkshire YO21 2, UK"
696,1227,-2.19258,53.15787,"Congleton Rail Station, Congleton, Cheshire East CW12, UK"
697,6488,-1.23433,53.48933,"Conisbrough Rail Station, Conisbrough, Doncaster DN12 3, UK"
698,8708,-5.38543,56.45233,"Connel Ferry Rail Station, Connel, Argyll and Bute PA37, UK"
699,8470,-2.01124,53.91727,"Cononley Rail Station, Cononley, North Yorkshire BD20, UK"
700,3624,-3.02268,53.39338,"Conway Park Rail Station, Birkenhead, Wirral CH41 4, UK"
701,2486,-3.83054,53.28012,"Conwy Rail Station, Conwy LL32, UK"
702,5458,0.42687,50.83337,"Cooden Beach Rail Station, Bexhill, East Sussex TN39 4, UK"
703,3019,-0.72208,51.55746,"Cookham Rail Station, Cookham, Cookham Rise, Windsor and Maidenhead SL6, UK"
704,5336,-0.0092,50.90375,"Cooksbridge Rail Station, Hamsey, East Sussex BN8, UK"
705,3570,-4.48189,50.44591,"Coombe Junction Halt (Rail Station), Liskeard, Cornwall PL14 4, UK"
706,5821,-3.7516,50.81446,"Copplestone Rail Station, Copplestone, Devon EX17 5, UK"
707,7504,-2.0184,54.96626,"Corbridge Rail Station, Corbridge, Northumberland NE45, UK"
708,L265,-0.6796013,52.4892,"Corby, Northamptonshire, UK"
709,K183,-0.6796013,52.4892,"Corby, Northamptonshire, UK"
710,1847,-0.68721,52.48921,"Corby Rail Station, Corby, Northamptonshire NN17 1, UK"
711,M390,-8.458443,51.901165,"Horgan's Quay, Cork, Co. Cork, Ireland"
712,H270,-8.323334,51.832623,"N28, Ringaskiddy, Co. Cork, Ireland"
713,9627,-4.33429,55.83749,"Corkerhill Rail Station, Glasgow, Glasgow City G52, UK"
714,2049,-3.58216,54.54168,"Corkickle Rail Station, Whitehaven, Cumbria CA28 7, UK"
715,G401,-2.267609,53.46994,"Pomona Strand, Urmston, Trafford M15 4, UK"
716,8824,-5.12195,56.84281,"Corpach Rail Station, Corpach, Highland PH33, UK"
717,8825,-4.6906,56.7602,"Corrour Rail Station, Highland PH30 4, UK"
718,H365,0,0,""
719,3905,-3.23183,51.52044,"Coryton Rail Station, Whitchurch, Cardiff CF14, UK"
720,1143,-2.08578,52.54509,"Coseley Rail Station, Dudley WV14, UK"
721,4617,-2.30619,52.64497,"Cosford Rail Station, Donington, Shropshire TF11, UK"
722,5896,-1.06733,50.84191,"Cosham Rail Station, Portsmouth PO6 3, UK"
723,8056,-0.40643,53.78166,"Cottingham Rail Station, Cottingham, East Riding of Yorkshire HU16, UK"
724,8505,-1.5877,53.76783,"Cottingley Rail Station, Leeds LS27, UK"
725,5408,-0.13788,51.31584,"Coulsdon South Rail Station, Croydon, Greater London CR5, UK"
726,0553,-0.12398,51.512905,"23 James St, Westminster, London WC2E 8, UK"
727,1030,-1.51346,52.40083,"Coventry Rail Station, Coventry CV5, UK"
728,5409,0.11004,51.15563,"Cowden Rail Station, Cowden, Kent TN8 7, UK"
729,9185,-3.34318,56.11208,"Cowdenbeath Rail Station, Cowdenbeath, Fife KY4, UK"
730,K280,-1.29003,50.759087,"Dover Rd, Newport, Isle Of Wight PO32 6, UK"
731,K279,-1.296698,50.762398,"Town Quay, Cowes, Isle Of Wight PO31 7, UK"
732,8180,0,0,""
733,4639,-2.09049,52.46966,"Cradley Heath Rail Station, West Bromwich, Sandwell B64 7, UK"
734,9970,-4.71123,55.99478,"Craigendoran Rail Station, Argyll and Bute G84, UK"
735,H333,-5.706343,56.470825,"A849, Craignure, Argyll and Bute PA65 6, UK"
736,7579,-1.5986,55.08777,"Cramlington Rail Station, Blyth, Northumberland NE23, UK"
737,3634,-2.83743,52.44255,"Craven Arms Rail Station, Craven Arms, Shropshire SY7, UK"
738,5484,-0.18667,51.11221,"Crawley Rail Station, Crawley, West Sussex RH10, UK"
739,5100,0.17895,51.44828,"Crayford Rail Station, Bexley, Greater London DA1 4, UK"
740,5754,-3.6468,50.78329,"Crediton Rail Station, Crediton, Devon EX17, UK"
741,6837,0.57797,51.85235,"Cressing Rail Station, Cressing, Essex CM77, UK"
742,2225,-2.91201,53.35877,"Cressington Rail Station, Garston, Liverpool L19 0, UK"
743,1874,-1.21587,53.26404,"Creswell (Derbys) Rail Station, Elmton, Derbyshire S80, UK"
744,1243,-2.43298,53.08964,"Crewe Rail Station, Crewe, Cheshire East CW1, UK"
745,5832,-2.77851,50.87352,"Crewkerne Rail Station, Misterton, Somerset TA18 8, UK"
746,6007,-0.10688,51.68449,"Crews Hill Rail Station, Enfield, Greater London EN2, UK"
747,8826,-4.61842,56.39046,"Crianlarich Rail Station, Crianlarich, Stirling FK20 8, UK"
748,4312,-4.23753,52.91843,"Criccieth Rail Station, Criccieth, Gwynedd LL52 0, UK"
749,K346,0,0,""
750,1519,-0.21267,51.55846,"Cricklewood Rail Station, Barnet, Greater London NW2, UK"
751,9778,-4.22832,55.81825,"Croftfoot Rail Station, Cambuslang, South Lanarkshire G73 2, UK"
752,5078,-0.0365,51.45519,"Crofton Park Rail Station, Lewisham, Greater London SE4 2, UK"
753,7295,1.29283,52.93011,"Cromer Rail Station, Cromer, Norfolk NR27 9, UK"
754,1822,-1.54879,53.11295,"Cromford Rail Station, Cromford, Derbyshire DE4, UK"
755,9628,-4.36594,55.84218,"Crookston Rail Station, Glasgow, Glasgow City G52, UK"
756,8473,-1.45159,53.80492,"Cross Gates Rail Station, Leeds LS15, UK"
757,8554,-1.84489,53.85848,"Crossflatts Rail Station, Queensbury, Bingley, Bradford BD16 2, UK"
758,9814,-4.2568,55.83327,"Crosshill Rail Station, Glasgow, Glasgow City G42 8, UK"
759,9902,-3.12619,51.6209,"Crosskeys Rail Station, Crosskeys, Caerphilly NP11 7, UK"
760,9796,-4.28431,55.83393,"Crossmyloof Rail Station, Glasgow, Glasgow City G41, UK"
761,2313,-2.77775,53.66757,"Croston Rail Station, Croston, Lancashire PR26, UK"
762,7406,-0.1171964,51.571365,"Crouch Hill, Islington, Greater London N4, UK"
763,5325,0.18802,51.04638,"Crowborough Rail Station, Crowborough, East Sussex TN6 2, UK"
764,5233,0.50135,50.88857,"Crowhurst Rail Station, Crowhurst, East Sussex TN33 9, UK"
765,6524,-0.81736,53.58975,"Crowle Rail Station, Crowle, North Lincolnshire DN17, UK"
766,5628,-0.81927,51.36673,"Crowthorne Rail Station, Crowthorne, Bracknell Forest RG45, UK"
767,0554,-0.441787,51.647102,"137-141 Watford Rd, Croxley Green, Hertfordshire WD3 3, UK"
768,9943,-4.03596,55.95567,"Croy Rail Station, North Lanarkshire G65 9, UK"
769,5356,-0.0726,51.41811,"Crystal Palace, Bromley, Greater London SE19 2, UK"
770,2305,-2.5993,53.23993,"Cuddington Rail Station, Cuddington, Cheshire West and Chester CW8 2, UK"
771,6008,-0.10978,51.70872,"Cuffley Rail Station, Cuffley, Hertfordshire EN6, UK"
772,3107,-1.23651,51.6538,"Culham Rail Station, Culham, Oxfordshire OX14, UK"
773,H015,-3.392835,50.856857,"Cullompton, Devon, UK"
774,8625,-4.40428,57.91949,"Culrain Rail Station, Highland IV24 3, UK"
775,9721,-3.98032,55.94201,"Cumbernauld Rail Station, Cumbernauld, North Lanarkshire G67 2, UK"
776,9053,-4.898247,55.786697,"B896, North Ayrshire KA28 0, UK"
777,9121,-3.00876,56.31697,"Cupar Rail Station, Cupar, Fife KY15, UK"
778,9218,-3.31875,55.90056,"Curriehill Rail Station, City of Edinburgh EH14, UK"
779,0879,-0.010871,51.481712,"320-326 Creek Rd, University of Greenwich, Greenwich, Greater London SE10 9, UK"
780,5201,0.46171,51.37393,"Cuxton Rail Station, Cuxton, Medway ME2 1, UK"
781,3981,-3.41374,51.70193,"Cwmbach Rail Station, Cwmbach, Rhondda Cynon Taff CF44 0, UK"
782,3738,-3.01622,51.65658,"Cwmbran Rail Station, Cwmbran, Torfaen NP44 2, UK"
783,4147,-3.74823,52.05151,"Cynghordy Rail Station, Cynghordy, Carmarthenshire SA20, UK"
784,7440,0.14612,51.52609,"Dagenham Dock Rail Station, Barking, Greater London RM9 6, UK"
785,0555,0.165868,51.54398,"Rainham Rd S, Barking, Greater London RM10 8, UK"
786,0556,0.147682,51.54162,"228-248 Heathway, Barking, Greater London RM10 8, UK"
787,2777,-2.51587,53.53947,"Daisy Hill Rail Station, Westhoughton, Bolton BL5, UK"
788,9135,-3.36772,56.04208,"Dalgety Bay Rail Station, Fife KY11 9, UK"
789,8711,-4.98354,56.40117,"Dalmally Rail Station, Dalmally, Argyll and Bute PA33, UK"
790,9790,-4.2177,55.84207,"Dalmarnock Rail Station, Glasgow, Glasgow City G40, UK"
791,9415,-3.38162,55.98631,"Dalmeny Rail Station, Queensferry, City of Edinburgh EH30 9, UK"
792,9992,-4.42668,55.91192,"Dalmuir Rail Station, Clydebank, West Dunbartonshire G81, UK"
793,9864,-4.57785,55.9474,"Dalreoch Rail Station, West Dunbartonshire G82 4, UK"
794,9483,-4.71107,55.70621,"Dalry Rail Station, Dalry, North Ayrshire KA24 4, UK"
795,2077,-2.98885,54.84617,"Dalston (Cumbria) Rail Station, Dalston, Cumbria CA5 7, UK"
796,1429,-0.0758596,51.54823,"Dalston Kingsland, Hackney, Greater London N16, UK"
797,1957,-3.17901,54.15424,"Dalton Rail Station, Dalton Town with Newton, Cumbria LA15 8, UK"
798,8628,-4.2462,56.93516,"Dalwhinnie Rail Station, Highland PH19 1, UK"
799,7915,-0.91072,54.46643,"Danby Rail Station, North York Moors National Park, Danby, North Yorkshire YO21 2, UK"
800,3797,-3.23393,51.50051,""
801,4519,-1.82087,52.32483,"Danzey Rail Station, Tanworth-in-Arden, Warwickshire B94 5, UK"
802,7877,-1.54733,54.52045,"Darlington Rail Station, Darlington DL1, UK"
803,6729,-1.41256,53.3846,"Darnall Rail Station, Norton, Sheffield S9, UK"
804,7211,1.52348,52.27301,"Darsham Rail Station, Darsham, Suffolk IP17 3, UK"
805,5101,0.21926,51.44737,"Dartford Rail Station, Dartford, Kent DA1 1, UK"
806,H557,0,0,""
807,8420,-1.53165,53.58838,"Darton Rail Station, Darton, Barnsley S75, UK"
808,2576,-2.46495,53.69804,"Darwen Rail Station, Darwen, Blackburn with Darwen BB3 3, UK"
809,5668,-0.57942,51.48308,"Datchet Rail Station, Datchet, Windsor and Maidenhead SL3 9, UK"
810,2770,-2.15296,53.39092,"Davenport Rail Station, Stockport SK3, UK"
811,K268,-1.1604329,52.25832,"Daventry, Northamptonshire NN11, UK"
812,3409,-3.44358,50.5987,"Dawlish Warren Rail Station, Dawlish, Devon EX6, UK"
813,3408,-3.46465,50.58081,"Dawlish Rail Station, Dawlish, Devon EX7, UK"
814,5011,1.39886,51.22305,"Deal Rail Station, Deal, Kent CT14, UK"
815,5942,-1.63488,51.04246,"Dean Rail Station, West Dean, Westdean, Wiltshire SP5, UK"
816,2877,-2.18465,53.50412,"Dean Lane Rail Station (closed), Manchester M40 3, UK"
817,2963,-2.25107,53.4741,"Whitworth St W, Manchester M3 4, UK"
818,0557,0.08384,51.64543,"Cassis Ct, Loughton, Essex IG10 3, UK"
819,2480,-3.8334,53.29477,"Deganwy Rail Station, Deganwy, Conwy LL31 9, UK"
820,8441,-1.7519,53.6685,"Deighton Rail Station, Huddersfield, Kirklees HD2, UK"
821,2306,-2.66656,53.22879,"Delamere Rail Station, Delamere, Cheshire West and Chester CW8 2, UK"
822,4559,4.2911115,52.06986,"The Hague, The Netherlands"
823,0149,4.2911115,52.06986,"The Hague, The Netherlands"
824,8432,-1.66321,53.57264,"Denby Dale Rail Station, Denby Dale, Kirklees HD8, UK"
825,3060,-0.51778,51.5806,"Denham Golf Club Rail Station, Denham, Higher Denham, Buckinghamshire UB9 5, UK"
826,3052,-0.49743,51.57884,"Denham Rail Station, Denham, Denham Green, Buckinghamshire UB9 5, UK"
827,5421,-0.08936,51.46821,"Denmark Hill Rail Station, Camberwell, Greater London SE5, UK"
828,2103,-2.3636,54.28242,"Dent Rail Station, Yorkshire Dales, Dent, Cumbria LA10 5, UK"
829,2855,-2.13166,53.45688,"Denton Rail Station, Ashton-under-Lyne, Tameside M34, UK"
830,0897,-0.022525,51.474255,"Deptford Bridge, Greenwich, Greater London SE8 4, UK"
831,5145,-0.02626,51.47885,"Deptford Rail Station, Lewisham, Greater London SE8 3, UK"
832,7212,1.18266,52.05057,"Derby Road (Ipswich) Rail Station, Ipswich, Suffolk IP3 8, UK"
833,1823,-1.46307,52.91618,"Derby Rail Station, Derby DE24, UK"
834,L064,0.9404484,52.682198,"East Dereham, Norfolk, UK"
835,2652,-2.10168,53.55015,"Derker Rail Station (closed), Oldham OL1 4, UK"
836,H615,0,0,""
837,H564,0,0,""
838,3579,-4.17075,50.37852,"Devonport Rail Station, Plymouth PL1 4, UK"
839,8326,-1.6331,53.69215,"Dewsbury Rail Station, Dewsbury, Kirklees WF13, UK"
840,3030,-1.24289,51.61096,"Didcot Parkway Rail Station, Didcot, Oxfordshire OX11, UK"
841,5753,-3.47358,50.71398,"Digby & Sowton Rail Station, Exeter, Devon EX2 7, UK"
842,5502,-2.20793,51.24898,"Dilton Marsh Rail Station, Dilton Marsh, Wiltshire BA13 3, UK"
843,3901,-3.43756,51.61783,"Dinas (Rhondda) Rail Station, Trealaw, Rhondda Cynon Taff CF40, UK"
844,3830,-3.21836,51.43166,"Dinas Powys Rail Station, Dinas Powys, The Vale of Glamorgan CF64, UK"
845,3861,-3.18061,51.44005,"Dingle Road Rail Station, Penarth, The Vale of Glamorgan CF64, UK"
846,8632,-4.4222,57.59422,"Dingwall Rail Station, Dingwall, Highland IV15 9, UK"
847,7897,-1.46707,54.51473,"Dinsdale Rail Station, Middleton Saint George, Darlington DL2 1, UK"
848,2893,-1.97031,53.44935,"Dinting Rail Station, Glossop, Derbyshire SK13, UK"
849,2765,-2.04248,53.3582,"Disley Rail Station, Disley, Cheshire East SK12 2, UK"
850,7348,1.12371,52.37368,"Diss Rail Station, Diss, Norfolk IP21, UK"
851,0846,0,0,""
852,3588,-4.17594,50.38216,"Dockyard (Plymouth) Rail Station, Plymouth PL2 1, UK"
853,6781,-1.53169,53.54435,"Dodworth Rail Station, Dodworth, Barnsley S75, UK"
854,4188,-3.26363,52.29536,"Dolau Rail Station, Llanfihangel Rhydithon, Powys LD1 6, UK"
855,5036,0.60998,50.91858,"Doleham Rail Station, Guestling, East Sussex TN35 4, UK"
856,2538,-3.82265,53.18636,"Dolgarrog Rail Station, Llanddoged and Maenan, Conwy LL26 0, UK"
857,0558,-0.238792,51.551914,"259-415 Chapter Rd, Brent, Greater London NW2 5, UK"
858,2452,-3.88514,53.05203,"Dolwyddelan Rail Station, Snowdonia National Park, Dolwyddelan, Conwy LL25 0, UK"
859,8851,0,0,""
860,6417,-1.13984,53.52217,"Doncaster Rail Station, Doncaster DN1 1, UK"
861,5961,-2.43725,50.70928,"Dorchester South Rail Station, Dorchester, Dorset DT1 2, UK"
862,5962,-2.44255,50.71094,"Dorchester West Rail Station, Dorchester, Dorset DT2, UK"
863,6690,-1.51545,53.32747,"Ladies Spring Grove, Norton, Sheffield S17 3, UK"
864,5412,-0.32463,51.2388,"Dorking Deepdene Rail Station, Dorking, Surrey RH5, UK"
865,5297,-0.33997,51.23622,"Dorking West Rail Station, Dorking, Surrey RH5, UK"
866,5357,-0.32424,51.24093,"Dorking Rail Station, Dorking, Surrey RH5, UK"
867,5413,-0.0043,51.15579,"Dormans Rail Station, Lingfield, Surrey RH19, UK"
868,4525,-1.75291,52.37208,"Dorridge Rail Station, Dorridge, Solihull B93, UK"
869,H227,-4.467621,54.147152,"Victoria Pier, Douglas IM1 5, UK"
870,2766,-1.89043,53.29982,"Dove Holes Rail Station, Chapel-en-le-Frith, Derbyshire SK17 8, UK"
871,0388,1.327157,51.126232,"Eastern Docks Roundabout, Dover, Kent CT16 1, UK"
872,5033,1.30531,51.1257,"Dover Priory Rail Station, Dover, Kent CT17 9, UK"
873,6901,1.28063,51.93875,"Dovercourt Rail Station, Harwich, Essex CO12, UK"
874,4436,-3.92391,52.56437,"Dovey Junction Rail Station, Cadfarch, Powys SY20, UK"
875,7055,0.36569,52.60413,"Downham Market Rail Station, Downham Market, Norfolk PE38 9, UK"
876,3099,-0.3302,51.51662,"Drayton Green Rail Station, Ealing, Greater London W13 0, UK"
877,6000,-0.1055,51.55278,"Drayton Park Rail Station, Islington, Greater London N5, UK"
878,9317,-2.78605,56.00512,"Drem Rail Station, Drem, East Lothian EH39, UK"
879,8057,-0.43467,54.00154,"Driffield Rail Station, Driffield, East Riding of Yorkshire YO25, UK"
880,1994,-3.44341,54.37696,"Drigg Rail Station, Drigg, Cumbria CA19 1, UK"
881,M480,0,0,""
882,M450,0,0,""
883,4878,-2.15837,52.26822,"Droitwich Spa Rail Station, Droitwich, Worcestershire WR9 9, UK"
884,M460,-7.916889,53.85888,"R371, Drumod, Co. Leitrim, Ireland"
885,6616,-1.46877,53.30139,"Dronfield Rail Station, Dronfield, Derbyshire S18, UK"
886,9994,-4.36287,55.9048,"Drumchapel Rail Station, Glasgow, Glasgow City G15 6, UK"
887,9967,-4.77476,55.94124,"Drumfrochar Rail Station, Greenock, Inverclyde PA15, UK"
888,9757,-3.94888,55.86735,"Drumgelloch Rail Station, Airdrie, North Lanarkshire ML6, UK"
889,9993,-4.38547,55.90458,"Drumry Rail Station, Clydebank, West Dunbartonshire G81, UK"
890,M499,0,0,""
891,H010,0,0,""
892,M495,-6.292382,53.346546,"St John's Rd W, Dublin 8, Ireland"
893,M493,0,0,""
894,M018,-6.198725,53.34782,"Terminal Rd S, Dublin 1, Ireland"
895,3400,-6.132367,53.29698,"N31, Co. Dun Laoghaire, Ireland"
896,1040,-1.87139,52.48837,"Duddeston Rail Station, Birmingham B7, UK"
897,1212,-2.04948,52.52466,"Dudley Port Rail Station, West Bromwich, Sandwell DY4, UK"
898,1691,-1.48597,52.98842,"Duffield Rail Station, Duffield, Derbyshire DE56 4, UK"
899,8681,-5.69132,57.31995,"Duirinish Rail Station, Highland IV40 8, UK"
900,9906,-4.21304,55.85842,"Duke Street Rail Station, Glasgow, Glasgow City G31, UK"
901,7027,0.36667,52.20167,"Dullingham Rail Station, Dullingham, Cambridgeshire CB8, UK"
902,9866,-4.56691,55.94664,"Dumbarton Central Rail Station, Dumbarton, West Dunbartonshire G82 2, UK"
903,9868,-4.55412,55.94224,"Dumbarton East Rail Station, Dumbarton, West Dunbartonshire G82, UK"
904,9622,-4.30094,55.84502,"Dumbreck Rail Station, Glasgow, Glasgow City G41, UK"
905,9490,-3.6043,55.07255,"Dumfries Rail Station, Dumfries, Dumfries and Galloway DG2, UK"
906,5034,1.42584,51.34571,"Dumpton Park Rail Station, Margate, Kent CT11 7, UK"
907,M510,-6.135086,53.294895,"N31, Dun Laoghaire, Co. Dun Laoghaire, Ireland"
908,9397,-2.51335,55.99829,"Dunbar Rail Station, Dunbar, East Lothian EH42, UK"
909,8713,-3.96548,56.18587,"Dunblane Rail Station, Dunblane, Stirling FK15, UK"
910,8682,-5.63713,57.33698,"Duncraig Rail Station, Highland IV52 8, UK"
911,M500,-76.520515,39.250664,"Dundalk, MD, USA"
912,9039,-2.9712,56.45648,"Dundee Rail Station, Dundee, Dundee City DD1 4, UK"
913,9187,-3.42388,56.0803,"Queen Margaret Rail Station, Dunfermline, Fife KY12, UK"
914,9186,-3.45253,56.06818,"Dunfermline Town Rail Station, Dunfermline, Fife KY12, UK"
915,8763,-3.5784,56.55704,"Dunkeld & Birnam Rail Station, Perth and Kinross PH8 0, UK"
916,9492,-4.53237,55.71187,"Dunlop Rail Station, Dunlop, East Ayrshire KA3 4, UK"
917,J409,-4.921301,55.946545,"Alexandra Parade, Port Riddell, Argyll and Bute PA23 7, UK"
918,8642,-3.94894,57.98552,"Dunrobin Castle Rail Station, Highland KW10 6, UK"
919,J426,117.85192,34.297024,"Zhaodun Railway Station, Pizhou, Xuzhou, Jiangsu, China"
920,H020,0,0,""
921,7744,-1.64205,54.95005,"Dunston Rail Station, Dunston, Wickham and Dunston, Gateshead NE11, UK"
922,5102,0.17095,51.29649,"Dunton Green Rail Station, Dunton Green, Kent TN14, UK"
923,7745,-1.58176,54.77939,"Durham Rail Station, Durham, County Durham DH1 4, UK"
924,5282,-0.41146,50.81752,"Durrington-on-Sea Rail Station, Worthing, West Sussex BN12 6, UK"
925,8905,-2.19233,57.20564,"29 Station Rd, Wellheads Industrial Estate, Aberdeen City AB21 7, UK"
926,4455,-4.10466,52.78887,"Dyffryn Ardudwy Rail Station, Snowdonia National Park, Dyffryn Ardudwy, Gwynedd LL44 2, UK"
927,H273,-1.330129,52.8291,"Lockington, Leicestershire DE74 2, United Kingdom"
928,7916,-1.34944,54.52943,"Eaglescliffe Rail Station, Egglescliffe, Stockton-on-Tees TS16, UK"
929,3190,-0.3243089,51.51014,"Broadway, Ealing, Greater London W13 0, UK"
930,0560,-0.3243089,51.51014,"Broadway, Ealing, Greater London W13 0, UK"
931,0561,-0.288257,51.510117,"2 Uxbridge Rd, Ealing, Greater London W5 3, UK"
932,2292,-2.63766,53.45115,"Earlestown Rail Station, Saint Helens, St. Helens WA12, UK"
933,5694,-0.91799,51.4411,"Earley Rail Station, Woodley, Wokingham RG6, UK"
934,0562,-0.193548,51.491802,"1-6 Old Manor Yard, Kensington, Greater London SW5 9, UK"
935,5584,-0.18771,51.44234,"Earlsfield Rail Station, Wandsworth, Greater London SW18, UK"
936,J425,0,0,""
937,5414,-0.17082,51.22733,"Earlswood (Surrey) Rail Station, Reigate and Banstead, Surrey RH1 6, UK"
938,4520,-1.86117,52.3666,"Earlswood (West Midlands) Rail Station, Hockley Heath, Solihull B94 5, UK"
939,0563,-0.247847,51.51702,"60 Fitzneal St, Hammersmith, Greater London W12 0, UK"
940,7746,-1.42031,54.94641,"East Boldon Rail Station, South Tyneside NE36 0, UK"
941,5355,-0.09278,51.37545,"East Croydon Rail Station, Croydon, Greater London CR0, UK"
942,2949,-2.222,53.40933,"East Didsbury Rail Station, Manchester M20 5, UK"
943,5358,-0.08057,51.4615,"East Dulwich Rail Station, Camberwell, Greater London SE22, UK"
944,5234,0.48473,51.25523,"East Farleigh Rail Station, Barming, Kent ME15, UK"
945,0565,-0.164473,51.58711,"8-14 High Rd, Barnet, Greater London N2 8, UK"
946,8472,-1.37054,53.792,"East Garforth Rail Station, East Garforth, Leeds LS25, UK"
947,5486,-0.0179,51.12627,"East Grinstead Rail Station, East Grinstead, West Sussex RH19, UK"
948,0566,0.051756,51.538754,"182 High St N, Stratford, Greater London E6 1, UK"
949,9793,-4.18022,55.76599,"East Kilbride Rail Station, East Kilbride, South Lanarkshire G74, UK"
950,5134,0.43928,51.28581,"East Malling Rail Station, East Malling, Kent ME19, UK"
951,1901,-1.26312,52.86336,"East Midlands Parkway Rail Station, Ratcliffe on Soar, Nottinghamshire NG11 0, UK"
952,7471,0.41293,51.48483,"East Tilbury Rail Station, Linford, Thurrock SS17, UK"
953,5283,-0.35489,50.82164,"East Worthing Rail Station, Worthing, West Sussex BN14 8, UK"
954,5448,0.28126,50.76937,"Eastbourne Rail Station, Eastbourne, East Sussex BN21 3, UK"
955,3795,-3.20615,51.43764,"Eastbrook Rail Station, Dinas Powys, The Vale of Glamorgan CF64, UK"
956,0564,-0.396838,51.57649,"Field End Rd, Hillingdon, Greater London HA5 1, UK"
957,9894,-4.10716,55.85974,"Easterhouse Rail Station, Glasgow, Glasgow City G69 6, UK"
958,2128,-2.98114,53.30756,"Eastham Rake Rail Station, Birkenhead, Wirral CH62, UK"
959,5899,-1.35009,50.96924,"Eastleigh Rail Station, Eastleigh, Hampshire SO50, UK"
960,8114,-0.78763,53.75518,"Eastrington Rail Station, Eastrington, East Riding of Yorkshire DN14, UK"
961,5566,0.32092,51.44297,"Ebbsfleet International Rail Station, Swanscombe, Kent DA11 9, UK"
962,1544,0.320964,51.442947,"Ebbsfleet International, International Way, Dartford DA10 1EB, United Kingdom"
963,9915,-3.19611,51.75714,"Ebbw Vale Parkway Rail Station, Cwm, Blaenau Gwent NP23, UK"
964,3628,-3.19611,51.75714,"Ebbw Vale Parkway Rail Station, Cwm, Blaenau Gwent NP23, UK"
965,2950,-2.3743143,53.476933,"Eccles, Manchester, Salford M30, UK"
966,G410,-2.335212,53.482937,"5-8 Regent St, Salford M30 0, UK"
967,7370,0.96993,52.4709,"Eccles Road Rail Station, Quidenham, Norfolk NR16, UK"
968,2227,-2.78004,53.4308,"Eccleston Park Rail Station, Eccleston, St. Helens L34, UK"
969,2824,-1.81633,53.36481,"Edale Rail Station, The Peak District, Edale, Derbyshire S33, UK"
970,K292,0,0,""
971,5056,-0.02635,51.39009,"Eden Park Rail Station, Bromley, Greater London BR3 3, UK"
972,K348,0,0,""
973,5359,0.06718,51.20008,"Edenbridge Town Rail Station, Edenbridge, Kent TN8, UK"
974,5473,0.06065,51.20843,"Edenbridge Rail Station, Edenbridge, Kent TN8 6, UK"
975,2169,-2.94649,53.40263,"Edge Hill Rail Station, Liverpool L70, UK"
976,0774,-0.170208,51.52024,"304-306 Edgware Rd, Paddington, Greater London W2 1, UK"
977,0569,-0.167665,51.520016,"Transept St, Paddington, Greater London NW1 5, UK"
978,0568,-0.274937,51.61362,"158-218 Station Rd, Barnet, Greater London HA8 7, UK"
979,9337,-3.191641,55.95537,"The Walk, Edinburgh, City of Edinburgh EH1 3, UK"
980,9395,-3.30766,55.92754,"Edinburgh Park Rail Station, City of Edinburgh EH12, UK"
981,9328,-3.18822,55.95239,"101-103 Princes Street, Edinburgh, UK EH1 1BB, United Kingdom"
982,6941,-0.06111,51.62494,"Edmonton Green Rail Station, Enfield, Greater London N9 9, UK"
983,5642,-0.41996,51.29149,"Effingham Junction Rail Station, East Horsley, Surrey KT24, UK"
984,5822,-3.87478,50.88773,"Eggesford Rail Station, Chawleigh, Devon EX18 7, UK"
985,5669,-0.54651,51.42965,"Egham Rail Station, Egham, Surrey TW20 9, UK"
986,7918,-0.76192,54.43767,"Egton Rail Station, North York Moors National Park, Egton, North Yorkshire YO21 1, UK"
987,9055,-6.129942,56.877285,""
988,0570,-0.100787,51.49577,"80 London Rd, Camberwell, Greater London SE1 6, UK"
989,5246,-0.099275,51.49605,"Elephant and Castle, Camberwell, Greater London SE1 6, UK"
990,8977,-3.31125,57.6429,"Elgin Rail Station, Elgin, Moray IV30, UK"
991,2121,-2.89643,53.28221,"Ellesmere Port Rail Station, Ellesmere Port, Cheshire West and Chester CH65, UK"
992,0571,0.199138,51.549744,"18 The Broadway, Romford, Greater London RM12 4, UK"
993,5049,-0.04943,51.3983,"Elmers End Rail Station, Bromley, Greater London BR3, UK"
994,5135,0.04428,51.41712,"Elmstead Woods Rail Station, Bromley, Greater London BR7, UK"
995,7349,0.9126,52.23805,"Elmswell Rail Station, Elmswell, Suffolk IP30 9, UK"
996,6667,-1.42742,53.49868,"Elsecar Rail Station, Hoyland, Barnsley S74, UK"
997,6832,0.22807,51.92055,"Elsenham Rail Station, Elsenham, Essex CM22, UK"
998,1542,-0.2798,51.65289,"Elstree & Borehamwood Rail Station, Borehamwood, Hertfordshire WD6 3, UK"
999,5103,0.05248,51.45565,"Eltham Rail Station, Eltham, Greater London SE9 1, UK"
1000,6238,-0.85551,52.95216,"Elton & Orston Rail Station, Orston, Nottinghamshire NG13 9, UK"
1001,0898,-0.016544,51.468773,"Conington Rd, Greenwich, Greater London SE8 4, UK"
1002,7068,0.26683,52.39125,"Ely Rail Station, Ely, Cambridgeshire CB7 4, UK"
1003,0542,-0.122352,51.50743,"17 Embankment Pl, Westminster, London WC2N 6, UK"
1004,7473,0.22013,51.56865,"Emerson Park Rail Station, Romford, Greater London RM11 2, UK"
1005,5257,-0.93842,50.8516,"Emsworth Rail Station, Emsworth, Hampshire PO10, UK"
1006,0311,-6.834462,53.416424,"11 Baynefield, Enfield, Co. Meath, Ireland"
1007,6010,-0.09069,51.65326,"Enfield Chase Rail Station, Enfield, Greater London EN2, UK"
1008,6815,-0.02852,51.67093,"Enfield Lock Rail Station, Enfield, Greater London EN3, UK"
1009,6959,-0.07932,51.65203,"Enfield Town Rail Station, Enfield, Greater London EN1 1, UK"
1010,M569,-96.62527,32.32931,"Ennis, TX, USA"
1011,M570,-6.565833,52.50444,"5 Templeshannon, Enniscorthy, Co. Wexford, Ireland"
1012,2747,-2.41455,53.65599,"Entwistle Rail Station, Belmont, Blackburn with Darwen BL7 0, UK"
1013,0572,0.113887,51.693604,"Station Approach, Epping, Essex CM16 4, UK"
1014,5361,-0.23895,51.32369,"Epsom Downs Rail Station, Reigate and Banstead, Surrey KT17, UK"
1015,5360,-0.26878,51.33439,"Epsom Rail Station, Epsom, Surrey KT19 8, UK"
1016,1041,-1.8395,52.52829,"Erdington Rail Station, Birmingham B23, UK"
1017,7816,0.201305,51.087704,"A26, Rotherfield, East Sussex TN3 9, UK"
1018,5459,0.20144,51.08896,"Eridge Rail Station, Eridge Green, East Sussex TN3, UK"
1019,5104,0.17507,51.48167,"Erith Rail Station, Crayford, Greater London DA8, UK"
1020,5558,-0.35333,51.37989,"Esher Rail Station, Esher, Surrey KT10, UK"
1021,6004,-0.09627,51.54071,"Essex Road Rail Station, Islington, Greater London N1, UK"
1022,5217,0.44237,51.01054,"Etchingham Rail Station, Etchingham, East Sussex TN19 7, UK"
1023,1058,0,0,""
1024,0575,-0.135832,51.52556,"Euston Rd, Camden Town, Greater London NW1 2, UK"
1025,0574,-0.133354,51.528446,"40-70 A4200, Camden Town, Greater London NW1 1, UK"
1026,2080,-2.67202,53.66049,"Euxton Balshaw Lane Rail Station, Euxton, Lancashire PR7, UK"
1027,4740,-1.94731,52.0984,"Evesham Rail Station, Evesham, Worcestershire WR11, UK"
1028,5415,-0.24153,51.3453,"Ewell East Rail Station, Epsom, Surrey KT17, UK"
1029,5586,-0.25699,51.35005,"Ewell West Rail Station, Epsom, Surrey KT17, UK"
1030,G403,-2.282517,53.46722,"St James St, Salford M5 3, UK"
1031,5755,-3.5333,50.72647,"Exeter Central Rail Station, Exeter, Devon EX5, UK"
1032,3410,-3.54331,50.72926,"Exeter St Davids Rail Station, Exeter, Devon EX5, UK"
1033,3414,-3.53886,50.71714,"Exeter St Thomas Rail Station, Exeter, Devon EX4 1, UK"
1034,9914,-4.28358,55.86154,"Exhibition Centre (Glasgw) Rail Station, Glasgow, Glasgow City G3 8, UK"
1035,5756,-3.41499,50.62162,"Exmouth Rail Station, Exmouth, Devon EX8, UK"
1036,5760,-3.44412,50.66829,"Exton Rail Station, Woodbury, Devon EX6, UK"
1037,5065,0.20441,51.36272,"Eynsford Rail Station, Eynsford, Kent DA4, UK"
1038,2951,-2.16331,53.5104,"Failsworth Rail Station (closed), Oldham M35, UK"
1039,4416,-4.04943,52.69606,"Fairbourne Rail Station, Fairbourne, Gwynedd LL38 2, UK"
1040,2780,-2.14577,53.47131,"Fairfield Rail Station, Ashton-under-Lyne, Tameside M34, UK"
1041,9452,-4.85326,55.75193,"Fairlie Rail Station, Fairlie, North Ayrshire KA29 0, UK"
1042,0576,0.090938,51.595676,"85-87 Forest Rd, Ilford, Greater London IG6 3, UK"
1043,3873,-3.23385,51.49391,"Fairwater Rail Station, Fairwater, Cardiff CF5, UK"
1044,5137,0.07931,51.45916,"Falconwood Rail Station, Eltham, Greater London SE9, UK"
1045,9930,-3.78504,56.0026,"Falkirk Grahamston Rail Station, Falkirk FK2, UK"
1046,9931,-3.79224,55.9918,"Falkirk High Rail Station, Falkirk FK1, UK"
1047,8726,-5.11246,56.39387,"Falls of Cruachan Rail Station, Argyll and Bute PA33 1, UK"
1048,5337,-0.08738,50.86212,"Falmer Rail Station, Brighton, Brighton and Hove BN1 9, UK"
1049,3508,-5.05608,50.15069,"Falmouth Docks Rail Station, Falmouth, Cornwall TR11 4, UK"
1050,3591,-5.06527,50.14836,"Falmouth Town Rail Station, Falmouth, Cornwall TR11, UK"
1051,5900,-1.19204,50.85302,"Fareham Rail Station, Fareham, Hampshire PO16 0, UK"
1052,K345,0,0,""
1053,5521,-0.75573,51.29661,"Farnborough (Main) Rail Station, Farnborough, Hampshire GU14 7, UK"
1054,5688,-0.74303,51.30204,"Farnborough North Rail Station, Hampshire GU14, UK"
1055,5643,-0.60455,51.19715,"Farncombe Rail Station, Farncombe, Godalming, Surrey GU8, UK"
1056,5545,-0.79243,51.2119,"Farnham Rail Station, Farnham, Surrey GU10, UK"
1057,5105,0.23547,51.40167,"Farningham Road Rail Station, Sutton At Hone, Kent DA4, UK"
1058,2811,-2.38785,53.55002,"Farnworth Rail Station, Bolton BL4, UK"
1059,M580,-9.551829,52.17316,"Farranfoe, Co. Kerry, Ireland"
1060,0577,-0.105065,51.520447,"95-99 Turnmill St, Islington, Greater London EC1M 5, UK"
1061,9245,-3.71931,55.82247,"Fauldhouse Rail Station, West Lothian EH47 9, UK"
1062,5167,0.89106,51.31171,"Faversham Rail Station, Faversham, Kent ME13 8, UK"
1063,5493,-0.26302,51.09588,"Faygate Rail Station, Colgate, West Sussex RH12 4, UK"
1064,2126,-2.93673,53.4691,"Fazakerley Rail Station, Liverpool L9 7, UK"
1065,8637,-3.99394,57.77813,"Fearn Rail Station, Highland IV20 1, UK"
1066,8544,-1.35845,53.67908,"Featherstone Rail Station, Featherstone, Wakefield WF7, UK"
1067,7214,1.35046,51.96709,"Felixstowe Rail Station, Felixstowe, Suffolk IP11, UK"
1068,8683,-1.48574,54.95736,""
1069,5559,-0.40983,51.4479,"Feltham Rail Station, Hounslow, Greater London TW13, UK"
1070,5808,-3.28543,50.78667,"Feniton Rail Station, Feniton, Devon EX14, UK"
1071,1377,-0.71599,52.00008,"Fenny Stratford Rail Station, Bletchley, Milton Keynes MK2, UK"
1072,3862,-3.3959,51.68649,"Fernhill Rail Station, Mountain Ash, Rhondda Cynon Taff CF44, UK"
1073,8061,-0.50782,53.71717,"Ferriby Rail Station, North Ferriby, East Riding of Yorkshire HU14 3, UK"
1074,4074,-4.36949,51.76837,"Ferryside Rail Station, Saint Ishmael, Carmarthenshire SA17 5, UK"
1075,4066,-3.99289,51.87248,"Ffairfach Rail Station, Ffairfach, Carmarthenshire SA19 6, UK"
1076,8062,-0.29385,54.20987,"Filey Rail Station, Filey, North Yorkshire YO14, UK"
1077,3235,-2.56244,51.50494,"Filton Abbey Wood Rail Station, Filton, South Gloucestershire BS34, UK"
1078,0578,-0.192454,51.60096,"10-60 Station Rd, Barnet, Greater London N3 2, UK"
1079,1445,-0.18314,51.55027,"Finchley Road & Frognal, Camden Town, Greater London NW6, UK"
1080,0579,-0.18048,51.547043,"7-27 Canfield Pl, Camden Town, Greater London NW6 3, UK"
1081,6119,-0.1055,51.55278,"Drayton Park Rail Station, Islington, Greater London N5, UK"
1082,0580,-0.106634,51.56438,"241-243 Seven Sisters Rd, Islington, Greater London N4 2, UK"
1083,3012,-1.46935,51.85279,"Finstock Rail Station, Finstock, Oxfordshire OX7, UK"
1084,5261,-0.81509,50.83904,"Fishbourne Rail Station, Fishbourne, West Sussex PO18, UK"
1085,5284,-0.21941,50.83423,"Fishersgate Rail Station, Shoreham-by-Sea, West Sussex BN41, UK"
1086,4076,-4.98567,52.01155,"Fishguard Harbour Rail Station, Fishguard, Pembrokeshire SA64 0, UK"
1087,6351,-0.91218,53.0603,"Fiskerton Rail Station, Fiskerton, Nottinghamshire NG25, UK"
1088,8583,-1.37428,53.63251,"Fitzwilliam Rail Station, Hemsworth, Wakefield WF9 5, UK"
1089,4503,-1.91295,52.4711,"Five Ways Rail Station, Birmingham B15 1, UK"
1090,K295,0,0,""
1091,5522,-0.83081,51.29063,"Fleet Rail Station, Fleet, Hampshire GU51 3, UK"
1092,2026,-3.52074,54.68969,"Flimby Rail Station, Flimby, Maryport, Cumbria CA15, UK"
1093,2513,-3.13301,53.24954,"Flint Rail Station, Flint, Flintshire CH6, UK"
1094,1532,-0.49526,52.00365,"Flitwick Rail Station, Flitwick, Central Bedfordshire MK45, UK"
1095,2935,-2.38425,53.44383,"Flixton Rail Station, Urmston, Trafford M41, UK"
1096,2786,-2.08105,53.46187,"Flowery Field Rail Station, Ashton-under-Lyne, Tameside SK14, UK"
1097,5035,1.16949,51.08289,"Folkestone Central Rail Station, Folkestone, Kent CT19 5, UK"
1098,5027,1.15391,51.08459,"Folkestone West Rail Station, Folkestone, Kent CT20, UK"
1099,5258,-0.57862,50.82956,"Ford Rail Station, Ford, West Sussex BN18, UK"
1100,6876,0.02436,51.54944,"Forest Gate Rail Station, Stratford, Greater London E7 0, UK"
1101,5362,-0.05315,51.43928,"Forest Hill, Lewisham, Greater London SE23, UK"
1102,2354,-3.07092,53.55349,"Formby Rail Station, Formby, Southport, Sefton L37 2, UK"
1103,8638,-3.62596,57.60978,"Forres Rail Station, Forres, Moray IV36, UK"
1104,8639,-3.89689,58.35688,"Forsinard Rail Station, Highland KW13 6, UK"
1105,9675,-4.79526,55.95902,"Fort Matilda Rail Station, Greenock, Inverclyde PA16, UK"
1106,8827,-5.10613,56.82042,"Fort William Rail Station, Fort William, Highland PH33 6, UK"
1107,1042,-1.82804,52.57979,"Four Oaks Rail Station, Birmingham B74, UK"
1108,H550,0,0,""
1109,2046,-3.21607,54.25868,"Foxfield Rail Station, Foxfield, Broughton West, Cumbria LA20 6, UK"
1110,7029,0.05654,52.11913,"Foxton Rail Station, Foxton, Cambridgeshire CB22, UK"
1111,5218,0.29456,51.10402,"Frant Rail Station, Frant, East Sussex TN3, UK"
1112,5509,-1.07398,50.79633,"Fratton Rail Station, Portsmouth PO4, UK"
1113,2355,-3.07184,53.56607,"Freshfield Rail Station, Formby, Southport, Sefton L37, UK"
1114,3344,-2.30102,51.34203,"Freshford Rail Station, Freshford, Bath and North East Somerset BA2 7, UK"
1115,5683,-0.74699,51.31186,"Frimley Rail Station, Camberley, Surrey GU16 7, UK"
1116,6854,1.24319,51.83769,"Frinton-on-Sea Rail Station, Frinton and Walton, Essex CO13, UK"
1117,8556,-1.769,53.82038,"Frizinghall Rail Station, Queensbury, Bradford BD9 4, UK"
1118,2284,-2.72357,53.29583,"Frodsham Rail Station, Frodsham, Cheshire West and Chester WA6, UK"
1119,H578,0,0,""
1120,5707,-2.31001,51.22726,"Frome Rail Station, Frome, Somerset BA11 1, UK"
1121,0581,-0.194959,51.480526,"478 Fulham Rd, Hammersmith, Greater London SW6 1, UK"
1122,5587,-0.34947,51.43394,"Fulwell Rail Station, Richmond, Greater London TW11 0, UK"
1123,2952,-1.98884,53.34877,"Furness Vale Rail Station, Whaley Bridge, Derbyshire SK23 7, UK"
1124,3144,-0.72847,51.53302,"Furze Platt Rail Station, Maidenhead, Windsor and Maidenhead SL6, UK"
1125,6465,-0.7697,53.39961,"Gainsborough Central Rail Station, Scampton, Lincolnshire DN21, UK"
1126,6424,-0.76858,53.38611,"Gainsborough Lea Road Rail Station, Scampton, Lincolnshire DN21, UK"
1127,M600,-9.05178,53.273796,"Galway, Co. Galway, Ireland"
1128,0582,0.066122,51.576477,"Ilford, Greater London IG2 6, UK"
1129,9971,-4.82571,56.07985,"Garelochhead Rail Station, Garelochhead, Argyll and Bute G84, UK"
1130,8474,-1.38231,53.79659,"Garforth Rail Station, East Garforth, Leeds LS25, UK"
1131,2654,-2.10516,53.97842,"Gargrave Rail Station, Gargrave, North Yorkshire BD23, UK"
1132,9904,-4.12945,55.85522,"Garrowhill Rail Station, Glasgow, Glasgow City G69 6, UK"
1133,9979,-4.365,55.88768,"Garscadden Rail Station, Glasgow, Glasgow City G13, UK"
1134,2104,-2.32635,54.32144,"Garsdale Rail Station, Yorkshire Dales, Garsdale, Cumbria LA10 5, UK"
1135,1559,-0.38174,51.68662,"Garston (Herts) Rail Station, Watford, Hertfordshire WD25 9, UK"
1136,2228,0,0,""
1137,2335,-2.67213,53.48853,"Garswood Rail Station, Seneley Green, St. Helens WN4, UK"
1138,9723,-4.07948,55.88565,"Gartcosh Rail Station, North Lanarkshire G69, UK"
1139,3961,-3.64147,51.59645,"Garth (Bridgend) Rail Station, Llangynwyd, Bridgend CF34, UK"
1140,4148,-3.52992,52.13325,"Garth (Powys) Rail Station, Treflys, Powys LD4 4, UK"
1141,8640,-4.6884,57.61302,"Garve Rail Station, Highland IV23, UK"
1142,0288,-1.6018252,54.959373,"Gateshead, UK"
1143,2397,-2.69439,53.55942,"Gathurst Rail Station, Pemberton, Wigan WN6 8, UK"
1144,2953,-2.23123,53.39292,"Gatley Rail Station, Cheadle, Stockport SK8 4, UK"
1145,5416,-0.16104,51.15649,"Gatwick Airport Rail Station, London Gatwick Airport (LGW), Crawley, West Sussex RH10, UK"
1146,8641,-3.45213,58.51361,"Georgemas Junction Rail Station, Highland KW12, UK"
1147,3051,-0.55527,51.58902,"Gerrards Cross Rail Station, Gerrards Cross, Buckinghamshire SL9, UK"
1148,6877,0.20598,51.58191,"Gidea Park Rail Station, Romford, Greater London RM2, UK"
1149,9794,-4.29357,55.80402,"Giffnock Rail Station, Thornliebank, East Renfrewshire G46 6, UK"
1150,2655,-2.30399,54.06167,"Giggleswick Rail Station, Giggleswick, North Yorkshire BD23, UK"
1151,8117,-0.73224,53.74798,"Gilberdyke Rail Station, Gilberdyke, East Riding of Yorkshire HU15, UK"
1152,4022,-3.22658,51.68425,"Gilfach Fargoed Rail Station, Bargoed, Caerphilly CF81 8, UK"
1153,5796,-2.27264,51.03402,"Gillingham (Dorset) Rail Station, Gillingham, Dorset SP8 4, UK"
1154,5169,0.54986,51.38657,"Gillingham (Kent) Rail Station, Gillingham, Medway ME7 1, UK"
1155,9956,-4.282,55.89728,"Gilshochill Rail Station, Glasgow, Glasgow City G20, UK"
1156,5363,-0.08383,51.42446,"Gipsy Hill Rail Station, Lambeth, Greater London SE19, UK"
1157,9501,-4.84838,55.24631,"Girvan Rail Station, Girvan, South Ayrshire KA26, UK"
1158,7921,-0.79394,54.43944,"Glaisdale Rail Station, North York Moors National Park, Glaisdale, North Yorkshire YO21, UK"
1159,2454,-3.79774,53.26744,"Glan Conwy Rail Station, Llansanffraid Glan Conwy, Conwy LL28 5, UK"
1160,9813,-4.25764,55.85974,"Glasgow Central Rail Station, Glasgow, Glasgow City G2, UK"
1161,9950,-4.25145,55.86217,"Glasgow Queen Street Rail Station, Glasgow, Glasgow City G2, UK"
1162,8360,-1.34201,53.70906,"Glasshoughton Rail Station, Wakefield WF10 4, UK"
1163,H017,0,0,""
1164,2301,-2.45966,53.42838,"Glazebrook Rail Station, Rixton-with-Glazebrook, Warrington WA3 5, UK"
1165,8715,-3.73116,56.27484,"Gleneagles Rail Station, Perth and Kinross PH3, UK"
1166,8828,-5.44962,56.87238,"Glenfinnan Rail Station, Highland PH37 4, UK"
1167,9503,-4.67449,55.73888,"Glengarnock Rail Station, Glengarnock, North Ayrshire KA14 3, UK"
1168,9301,-3.14301,56.16235,"Glenrothes with Thornton Rail Station, Thornton, Fife KY1, UK"
1169,2895,-1.94908,53.44449,"Glossop Rail Station, Glossop, Derbyshire SK13, UK"
1170,4760,-2.2385,51.86556,"Gloucester Rail Station, Gloucester, Gloucestershire GL2, UK"
1171,0583,-0.182975,51.494232,"2 Courtfield Rd, Kensington, Greater London SW7 4, UK"
1172,5338,0.07008,50.85917,"Glynde Rail Station, Beddingham, East Sussex BN8, UK"
1173,4457,-3.036,52.89354,"Gobowen Rail Station, Selattyn, Shropshire SY11 3, UK"
1174,5629,-0.61886,51.18658,"Godalming Rail Station, Godalming, Surrey GU7, UK"
1175,2948,-2.05477,53.45172,"Godley Rail Station, Ashton-under-Lyne, Tameside SK14, UK"
1176,5474,-0.05008,51.21815,"Godstone Rail Station, South Godstone, Godstone, Surrey RH9 8, UK"
1177,0584,-0.193999,51.5722,"N End Rd, Barnet, Greater London NW11 7, UK"
1178,0585,-0.226684,51.501842,"193 Wells Rd, Hammersmith, Greater London W12 8, UK"
1179,8284,-1.31281,53.53421,"Goldthorpe Rail Station, Dearne, Barnsley S63, UK"
1180,9096,-2.71954,56.49778,"Golf Street Rail Station, Carnoustie, Angus DD7 7, UK"
1181,8643,-3.98721,57.97145,"Golspie Rail Station, Golspie, Highland IV28, UK"
1182,5298,-0.44184,51.2194,"Gomshall Rail Station, Shere, Surrey GU5, UK"
1183,0586,-0.134668,51.52029,"39 Whitfield St, Camden Town, Greater London W1T 2, UK"
1184,6878,0.11082,51.56558,"Goodmayes Rail Station, Ilford, Greater London IG3, UK"
1185,8025,-0.87422,53.70493,"Goole Rail Station, Goole, East Riding of Yorkshire DN14, UK"
1186,1220,-2.32647,53.22257,"Goostrey Rail Station, Goostrey, Cheshire East CW4, UK"
1187,6028,-0.0946,51.66334,"Gordon Hill Rail Station, Enfield, Greater London EN2, UK"
1188,M630,-6.292226,52.67188,"15 Railway Rd, Gorey, Co. Wexford, Ireland"
1189,3033,-1.13304,51.52149,"Goring & Streatley Rail Station, Goring, Oxfordshire RG8, UK"
1190,5272,-0.43308,50.81772,"Goring-by-Sea Rail Station, Worthing, West Sussex BN12, UK"
1191,2962,-2.16621,53.46909,"Gorton Rail Station, Manchester M11, UK"
1192,1409,-0.1512685,51.55539,"Gospel Oak, Camden Town, Greater London NW5, UK"
1193,0289,-1.12907,50.794662,"Gosport, Hampshire, UK"
1194,9669,-4.816647,55.962296,"Station Rd, Greenock, Inverclyde PA19 1, UK"
1195,9635,-4.81665,55.9623,"Gourock Rail Station, Greenock, Inverclyde PA19, UK"
1196,4131,-4.03597,51.64872,"Gowerton Rail Station, Gowerton, Swansea SA4 3, UK"
1197,6206,-0.33713,53.67672,"Goxhill Rail Station, Goxhill, North Lincolnshire DN19 7, UK"
1198,0587,0.092161,51.613346,"191 Manor Rd, Ilford, Greater London IG7 4, UK"
1199,1965,-2.90275,54.19573,"Grange-over-Sands Rail Station, Grange-over-Sands, Cumbria LA11, UK"
1200,6029,-0.09735,51.64262,"Grange Park Rail Station, Enfield, Greater London N21, UK"
1201,3839,-3.18973,51.46761,"Grangetown (Cardiff) Rail Station, Grangetown, Cardiff CF11 6, UK"
1202,6469,-0.64245,52.90649,"Grantham Rail Station, Grantham, Lincolnshire NG31 6, UK"
1203,0290,0,0,""
1204,5514,-1.62078,51.17006,"Grateley Rail Station, Palestine, Grately, Hampshire SP11, UK"
1205,1132,-1.85259,52.51501,"Gravelly Hill Rail Station, Birmingham B23, UK"
1206,5172,0.36665,51.44135,"Gravesend Rail Station, Gravesend, Kent DA11 0, UK"
1207,7443,0.32183,51.47625,"Grays Rail Station, Thurrock RM17, UK"
1208,7922,-1.11636,54.48932,"Great Ayton Rail Station, Little Ayton, North Yorkshire TS9, UK"
1209,6855,1.06516,51.85177,"Great Bentley Rail Station, Great Bentley, Essex CO7, UK"
1210,7032,0.19352,52.05982,"Great Chesterford Rail Station, Great Chesterford, Essex CB10, UK"
1211,6275,-0.13023,53.57577,"Great Coates Rail Station, North East Lincolnshire DN37, UK"
1212,4892,-2.31828,52.10921,"Great Malvern Rail Station, Great Malvern, Worcestershire WR14, UK"
1213,1463,-0.70914,51.70352,"Great Missenden Rail Station, Great Missenden, Buckinghamshire HP16 9, UK"
1214,0588,-0.14396,51.523712,"229 Great Portland St, Paddington, Greater London W1W 5, UK"
1215,7328,1.72091,52.61218,"Great Yarmouth Rail Station, Great Yarmouth, Norfolk NR30, UK"
1216,2218,-3.01642,53.38327,"Green Lane Rail Station, Birkenhead, Wirral CH41 9, UK"
1217,0590,-0.142667,51.50668,"Green Park, Piccadilly, Westminster, London W1J 7, UK"
1218,1996,-3.24558,54.24453,"Green Road Rail Station, Millom Without, Cumbria LA18 5, UK"
1219,2325,-2.53427,53.25148,"Greenbank Rail Station, Northwich, Cheshire West and Chester CW8 4, UK"
1220,9725,-3.99308,55.93522,"Greenfaulds Rail Station, Cumbernauld, North Lanarkshire G67 2, UK"
1221,2900,-2.01384,53.53887,"Greenfield Rail Station, Saddleworth, Oldham OL3 7, UK"
1222,3136,-0.345517,51.5423,"5 W Green Pl, Southall, Greater London UB6 8, UK"
1223,5138,0.28031,51.45037,"Greenhithe for Bluewater Rail Station, Swanscombe, Kent DA9 9, UK"
1224,9681,-4.75262,55.94533,"Greenock Central Rail Station, Greenock, Inverclyde PA15 1, UK"
1225,9682,-4.76782,55.94733,"Greenock West Rail Station, Greenock, Inverclyde PA16 8, UK"
1226,5146,0.12141,51.49107,"Abbey Wood (London) Rail Station, Eltham, Greater London SE2 9, UK"
1227,9610,-3.06459,55.00191,"Gretna Green Rail Station, Gretna, Dumfries and Galloway CA6, UK"
1228,M640,-6.061052,53.14381,"Church Rd, Greystones, Co. Wicklow, Ireland"
1229,6276,-0.07562,53.57434,"Grimsby Docks Rail Station, North East Lincolnshire DN31 3, UK"
1230,6280,-0.08698,53.56345,"Grimsby Town Rail Station, North East Lincolnshire DN32, UK"
1231,2825,-1.6263,53.30558,"Grindleford Rail Station, The Peak District, Grindleford, Derbyshire S32 2, UK"
1232,8155,-0.72496,54.43612,"Grosmont Rail Station, North York Moors National Park, Grosmont, North Yorkshire YO22 5, UK"
1233,5139,0.02173,51.43087,"Grove Park Rail Station, Lewisham, Greater London BR1, UK"
1234,5972,-2.529023,49.45728,"New Jetty, St Peter Port, Guernsey GY1 2, UK"
1235,2955,-2.11371,53.47465,"Guide Bridge Rail Station, Ashton-under-Lyne, Tameside M34, UK"
1236,5631,-0.58042,51.23697,"Guildford Rail Station, Guildford, Surrey GU1 4, UK"
1237,8567,-1.71508,53.87595,"Guiseley Rail Station, Guiseley, Leeds LS20, UK"
1238,5588,-0.28891,51.48859,"Gunnersbury, Kew Bridge National Rail Stn (Stop T), Hounslow, Greater London TW8, UK"
1239,3563,-4.21945,50.51607,"Gunnislake Rail Station, Drakewalls, Calstock, Cornwall PL18 9, UK"
1240,7299,1.34913,52.86638,"Gunton Rail Station, Thorpe Market, Norfolk NR11 8, UK"
1241,4300,-3.0179,53.07259,"Gwersyllt Rail Station, Gwersyllt, Wrexham LL11, UK"
1242,7930,-1.17939,54.53289,"Gypsy Lane Rail Station, Redcar, Redcar and Cleveland TS7 0, UK"
1243,6281,-0.26946,53.6061,"Habrough Rail Station, Habrough, North East Lincolnshire DN40 3, UK"
1244,5364,-0.1539,51.37787,"Hackbridge Rail Station, Sutton, Greater London SM6, UK"
1245,6977,-0.0568803,51.54712,"Hackney Central, Hackney, Greater London E8, UK"
1246,6867,-0.06081,51.54876,"Hackney Downs Rail Station, Hackney, Greater London E8 1, UK"
1247,6978,-0.02491,51.54342,"Hackney Wick, Poplar, Greater London E9, UK"
1248,3053,-0.94214,51.77086,"Haddenham & Thame Parkway Rail Station, Haddenham, Buckinghamshire HP17 8, UK"
1249,7300,1.62302,52.52881,"Haddiscoe Rail Station, The Broads, Haddiscoe, Norfolk NR31, UK"
1250,2896,-1.96533,53.46076,"Hadfield Rail Station, Glossop, Derbyshire SK13 2, UK"
1251,6075,-0.17617,51.6685,"Hadley Wood Rail Station, Enfield, Greater London EN4 0, UK"
1252,2585,-2.49483,53.53387,"Hag Fold Rail Station, Pemberton, Wigan M46 9, UK"
1253,4577,-2.14701,52.42241,"Hagley Rail Station, Hagley, Worcestershire DY9 0, UK"
1254,0592,0.093116,51.60371,"New North Rd, Ilford, Greater London IG6 2, UK"
1255,9810,-4.22,55.76196,"Hairmyres Rail Station, East Kilbride, South Lanarkshire G74, UK"
1256,2845,-2.34736,53.37874,"Hale Rail Station, Trafford WA15, UK"
1257,7266,1.50568,52.34683,"Halesworth Rail Station, Halesworth, Suffolk IP19 8, UK"
1258,2295,-2.83014,53.3645,"Halewood Rail Station, Halewood, Knowsley L26 0, UK"
1259,8411,-1.85358,53.72098,"Halifax Rail Station, Halifax, Calderdale HX3, UK"
1260,4521,-1.84565,52.43692,"Hall Green Rail Station, Birmingham B28, UK"
1261,2572,-2.41311,53.59744,"Hall i' th' Wood Rail Station, Bolton BL2 3, UK"
1262,2229,-3.04964,53.4975,"Hall Road Rail Station, Seaforth, Southport, Sefton L23 6, UK"
1263,5173,0.44494,51.35248,"Halling Rail Station, Halling, Medway ME2, UK"
1264,7568,-2.46356,54.96785,"Haltwhistle Rail Station, Haltwhistle, Northumberland NE49 9, UK"
1265,5037,0.85452,51.06838,"Ham Street Rail Station, Hamstreet, Orlestone, Kent TN26 2, UK"
1266,5947,-1.32917,50.87136,"Hamble Rail Station, Hound, Hampshire SO31 4, UK"
1267,9726,-4.03887,55.77318,"Hamilton Central Rail Station, Hamilton, South Lanarkshire ML3 6, UK"
1268,9727,-4.05416,55.77895,"Hamilton West Rail Station, Hamilton, South Lanarkshire ML3, UK"
1269,0593,-0.222945,51.491886,"Butterwick, Hammersmith, Greater London W6 8, UK"
1270,0773,-0.225027,51.494263,"210-242 Shepherd's Bush Rd, Hammersmith, Greater London W6 7, UK"
1271,8241,-1.28303,53.99611,"Hammerton Rail Station, Kirk Hammerton, North Yorkshire YO26 8, UK"
1272,5450,0.27937,50.7964,"Hampden Park (Sussex) Rail Station, Eastbourne, East Sussex BN22 9, UK"
1273,1413,-0.1657,51.55522,"Hampstead Heath, Camden Town, Greater London NW3 2, UK"
1274,0594,-0.178217,51.556683,"50 Hampstead High St, Camden Town, Greater London NW3 6, UK"
1275,5560,-0.37211,51.41594,"Hampton (London) Rail Station, Richmond, Greater London TW12 2, UK"
1276,5561,-0.34275,51.40256,"Hampton Court Rail Station, Esher, Surrey KT8, UK"
1277,1033,-1.69994,52.42905,"Hampton-in-Arden Rail Station, Hampton in Arden, Solihull B92, UK"
1278,5589,-0.31249,51.41453,"Hampton Wick Rail Station, Richmond, Greater London KT1, UK"
1279,1145,-1.92898,52.53108,"Hamstead (Birmingham) Rail Station, Birmingham B42 1, UK"
1280,5940,-2.01937,50.72518,"Hamworthy Rail Station, Hamworthy, Poole BH15, UK"
1281,3007,-1.37353,51.82517,"Hanborough Rail Station, Long Hanborough, Hanborough, Oxfordshire OX29 8, UK"
1282,2767,-2.21326,53.34642,"Handforth Rail Station, Wilmslow, Cheshire East SK9, UK"
1283,0595,-0.293562,51.530277,"Western Ave, Ealing, Greater London W5 1, UK"
1284,9857,-2.173233,53.02416,"3-29 Charles St, Stoke-on-Trent ST1 3, UK"
1285,3191,-0.33859,51.51184,"Hanwell Rail Station, Ealing, Greater London W7 3, UK"
1286,2557,-2.31691,53.78163,"Hapton Rail Station, Hapton, Lancashire BB11 5, UK"
1287,G405,-2.292087,53.47404,"140 The Quays, Salford M50 3, UK"
1288,4458,-4.1092,52.86134,"Harlech Rail Station, Snowdonia National Park, Harlech, Gwynedd LL46 2, UK"
1289,0596,-0.257868,51.536346,"Acton Ln, Brent, Greater London NW10 7, UK"
1290,1521,-0.258233,51.53657,"Acton Ln, Brent, Greater London NW10 7, UK"
1291,7374,0.90915,52.45371,"Harling Road Rail Station, Roudham, Norfolk NR16 2, UK"
1292,1533,-0.49568,51.96207,"Harlington (Beds) Rail Station, Harlington, Central Bedfordshire LU5 6, UK"
1293,6804,0.13232,51.79037,"Harlow Mill Rail Station, Harlow, Essex CM20 2, UK"
1294,6827,0.09514,51.78107,"Harlow Town Rail Station, Harlow, Essex CM20 2, UK"
1295,6879,0.23314,51.59277,"Harold Wood Rail Station, Romford, Greater London RM3 0, UK"
1296,1543,-0.35148,51.81465,"Harpenden Rail Station, Harpenden, Hertfordshire AL5, UK"
1297,5140,0.67241,51.24483,"Harrietsham Rail Station, Harrietsham, Kent ME17, UK"
1298,7401,-0.098256,51.57721,"Harringay Green Lines, Tottenham, Greater London N4, UK"
1299,6012,-0.10513,51.57736,"Harringay Rail Station, Tottenham, Greater London N4, UK"
1300,2027,-3.56551,54.61349,"Harrington Rail Station, Workington, Cumbria CA14, UK"
1301,8213,-1.53762,53.99319,"Harrogate Rail Station, Harrogate, North Yorkshire HG3, UK"
1302,1397,-0.33452,51.591713,"7-8 Sandridge Close, Harrow, Greater London HA1 1, UK"
1303,0598,-0.3358,51.55847,"Sudbury Hill Harrow Rail Station, Harrow, Greater London HA1, UK"
1304,2230,-2.55363,53.24177,"Hartford Rail Station, Hartford, Cheshire West and Chester CW8 1, UK"
1305,4579,-2.22069,52.33446,"Hartlebury Rail Station, Hartlebury, Worcestershire DY10 4, UK"
1306,8009,-1.20731,54.68676,"Hartlepool Rail Station, Hartlepool TS24, UK"
1307,9246,-3.83932,55.81147,"Hartwood Rail Station, Hartwood, North Lanarkshire ML7 4, UK"
1308,6902,1.25514,51.9473,"Harwich International Rail Station, Ramsey, Essex CO12, UK"
1309,6905,1.2867,51.94416,"Harwich Town Rail Station, Harwich, Essex CO12 3, UK"
1310,5633,-0.71937,51.08884,"Haslemere Rail Station, Haslemere, Surrey GU27 1, UK"
1311,5489,-0.14595,50.92461,"Hassocks Rail Station, Keymer, West Sussex BN6, UK"
1312,5219,0.57675,50.85789,"Hastings Rail Station, Hastings, East Sussex TN34, UK"
1313,1398,-0.3686,51.60942,"Hatch End, Harrow, Greater London HA5 4, UK"
1314,6528,-1.02337,53.58874,"Hatfield & Stainforth Rail Station, Stainforth, Doncaster DN7, UK"
1315,6070,-0.21559,51.76388,"Hatfield (Herts) Rail Station, Hatfield, Hertfordshire AL9 5, UK"
1316,6845,0.59214,51.77988,"Hatfield Peverel Rail Station, Hatfield Peverel, Essex CM3, UK"
1317,2826,-1.65119,53.32579,"Hathersage Rail Station, The Peak District, Hathersage, Derbyshire S32 1, UK"
1318,2604,-2.04031,53.4453,"Hattersley Rail Station, Mottram in Longdendale, Tameside SK14 3, UK"
1319,0779,-0.423392,51.466602,"Great South West Rd, London Heathrow Airport (LHR), Hounslow, Greater London TW6 3, UK"
1320,4594,-1.672974,52.295288,"Hatton (Warks) Rail Station, Warwickshire CV35, UK"
1321,5532,-0.98161,50.85441,"Havant Rail Station, Havant, Hampshire PO9 2, UK"
1322,6260,0.27318,53.11449,"Havenhouse Rail Station, Croft, Lincolnshire PE24 4, UK"
1323,4079,-4.96023,51.80264,"Haverfordwest Rail Station, Uzmaston, Pembrokeshire SA62, UK"
1324,2146,-3.03273,53.21809,"Hawarden Bridge Rail Station, Sealand, Flintshire CH5, UK"
1325,2428,-3.03209,53.18537,"Hawarden Rail Station, Hawarden, Flintshire CH5, UK"
1326,9634,-4.39885,55.84218,"Hawkhead Rail Station, Paisley, Renfrewshire PA2, UK"
1327,0339,-1.94857,53.83122,"Haworth, Train Station Car Park (N-bound: unmarked), Queensbury, Bradford BD22, UK"
1328,7569,-2.24759,54.97518,"Haydon Bridge Rail Station, Haydon, Northumberland NE47, UK"
1329,5289,-0.18881,51.42545,"Haydons Road Rail Station, Merton, Greater London SW19, UK"
1330,3186,-0.42067,51.5031,"Hayes & Harlington Rail Station, Hillingdon, Greater London UB3 4, UK"
1331,5050,0.01056,51.37633,"Hayes (Kent) Rail Station, Bromley, Greater London BR2, UK"
1332,3513,-5.41953,50.18624,"Hayle Rail Station, Hayle, Cornwall TR27, UK"
1333,9419,-3.21844,55.9458,"Haymarket Rail Station, Edinburgh, City of Edinburgh EH12 5, UK"
1334,5490,-0.10531,51.00525,"Haywards Heath Rail Station, Haywards Heath, West Sussex RH16, UK"
1335,2768,-2.12202,53.37756,"Hazel Grove Rail Station, Stockport SK7 4, UK"
1336,5220,0.62749,51.16572,"Headcorn Rail Station, Headcorn, Kent TN27, UK"
1337,8498,-1.59418,53.81798,"Headingley Rail Station, Leeds LS5 3, UK"
1338,1434,-0.35722,51.60265,"Headstone Lane, Harrow, Greater London HA2, UK"
1339,2860,-2.23667,53.36943,"Heald Green Rail Station, Cheadle, Stockport M22, UK"
1340,6283,-0.16063,53.58182,"Healing Rail Station, Healing, North East Lincolnshire DN41 7, UK"
1341,3845,-3.18155,51.51643,"Heath High Level Rail Station, Cyncoed, Cardiff CF23, UK"
1342,3908,-3.18198,51.51566,"Heath Low Level Rail Station, Heath, Cardiff CF23 5, UK"
1343,3181,-0.451866,51.472553,"Heathrow Airport, Heathrow Terminal 1, United Kingdom"
1344,3179,0,0,""
1345,3180,0,0,""
1346,3182,-0.446684,51.459316,"Heathrow Airport Terminal 4, Heathrow Airport Terminal 4, United Kingdom"
1347,3234,-0.489535,51.471607,"Heathrow Terminal 5, Wayfarer Rd, Hounslow, Middlesex TW6 2GW, United Kingdom"
1348,7091,-0.44545,51.45827,"Heathrow Airport Terminal 4 Rail Station, London Heathrow Airport (LHR), Hillingdon, Greater London TW6, UK"
1349,9846,-0.49058,51.47006,"Heathrow Airport Terminal 5 Rail Station, London Heathrow Airport (LHR), Hillingdon, Greater London TW6 2, UK"
1350,7090,-0.45432,51.47141,"Inner Ring W, London Heathrow Airport (LHR), Hillingdon, Greater London TW6 1, UK"
1351,0782,-0.452982,51.47118,"Control Tower Rd, London Heathrow Airport (LHR), Hillingdon, Greater London TW6 1, UK"
1352,9869,-0.45383,51.47096,"Hilton London Heathrow Airport hotel (LHR), London Heathrow Airport, Hounslow, Middlesex TW6 1DJ, UK"
1353,2861,-2.17904,53.42558,"Heaton Chapel Rail Station, Stockport SK4, UK"
1354,8524,-2.00907,53.7376,"Hebden Bridge Rail Station, Hebden Royd, Calderdale HX7, UK"
1355,6220,-0.29394,52.97734,"Heckington Rail Station, Heckington, Lincolnshire NG34 9, UK"
1356,5893,-1.29451,50.93231,"Hedge End Rail Station, Hedge End, Hampshire SO30 2, UK"
1357,1148,-2.00178,52.71013,"Hednesford Rail Station, Cannock, Staffordshire WS12, UK"
1358,7887,-1.58177,54.59697,"Heighington Rail Station, Great Aycliffe, County Durham DL5, UK"
1359,9981,-4.73275,56.00419,"Helensburgh Central Rail Station, Helensburgh, Argyll and Bute G84, UK"
1360,9982,-4.729,56.0123,"Upper Rail Station, Helensburgh, Argyll and Bute G84, UK"
1361,2656,-2.22784,54.01087,"Hellifield Rail Station, Hellifield, North Yorkshire BD23, UK"
1362,8647,-3.65869,58.11742,"Helmsdale Rail Station, Highland KW8 6, UK"
1363,2149,-2.77121,53.27522,"Helsby Rail Station, Helsby, Cheshire West and Chester WA6 0, UK"
1364,H545,-5.2722692,50.10737,"Helston, Cornwall, UK"
1365,1391,-0.49076,51.74234,"Hemel Hempstead Rail Station, Hemel Hempstead, Hertfordshire HP1, UK"
1366,0601,-0.226577,51.58334,"Watford Way, Barnet, Greater London NW4 3, UK"
1367,1522,-0.23867,51.58007,"Hendon Rail Station, Barnet, Greater London NW9, UK"
1368,4028,-3.22414,51.64741,"Hengoed Rail Station, Gelligaer, Caerphilly CF82 7, UK"
1369,4524,-1.784,52.2915,"Henley-in-Arden Rail Station, Henley-in-Arden, Warwickshire B95, UK"
1370,3146,-0.90022,51.53418,"Henley-on-Thames Rail Station, Henley-on-Thames, Oxfordshire RG9 1, UK"
1371,8129,-1.11452,53.69856,"Hensall Rail Station, Hensall, North Yorkshire DN14, UK"
1372,3607,-2.70822,52.06117,"Hereford Rail Station, Hereford, County of Herefordshire HR1 1, UK"
1373,5174,1.11774,51.36459,"Herne Bay Rail Station, Herne Bay, Kent CT6 8, UK"
1374,5066,-0.10228,51.45331,"Herne Hill Rail Station, Lambeth, Greater London SE24 0, UK"
1375,5590,-0.38995,51.37681,"Hersham Rail Station, West Molesey, Surrey KT12, UK"
1376,6818,-0.07293,51.79904,"Hertford East Rail Station, Hertford, Hertfordshire SG13, UK"
1377,6085,-0.09178,51.79886,"Hertford North Rail Station, Hertford, Hertfordshire SG13, UK"
1378,8067,-0.44182,53.71745,"Hessle Rail Station, Hessle, East Riding of Yorkshire HU13 0, UK"
1379,2138,-3.07371,53.32973,"Heswall Rail Station, Heswall, Wirral CH60 1, UK"
1380,7884,0.095079,51.181408,"Lydens Ln, Hever, Kent TN8 7, UK"
1381,5417,0.09508,51.18141,"Hever Rail Station, Hever, Kent TN8, UK"
1382,9140,-1.55508,54.951595,"Heworth Rail Station, Gateshead NE10 0, UK"
1383,7766,-1.55577,54.95157,"Heworth Rail Station, Gateshead NE10 0, UK"
1384,7506,-2.0948,54.97346,"Hexham Rail Station, Hexham, Northumberland NE46 1, UK"
1385,3194,-1.29927,51.9192,"Heyford Rail Station, Lower Heyford, Oxfordshire OX25 5, UK"
1386,2691,-2.91312,54.03315,"Heysham Port Rail Station, Lancaster, Lancashire LA3, UK"
1387,0602,-0.194761,51.650593,"Barnet Hill, Barnet, Greater London EN5 5, UK"
1388,5235,0.27735,51.1494,"High Brooms Rail Station, Southborough, Kent TN4, UK"
1389,9909,-4.24011,55.85955,"High Street (Glasgow) Rail Station, Glasgow, Glasgow City G4, UK"
1390,0605,-72.7871,41.64729,"High St, Berlin, CT 06037, USA"
1391,3054,-0.74541,51.62959,"High Wycombe Rail Station, High Wycombe, Buckinghamshire HP13, UK"
1392,5202,0.46628,51.42656,"Higham Rail Station, Higham, Kent ME3 7, UK"
1393,6919,-0.00021,51.60836,"Highams Park Rail Station, Walthamstow, Greater London E4, UK"
1394,3314,-2.97217,51.21815,"Highbridge & Burnham-on-Sea Rail Station, Burnham-on-Sea, Somerset TA9, UK"
1395,0603,-0.104311,51.546062,"Islington, Greater London N7, UK"
1396,6009,-0.12292,51.53089,"London Kings Cross Rail Station, Camden Town, Greater London N1, UK"
1397,0604,-0.146631,51.577595,"312-414 Archway Rd, Tottenham, Greater London N6 5, UK"
1398,2356,-3.05708,53.52512,"Hightown Rail Station, Hightown, Southport, Sefton L38, UK"
1399,5236,0.2276,51.21448,"Hildenborough Rail Station, Hildenborough, Kent TN11 8, UK"
1400,9983,-4.32027,55.92008,"Hillfoot Rail Station, Milngavie, East Dunbartonshire G61 2, UK"
1401,0606,-0.449903,51.553715,"Western Ave, Hillingdon, Greater London UB10 9, UK"
1402,9676,-4.35472,55.85471,"Hillington East Rail Station, Glasgow, Glasgow City G52 4, UK"
1403,9630,-4.37158,55.85601,"Hillington West Rail Station, Renfrewshire G52, UK"
1404,2231,-3.02472,53.62212,"Hillside Rail Station, Southport, Sefton PR8, UK"
1405,5539,-1.05879,50.82826,"Hilsea Rail Station, Portsmouth PO3 5, UK"
1406,5591,-0.34053,51.375,"Hinchley Wood Rail Station, Esher, Surrey KT10, UK"
1407,1870,-1.3738678,52.54111,"Hinckley, Leicestershire, UK"
1408,2398,-2.5755,53.54225,"Hindley Rail Station, Pemberton, Wigan WN2, UK"
1409,5880,-1.71413,50.75263,"Hinton Admiral Rail Station, Bransgore, Hampshire BH23, UK"
1410,6086,-0.26348,51.95329,"Hitchin Rail Station, Hitchin, Hertfordshire SG4, UK"
1411,5107,-0.00094,51.45203,"Hither Green Rail Station, Lewisham, Greater London SE13 6, UK"
1412,6880,0.65901,51.60356,"Hockley Rail Station, Hockley, Essex CM3, UK"
1413,0808,4.119325,51.981884,"Hoek van Holland Strand, 3151 Hook of Holland, The Netherlands"
1414,0607,-0.12,51.517437,"90-94 Kingsway, Camden Town, Greater London WC2B 6, UK"
1415,0608,-0.205731,51.50733,"Lansdowne Rd, Kensington, Greater London W11 3, UK"
1416,5141,0.62786,51.26517,"Hollingbourne Rail Station, Hollingbourne, Kent ME17 1, UK"
1417,2901,-2.14668,53.52014,"Hollinwood Rail Station (closed), Oldham OL9 7, UK"
1418,0609,-0.112926,51.55274,"291 Holloway Rd, Islington, Greater London N7 6, UK"
1419,1221,-2.35115,53.19895,"Holmes Chapel Rail Station, Holmes Chapel, Cheshire East CW4, UK"
1420,5308,-0.3208,51.18119,"Holmwood Rail Station, Holmwood, Surrey RH5 4, UK"
1421,H021,0,0,""
1422,5941,-2.07786,50.71139,"Holton Heath Rail Station, Wareham Lady Saint Mary, Dorset BH16 6, UK"
1423,2437,-4.63101,53.3077,"Holyhead Rail Station, Holyhead, Isle of Anglesey LL65 1, UK"
1424,9738,-3.97391,55.81289,"Holytown Rail Station, Motherwell, North Lanarkshire ML1, UK"
1425,6979,-0.0428805,51.54713,"Homerton, Hackney, Greater London E9, UK"
1426,4794,-1.83498,52.10143,"Honeybourne Rail Station, Honeybourne, Worcestershire WR11 7, UK"
1427,5717,-3.18675,50.79657,"Honiton Rail Station, Honiton, Devon EX14, UK"
1428,8436,-1.78097,53.60824,"Honley Rail Station, Holme, Kirklees HD9, UK"
1429,5418,-0.0457194,51.449825,"Honor Oak Park, Lewisham, Greater London SE23, UK"
1430,5523,-0.96164,51.28,"Hook Rail Station, Hook, Hampshire RG27, UK"
1431,2193,-2.97702,53.29722,"Hooton Rail Station, Ellesmere Port, Cheshire West and Chester CH66 6, UK"
1432,2432,-3.03689,53.11738,"Hope (Flintshire) Rail Station, Hope, Flintshire LL12, UK"
1433,2828,-1.72854,53.34594,"Hope (Derbyshire) Rail Station, The Peak District, Hope, Derbyshire S33 6, UK"
1434,4189,-2.91192,52.39138,"Hopton Heath Rail Station, Clungunford, Shropshire SY7 0, UK"
1435,5365,-0.16105,51.16877,"Horley Rail Station, Horley, Surrey RH6, UK"
1436,8212,-1.52683,53.97988,"Hornbeam Park Rail Station, Harrogate, North Yorkshire HG3, UK"
1437,0610,0.21904,51.553986,"Station Ln, Romford, Greater London RM12 6, UK"
1438,6015,-0.11197,51.58647,"Hornsey Rail Station, Tottenham, Greater London N8, UK"
1439,8499,-1.63022,53.84772,"Horsforth Rail Station, Leeds LS18, UK"
1440,5309,-0.31926,51.06606,"Horsham Rail Station, Horsham, West Sussex RH13, UK"
1441,5562,-0.4354,51.27935,"Horsley Rail Station, East Horsley, Surrey KT24, UK"
1442,2105,-2.30203,54.1494,"Horton-in-Ribblesdale Rail Station, Yorkshire Dales, Horton in Ribblesdale, North Yorkshire BD24, UK"
1443,8720,-2.53967,53.57812,"Horwich Parkway Rail Station, Bolton BL6 6, UK"
1444,2399,-2.80442,53.59778,"Hoscar Rail Station, Lathom, Lancashire L40, UK"
1445,2303,-2.77507,53.37241,"Hough Green Rail Station, Runcorn, Halton WA8 7, UK"
1446,0611,-0.366481,51.471336,"41 Concorde Close, Hounslow, Greater London TW3 4, UK"
1447,0612,-0.355285,51.473778,"Stirling Grove, Hounslow, Greater London TW3 1, UK"
1448,0613,-0.385755,51.4731,"333 Cavendish Parade, Hounslow, Greater London TW3 3, UK"
1449,5563,-0.36228,51.46195,"Hounslow Rail Station, Hounslow, Greater London TW3, UK"
1450,5273,-0.17069,50.83521,"Hove Rail Station, Hove, Brighton and Hove BN3, UK"
1451,7327,1.40801,52.7156,"Hoveton & Wroxham Rail Station, Hoveton, Norfolk NR12, UK"
1452,1563,-0.34467,51.71774,"How Wood (Herts) Rail Station, Saint Stephen, Hertfordshire AL2, UK"
1453,8071,-0.86047,53.76473,"Howden Rail Station, Howden, East Riding of Yorkshire DN14, UK"
1454,1734,-4.56304,55.81055,"Howwood (Renfrewshire) Rail Station, Howwood, Renfrewshire PA9, UK"
1455,2194,-3.17884,53.39023,"Hoylake Rail Station, Hoylake, Wirral CH47, UK"
1456,6221,-0.11053,52.97538,"Hubberts Bridge Rail Station, Frampton, Lincolnshire PE20, UK"
1457,1862,-1.19581,53.03831,"Hucknall Rail Station, Hucknall, Sutton in Ashfield, Nottinghamshire NG15, UK"
1458,8437,-1.78469,53.64852,"Huddersfield Rail Station, Huddersfield, Kirklees HD1, UK"
1459,0340,-0.347625,53.744556,"Collier St, Hull, City of Kingston-upon-Hull HU1 3, UK"
1460,8126,-0.34568,53.74417,"Hull Rail Station, Hull, City of Kingston-upon-Hull HU1 3, UK"
1461,2937,-2.32754,53.45225,"Humphrey Park Rail Station, Urmston, Trafford M32 9, UK"
1462,2558,-2.34756,53.77179,"Huncoat Rail Station, Accrington, Lancashire BB5, UK"
1463,3072,-1.51229,51.41491,"Hungerford Rail Station, Hungerford, West Berkshire RG17 0, UK"
1464,8098,-0.31477,54.1743,"Hunmanby Rail Station, Hunmanby, North Yorkshire YO14, UK"
1465,H616,0.488564,52.93852,"2-36 Westgate, Hunstanton, Norfolk PE36 5, UK"
1466,6108,-0.19206,52.32866,"Huntingdon Rail Station, Huntingdon, Cambridgeshire PE29, UK"
1467,8921,-2.77574,57.44448,"Huntly Rail Station, Aberdeenshire AB54, UK"
1468,2235,-2.85586,53.36073,"Hunts Cross Rail Station, Garston, Liverpool L25, UK"
1469,3941,0,0,""
1470,5463,0.00395,51.24443,"Hurst Green Rail Station, Oxted, Surrey RH8, UK"
1471,8099,-0.43385,53.95587,"Hutton Cranswick Rail Station, Hutton Cranswick, East Riding of Yorkshire YO25 9, UK"
1472,2160,-2.84299,53.40969,"Huyton Rail Station, Huyton-with-Roby, Hyton, Knowsley L36, UK"
1473,2829,-2.08525,53.4519,"Hyde Central Rail Station, Ashton-under-Lyne, Tameside SK14, UK"
1474,2959,-2.08545,53.46482,"Hyde North Rail Station, Ashton-under-Lyne, Tameside SK16, UK"
1475,0614,-0.152749,51.502758,"Westminster, London SW1, UK"
1476,6310,-0.6002,53.19503,"Hykeham Rail Station, Hykeham, Lincolnshire LN6 9, UK"
1477,9845,-4.31466,55.87974,"Hyndland Rail Station, Glasgow, Glasgow City G12 9, UK"
1478,6851,0.92754,51.88565,"Hythe (Essex) Rail Station, Colchester, Essex CO2, UK"
1479,9618,-4.82723,55.92944,""
1480,0615,-0.442017,51.561974,"80 Glebe Ave, Hillingdon, Greater London UB10 8, UK"
1481,5495,-0.21477,51.11562,"Ifield Rail Station, Crawley, West Sussex RH11, UK"
1482,6881,0.06969,51.55912,"Ilford Rail Station, Ilford, Greater London IG1, UK"
1483,8568,-1.82203,53.92478,"Ilkley Rail Station, Ilkley, Bradford LS29 8, UK"
1484,3585,-2.9152782,50.928497,"Ilminster, Somerset TA19, UK"
1485,2122,-2.81653,53.27662,"Ince & Elton Rail Station, Elton, Cheshire West and Chester CH2, UK"
1486,2236,-2.61152,53.53893,"Ince (Manchester) Rail Station, Pemberton, Wigan WN2, UK"
1487,6882,0.38425,51.66705,"Ingatestone Rail Station, Ingatestone, Essex CM4 0, UK"
1488,8922,-2.61711,57.33749,"Insch Rail Station, Aberdeenshire AB52, UK"
1489,8648,-4.17485,57.689,"Invergordon Rail Station, Invergordon, Highland IV18, UK"
1490,8778,-3.0574,56.45646,"Invergowrie Rail Station, Perth and Kinross DD2 5, UK"
1491,9136,-3.39619,56.03467,"Inverkeithing Rail Station, Inverkeithing, Fife KY11, UK"
1492,9646,-4.87258,55.90609,"Inverkip Rail Station, Inverkip, Inverclyde PA16 0, UK"
1493,8649,-4.22337,57.47986,"Inverness Rail Station, Inverness, Highland IV2, UK"
1494,8614,-4.39949,57.92485,"Invershin Rail Station, Highland IV27 4, UK"
1495,8924,-2.37355,57.28626,"Inverurie Rail Station, Inverurie, Aberdeenshire AB51, UK"
1496,7217,1.14444,52.05061,"Ipswich Rail Station, Ipswich, Suffolk IP2 8, UK"
1497,2817,-2.43324,53.43433,"Irlam Rail Station, Salford M44 5, UK"
1498,9508,-4.67514,55.61086,"Irvine Rail Station, Irvine, North Ayrshire KA12 8, UK"
1499,5592,-0.33691,51.47477,"Isleworth Rail Station, Hounslow, Greater London TW7, UK"
1500,3110,-1.23818,51.82576,"Islip Rail Station, Islip, Oxfordshire OX5, UK"
1501,3170,-0.50672,51.50851,"Iver Rail Station, Richings Park, Buckinghamshire SL0, UK"
1502,3555,-3.90424,50.3934,"Ivybridge Rail Station, Ugborough, Devon PL21, UK"
1503,2244,-2.99196,53.40477,"Liverpool James Street Rail Station, Liverpool L70, UK"
1504,0291,-1.493304,54.979473,"Grant St, South Tyneside NE32 5, UK"
1505,5971,-74.46736,40.476913,"Jersey Ave., New Brunswick, NJ 08901, USA"
1506,1097,-1.91321,52.48944,"Jewellery Quarter Rail Station, Birmingham B18, UK"
1507,4081,-4.99636,51.75675,"Johnston (Pembrokeshire) Rail Station, Johnston, Pembrokeshire SA62 3, UK"
1508,9648,-4.50362,55.83469,"Thorn Brae, Johnstone, Renfrewshire PA5 8, UK"
1509,9995,-4.326,55.88222,"Jordanhill Rail Station, Glasgow, Glasgow City G11 7, UK"
1510,2605,-2.37512,53.54415,"127 Station Rd, Bolton BL4 8, UK"
1511,5038,1.27207,51.14938,"Kearsney Rail Station, Temple Ewell, Kent CT17, UK"
1512,8468,-1.90165,53.86798,"Keighley Rail Station, Queensbury, Keighley, Bradford BD21 4, UK"
1513,8925,-2.95408,57.55089,"Keith Rail Station, Keith, Moray AB55 5, UK"
1514,0292,0,0,""
1515,6838,0.7024,51.84071,"Kelvedon Rail Station, Kelvedon, Essex CO5, UK"
1516,1655,-4.30981,55.89358,"Kelvindale Rail Station, Glasgow, Glasgow City G20 0, UK"
1517,3325,-2.02282,51.677,"Kemble Rail Station, Kemble, Gloucestershire GL7 6, UK"
1518,1384,-0.50392,52.09223,"Kempston Hardwick Rail Station, Stewartby, Bedford Borough MK43 9, UK"
1519,5678,-0.40974,51.42099,"Park Rd, Staines, Surrey TW16 5, UK"
1520,5079,0.24744,51.29718,"Kemsing Rail Station, Kemsing, Kent TN15, UK"
1521,5205,0.73537,51.36244,"Kemsley Rail Station, Sittingbourne, Kent ME10, UK"
1522,1976,-2.73964,54.33211,"Kendal Rail Station, Kendal, Cumbria LA9 6, UK"
1523,5419,-0.10092,51.32478,"Kenley Rail Station, Croydon, Greater London CR8, UK"
1524,7011,0.49048,52.27728,"Kennett Rail Station, Kennett, Cambridgeshire IP28, UK"
1525,0616,-0.105666,51.48825,"2 Braganza St, Camberwell, Greater London SE11 4, UK"
1526,9816,-4.32507,55.81304,"Kennishead Rail Station, Glasgow, Glasgow City G46, UK"
1527,1447,-0.21996,51.53456,"Kensal Rise, Brent, Greater London NW10, UK"
1528,1448,-0.21996,51.53456,"Kensal Rise, Brent, Greater London NW10 3, UK"
1529,3092,-0.210328,51.49781,"Hammersmith, Greater London W14 0, UK"
1530,5080,-0.04524,51.41222,"Kent House Rail Station, Bromley, Greater London BR3, UK"
1531,0619,-0.140521,51.55029,"272-274 Kentish Town Rd, Camden Town, Greater London NW5 2, UK"
1532,1449,-0.1468778,51.546803,"Kentish Town West, Camden Town, Greater London NW5, UK"
1533,1553,-0.1468778,51.546803,"Kentish Town West, Camden Town, Greater London NW5, UK"
1534,1399,-0.316989,51.581738,""
1535,1966,-2.92523,54.17291,"Kents Bank Rail Station, Grange-over-Sands, Cumbria LA11 7, UK"
1536,J507,0,0,""
1537,K184,0,0,""
1538,1857,-0.73156,52.39357,"Kettering Rail Station, Kettering, Northamptonshire NN14, UK"
1539,5593,-0.28711,51.48952,"Kew Bridge Rail Station, Hounslow, Greater London W4, UK"
1540,5594,-0.285234,51.477074,"Layton Pl, Richmond, Greater London TW9 3, UK"
1541,3571,-4.17964,50.38987,"Keyham Rail Station, Plymouth PL2 2, UK"
1542,3237,-2.49563,51.41797,"Keynsham Rail Station, Keynsham, Bath and North East Somerset BS31, UK"
1543,5108,0.02751,51.46212,"Kidbrooke Rail Station, Greenwich, Greater London SE9, UK"
1544,4581,-2.23848,52.38449,"Kidderminster Rail Station, Kidderminster, Worcestershire DY10, UK"
1545,1229,-2.24482,53.08658,"Kidsgrove Rail Station, Kidsgrove, Staffordshire ST7, UK"
1546,4132,-4.31701,51.73434,"Kidwelly Rail Station, Kidwelly, Carmarthenshire SA17 4, UK"
1547,1415,-0.1918691,51.537632,"Kilburn High Rd, Camden Town, Greater London NW6, UK"
1548,0623,-0.193961,51.535065,"Alpha Pl, Brent, Greater London NW6 5, UK"
1549,0622,-0.204631,51.54687,"2-6 Christchurch Ave, Brent, Greater London NW6 7, UK"
1550,7516,-1.06785,54.47727,"Kildale Rail Station, North York Moors National Park, Kildale, North Yorkshire YO21, UK"
1551,N230,-6.908147,53.162785,"34-757 Rathbride Rd, Kildare, Co. Kildare, Ireland"
1552,8652,-3.86912,58.1708,"Kildonan Rail Station, Highland KW8 6, UK"
1553,4083,-4.71519,51.73211,"Kilgetty Rail Station, Begelly, Kilgetty, Pembrokeshire SA68 0, UK"
1554,M700,-7.2479835,52.653755,"Kilkenny, Co. Kilkenny, Ireland"
1555,M720,-9.502015,52.060173,"5-12 Fair Hill, Killarney, Co. Kerry, Ireland"
1556,9512,-4.49867,55.61211,"Kilmarnock Rail Station, Kilmarnock, East Ayrshire KA1, UK"
1557,9516,-4.53048,55.6372,"Kilmaurs Rail Station, Kilmaurs, East Ayrshire KA3 2, UK"
1558,9960,-4.45339,55.92469,"Kilpatrick Rail Station, Clydebank, West Dunbartonshire G60, UK"
1559,9517,-4.71001,55.65594,"Kilwinning Rail Station, Kilwinning, North Ayrshire KA13 6, UK"
1560,8653,-3.94122,58.2583,"Kinbrace Rail Station, Kinbrace, Highland KW11 6, UK"
1561,3008,-1.62879,51.90225,"Kingham Rail Station, Churchill, Oxfordshire OX7, UK"
1562,9142,-3.17415,56.06933,"Kinghorn Rail Station, Kinghorn, Fife KY3, UK"
1563,0600,0,0,""
1564,0625,-0.123889,51.53039,"Euston Rd, Camden Town, Greater London NW1 2, UK"
1565,1392,-0.43841,51.70636,"Kings Langley Rail Station, Abbots Langley, Hertfordshire WD4, UK"
1566,L062,0.3953571,52.75196,"King's Lynn, Norfolk, UK"
1567,7115,0.40346,52.75394,"Kings Lynn Rail Station, King's Lynn, Norfolk PE30, UK"
1568,1109,-1.93232,52.4143,"Kings Norton Rail Station, Birmingham B30, UK"
1569,5823,-3.90544,50.93607,"Kings Nympton Rail Station, Chulmleigh, Devon EX37 9, UK"
1570,9817,-4.24725,55.81988,"Kings Park Rail Station, Glasgow, Glasgow City G44 4, UK"
1571,4508,-1.28093,52.02135,"Kings Sutton Rail Station, Kings Sutton, Northamptonshire OX17 3, UK"
1572,H558,0,0,""
1573,0624,-0.278853,51.584717,"529-537 Kingsbury Rd, Brent, Greater London NW9 9, UK"
1574,9217,-3.26496,55.91881,"Kingsknowe Rail Station, Juniper Green, City of Edinburgh EH14, UK"
1575,5565,-0.30117,51.41275,"Kingston Rail Station, Kingston Upon Thames, Greater London KT2, UK"
1576,5366,-0.21146,51.29486,""
1577,8655,-4.05218,57.07777,"Kingussie Rail Station, The Cairngorms National Park, Kingussie, Highland PH21 1, UK"
1578,3073,-1.44599,51.40252,"Kintbury Rail Station, Kintbury, West Berkshire RG20, UK"
1579,6862,1.21501,51.84141,"Kirby Cross Rail Station, Frinton and Walton, Essex CO13, UK"
1580,6527,-1.07406,53.5639,"Kirk Sandall Rail Station, Barnby Dun, Doncaster DN3, UK"
1581,1867,-1.25306,53.10012,"Kirkby in Ashfield Rail Station, Sutton in Ashfield, Nottinghamshire NG17, UK"
1582,1959,-3.18738,54.23272,"Kirkby-in-Furness Rail Station, Kirkby Ireleth, Cumbria LA17, UK"
1583,2124,-2.90283,53.4862,"Kirkby Rail Station, Kirkby, Knowsley L31, UK"
1584,2057,-2.36859,54.45486,"Kirkby Stephen Rail Station, Wharton, Cumbria CA17 4, UK"
1585,9145,-3.16702,56.11205,"Kirkcaldy Rail Station, Kirkcaldy, Fife KY1, UK"
1586,9518,-3.99849,55.3883,"Kirkconnel Rail Station, Dumfries and Galloway DG4 6, UK"
1587,2245,-2.98112,53.44091,"Kirkdale Rail Station, Liverpool L20, UK"
1588,2668,-2.88294,53.78693,"Kirkham & Wesham Rail Station, Wesham, Lancashire PR4, UK"
1589,9771,-4.1687,55.8141,"Kirkhill Rail Station, Cambuslang, South Lanarkshire G72, UK"
1590,9230,-3.43251,55.88868,"Kirknewton Rail Station, Kirknewton, West Lothian EH27 8, UK"
1591,9766,-4.04839,55.85418,"Kirkwood Rail Station, North Lanarkshire ML5, UK"
1592,6466,-0.59391,53.48486,"Kirton Lindsey Rail Station, Kirton In Lindsey, North Lincolnshire DN21, UK"
1593,6401,-1.26718,53.34098,"Kiveton Bridge Rail Station, Wales, Rotherham S26 6, UK"
1594,6565,-1.23985,53.33674,"Kiveton Park Rail Station, Wales, Rotherham S26 6, UK"
1595,8214,-1.4705,54.00877,"Knaresborough Rail Station, Knaresborough, North Yorkshire HG5 9, UK"
1596,6088,-0.18728,51.86686,"Knebworth Rail Station, Knebworth, Hertfordshire SG3 6, UK"
1597,4206,-3.04221,52.34508,"Knighton Rail Station, Stowe, Shropshire LD7, UK"
1598,0626,-0.160503,51.5013,"3-4 Sloane St, Kensington, Greater London SW1X 9, UK"
1599,5109,0.13086,51.34579,"Knockholt Rail Station, Greater London TN14 7, UK"
1600,8546,-1.25918,53.70655,"Knottingley Rail Station, Wakefield WF11, UK"
1601,4228,-3.09689,52.35987,"Knucklas Rail Station, Beguildy, Powys LD7 1, UK"
1602,2848,-2.3721,53.30198,"Knutsford Rail Station, Knutsford, Cheshire East WA16, UK"
1603,8657,-5.71382,57.27975,"Kyle of Lochalsh Rail Station, Kyle Of Lochalsh, Highland IV40 8, UK"
1604,9069,-5.7332287,57.2725,"Kyleakin, Isle Of Skye, Highland IV41 8, UK"
1605,0627,-0.210865,51.51717,"Westway, Kensington, Greater London W10 6, UK"
1606,9149,-3.12227,56.27378,"Ladybank Rail Station, Ladybank, Fife KY15, UK"
1607,G409,-2.328517,53.483948,"677 Eccles New Rd, Salford M5 5, UK"
1608,5057,-0.02271,51.46939,"St Johns (London) Rail Station, Lewisham, Greater London SE8, UK"
1609,7445,0.42429,51.56753,"Laindon Rail Station, Basildon, Essex SS16, UK"
1610,8658,-4.3999,58.00181,"Lairg Rail Station, Highland IV27 4, UK"
1611,5504,-2.72186,54.30494,"Oxenholme Lake District Rail Station, Oxenholme, Kendal, Cumbria LA9, UK"
1612,7201,0.53521,52.44742,"Lakenheath Rail Station, Lakenheath, Suffolk IP27 9, UK"
1613,0628,-0.111741,51.49905,"Baylis Rd, Lambeth, Greater London SE1 7, UK"
1614,0295,-76.23968,39.9901,"Lampeter, PA 17602, USA"
1615,4084,-4.8733,51.6672,"Lamphey Rail Station, Lamphey, Pembrokeshire SA71, UK"
1616,9710,-3.77329,55.6736,"Lanark Rail Station, Lanark, South Lanarkshire ML11, UK"
1617,0629,-0.175427,51.51181,"Bayswater Rd, Paddington, Greater London W2 2, UK"
1618,2685,-2.80746,54.04874,"Lancaster Rail Station, Lancaster, Lancashire LA1 5, UK"
1619,5275,-0.3231,50.82708,"Lancing Rail Station, Lancing, West Sussex BN15 8, UK"
1620,1017,-2.02073,52.65655,"Landywood Rail Station, Great Wyrley, Staffordshire WS6, UK"
1621,9652,-4.58526,55.92451,"Langbank Rail Station, Langbank, Renfrewshire PA14, UK"
1622,2735,-2.44866,53.80484,"Langho Rail Station, Billington, Lancashire BB7, UK"
1623,3171,-0.54175,51.50807,"Langley (Berks) Rail Station, Colnbrook with Poyle, Slough SL3, UK"
1624,4607,-2.00496,52.49388,"Langley Green Rail Station, West Bromwich, Sandwell B69, UK"
1625,1761,-1.33124,53.01808,"Langley Mill Rail Station, Langley Mill, Derbyshire NG16, UK"
1626,9818,-4.27733,55.82113,"Langside Rail Station, Glasgow, Glasgow City G43 2, UK"
1627,2058,-2.66369,54.69436,"Langwathby Rail Station, Langwathby, Cumbria CA11, UK"
1628,1871,-1.20971,53.23254,"Langwith - Whaley Thorns Rail Station, Scarcliffe, Derbyshire NG20, UK"
1629,G407,-2.296304,53.480675,"Eccles New Rd, Salford M5 5, UK"
1630,5824,-3.81067,50.857,"Lapford Rail Station, Lapford, Lapford Cross, Devon EX17, UK"
1631,4595,-1.7257,52.34226,"Lapworth Rail Station, Lapworth, Kingswood, Warwickshire B94 6, UK"
1632,9876,-3.83058,56.02269,"Larbert Rail Station, Falkirk FK5, UK"
1633,9521,-4.86719,55.79273,"Largs Rail Station, Largs, North Ayrshire KA30 8, UK"
1634,9728,-3.9755,55.73859,"Larkhall Rail Station, Larkhall, South Lanarkshire ML9 1, UK"
1635,0630,-0.217779,51.513535,"Bramley Rd, Kensington, Greater London W10 6, UK"
1636,H555,0,0,""
1637,8931,-2.46593,56.83634,"Laurencekirk Rail Station, Laurencekirk, Aberdeenshire AB30 1, UK"
1638,3225,-2.56444,51.45801,"Lawrence Hill Rail Station, Bristol, City of Bristol BS5, UK"
1639,2669,-111.971054,41.060223,"Layton, UT, USA"
1640,2059,-2.70321,54.75044,"Lazonby & Kirkoswald Rail Station, Lazonby, Cumbria CA10, UK"
1641,2339,-2.72498,53.42682,"Lea Green Rail Station, Saint Helens, St. Helens WA9 5, UK"
1642,1133,-1.78602,52.48065,"Lea Hall Rail Station, Birmingham B33, UK"
1643,1534,-0.45851,51.90517,"Leagrave Rail Station, Luton LU4 9, UK"
1644,7925,-0.82571,54.4606,"Lealholm Rail Station, North York Moors National Park, Glaisdale, North Yorkshire YO21 2, UK"
1645,4597,-1.53621,52.2845,"Leamington Spa Rail Station, Leamington Spa, Warwickshire CV31 3, UK"
1646,2237,-3.0996,53.40806,"Leasowe Rail Station, Birkenhead, Wirral CH46 1, UK"
1647,5368,-0.33322,51.29882,"Leatherhead Rail Station, Leatherhead, Surrey KT22, UK"
1648,4784,-2.42498,52.04495,"Ledbury Rail Station, Ledbury, County of Herefordshire HR8, UK"
1649,5110,-0.02271,51.46939,"St Johns (London) Rail Station, Lewisham, Greater London SE8, UK"
1650,K650,-1.659767,53.8695,"White House Ln, Leeds Bradford International Airport (LBA), Guiseley, Leeds LS19 7, UK"
1651,8503,0,0,""
1652,8487,-1.54802,53.79564,"Leeds Rail Station, Leeds LS1, UK"
1653,0631,-0.128236,51.51121,"Westminster, London WC2, UK"
1654,1947,-1.12528,52.63145,"Leicester Rail Station, Leicester LE2, UK"
1655,5294,0.21051,51.1939,"Leigh (Kent) Rail Station, Leigh, Kent TN11 8, UK"
1656,0943,0.2105,51.193893,"Ensfield Rd, Leigh, Kent TN11 8, UK"
1657,7446,0.64042,51.54128,"Leigh-on-Sea Rail Station, Southend-on-Sea SS9 2, UK"
1658,1373,-0.677,51.91631,"Leighton Buzzard Rail Station, Leighton-Linslade, Central Bedfordshire LU7, UK"
1659,3498,-5.44145,50.17929,"Lelant Saltings Rail Station, Saint Ives, Cornwall TR26 3, UK"
1660,3539,-5.43661,50.18411,"Lelant Rail Station, Saint Ives, Cornwall TR26 3, UK"
1661,5111,0.70777,51.23448,"Lenham Rail Station, Lenham, Kent ME17, UK"
1662,9955,-4.15388,55.92131,"Lenzie Rail Station, Kirkintilloch, East Dunbartonshire G66 5, UK"
1663,3620,-2.73049,52.22515,"Leominster Rail Station, Leominster, County of Herefordshire HR6 8, UK"
1664,6089,-0.229986,51.976295,"Letchworth, Hertfordshire, UK"
1665,9188,-2.89371,56.37509,"Leuchars Rail Station, Fife KY16 0, UK"
1666,2862,-2.19267,53.44418,"Levenshulme Rail Station, Manchester M19, UK"
1667,5329,0.01134,50.87063,"Lewes Rail Station, Lewes, East Sussex BN7 2, UK"
1668,5051,-0.02271,51.46939,"St Johns (London) Rail Station, Lewisham, Greater London SE8, UK"
1669,2710,-2.68714,53.69886,"Leyland Rail Station, Bamber Bridge, Leyland, Lancashire PR25 3, UK"
1670,7402,-0.00804,51.56973,"Leyton Midland Rd, Walthamstow, Greater London E10, UK"
1671,0632,-0.005617,51.556423,"174 High Road Leyton, Walthamstow, Greater London E11 4, UK"
1672,7403,0.0081512,51.563747,"Leytonstone High Rd, Walthamstow, Greater London E11 4, UK"
1673,0633,0.008218,51.568188,"28 Church Ln, Walthamstow, Greater London E11 1, UK"
1674,1177,-1.82543,52.68016,"Lichfield City Rail Station, Lichfield, Staffordshire WS14 9, UK"
1675,1291,-1.80024,52.68691,"Lichfield Trent Valley Rail Station, Lichfield, Staffordshire WS13 6, UK"
1676,1579,-0.55892,52.04155,"Lidlington Rail Station, Lidlington, Central Bedfordshire MK43, UK"
1677,7491,-0.040188,51.51263,"578 Commercial Rd, Poplar, Greater London E14 7, UK"
1678,M780,0,0,""
1679,M790,-8.202732,52.497036,"Limerick Jct, Limerick Junction, Co. Tipperary, Ireland"
1680,9852,-0.537579,53.22745,"Melville St, Lincoln, Lincolnshire LN5 7, UK"
1681,6340,-0.53874,53.2264,"Lincoln, Rail Station Car Park (adj), Lincoln, Lincolnshire LN4, UK"
1682,3942,0,0,""
1683,5369,-0.00716,51.17645,"Lingfield Rail Station, Lingfield, Surrey RH7, UK"
1684,7305,1.48996,52.62213,"Lingwood Rail Station, Lingwood, Norfolk NR13, UK"
1685,9438,-3.59584,55.97644,"Linlithgow Rail Station, Linlithgow, West Lothian EH49 7, UK"
1686,5634,-0.80023,51.07131,"Liphook Rail Station, Bramshott, Liphook, Hampshire GU30, UK"
1687,M800,-6.042726,54.510895,"Lisburn, UK"
1688,3573,-4.4675,50.44685,"Liskeard Rail Station, Liskeard, Cornwall PL14, UK"
1689,9058,-5.492064,56.5112,"Lorn View, Achnacroish, Argyll and Bute PA34 5, UK"
1690,5635,-0.89287,51.04356,"Liss Rail Station, Liss, Hampshire GU33 7, UK"
1691,3853,-3.18561,51.54457,"Lisvane & Thornhill Rail Station, Lisvane, Cardiff CF14 0, UK"
1692,3066,-0.80845,51.75224,"Little Kimble Rail Station, Little Kimble, Great and Little Kimble, Buckinghamshire HP17 0, UK"
1693,2156,-2.9433,53.28553,"Little Sutton Rail Station, Ellesmere Port, Cheshire West and Chester CH66, UK"
1694,2661,-2.09465,53.64301,"Littleborough Rail Station, Rochdale OL15 8, UK"
1695,5260,-0.54599,50.8101,"Littlehampton Rail Station, Littlehampton, West Sussex BN17, UK"
1696,5498,-0.30797,51.07974,"Littlehaven Rail Station, North Horsham, West Sussex RH12, UK"
1697,7072,0.31657,52.4624,"Littleport Rail Station, Littleport, Cambridgeshire CB6, UK"
1698,2242,-2.97917,53.40461,"Liverpool Central Rail Station, Liverpool L1 1, UK"
1699,2270,-2.97775,53.40822,"Liverpool Lime Street Low Level Rail Station, Liverpool L70, UK"
1700,2246,-2.97773,53.40732,"Liverpool Lime Street Rail Station, Liverpool L1 1, UK"
1701,2148,0,0,""
1702,9709,-2.88915,53.35776,"Liverpool South Parkway Rail Station, Garston, Liverpool L70, UK"
1703,0634,-0.082996,51.517345,"70-72 Old Broad St, City of London, EC2M 1, UK"
1704,9371,-3.54434,55.90138,"Livingston North Rail Station, Livingston, West Lothian EH54, UK"
1705,9372,-3.50156,55.87169,"Livingston South Rail Station, Murieston, West Lothian EH54, UK"
1706,H713,0,0,""
1707,4327,-4.07719,52.74152,"Llanaber Rail Station, Barmouth, Gwynedd LL42 1, UK"
1708,4356,-4.11021,52.82087,"Llanbedr Rail Station, Snowdonia National Park, Llanbedr, Gwynedd LL45 2, UK"
1709,4226,-3.21343,52.33643,"Llanbister Road Rail Station, Llanbister, Powys LD1 5, UK"
1710,4018,-3.23306,51.60325,"Llanbradach Rail Station, Llanbradach, Caerphilly CF83, UK"
1711,3844,-3.22862,51.50844,"Llandaf Rail Station, Llandaff North, Cardiff CF14, UK"
1712,4460,-4.12387,52.83618,"Llandanwg Rail Station, Snowdonia National Park, Llanfair, Gwynedd LL46 2, UK"
1713,4334,-4.05705,52.9207,"Llandecwyn Rail Station, Snowdonia National Park, Talsarnau, Gwynedd LL47, UK"
1714,4248,-3.98692,51.88535,"Llandeilo Rail Station, Llandeilo, Carmarthenshire SA19 6, UK"
1715,4059,-3.80285,51.99532,"Llandovery Rail Station, Llandovery, Carmarthenshire SA20, UK"
1716,4227,-3.37915,52.24237,"Llandrindod Rail Station, Llandrindod Wells, Powys LD1 5, UK"
1717,2485,-3.80912,53.28396,"Llandudno Junction Rail Station, Deganwy, Conwy LL31, UK"
1718,2484,-3.82702,53.32094,"Llandudno Rail Station, Llandudno, Conwy LL30 2, UK"
1719,4247,-4.00368,51.82104,"Llandybie Rail Station, Llandybie, Carmarthenshire SA18 2, UK"
1720,4133,-4.16133,51.67387,"Llanelli Rail Station, Llanelli, Carmarthenshire SA15, UK"
1721,2488,-3.98321,53.25731,"Llanfairfechan Rail Station, Llanfairfechan, Conwy LL33 0, UK"
1722,2467,-4.20923,53.22096,"Llanfairpwll Rail Station, Llanfair Pwllgwyngyll, Isle of Anglesey LL61, UK"
1723,4060,-3.89317,51.94022,"Llangadog Rail Station, Llangadog, Carmarthenshire SA19 9, UK"
1724,4162,-3.55483,52.11431,"Llangammarch Rail Station, Llangamarch, Powys LD4 4, UK"
1725,4138,-4.07895,51.69114,"Llangennech Rail Station, Llangennech, Carmarthenshire SA14, UK"
1726,4207,-3.16137,52.34963,"Llangynllo Rail Station, Llangunllo, Powys LD7 1, UK"
1727,9925,-3.4408,51.53759,"Llanharan Rail Station, Llanharan, Rhondda Cynon Taff CF72, UK"
1728,9916,-3.13521,51.7003,"Llanhilleth Rail Station, Llanhilleth, Glandwr, Blaenau Gwent NP13, UK"
1729,3847,-3.18199,51.53274,"Llanishen Rail Station, Llanishen, Cardiff CF14, UK"
1730,2457,-3.80306,53.1442,"Llanrwst Rail Station, Llanrwst, Conwy LL26 0, UK"
1731,4223,-3.88471,51.6615,"Llansamlet Rail Station, Llansamlet, Swansea SA7, UK"
1732,9699,-3.48164,51.40975,"Llantwit Major Rail Station, Llantwit Major, The Vale of Glamorgan CF61 1, UK"
1733,4061,-3.8717,51.96259,"Llanwrda Rail Station, Llanwrda, Carmarthenshire SA19, UK"
1734,4163,-3.63218,52.10472,"Llanwrtyd Rail Station, Llanwrtyd Wells, Powys LD5, UK"
1735,4421,-4.08769,52.6668,"Llwyngwril Rail Station, Snowdonia National Park, Llangelynin, Gwynedd LL37 2, UK"
1736,3852,-3.45353,51.634,"Llwynypia Rail Station, Llwynypia, Rhondda Cynon Taff CF40, UK"
1737,9934,0,0,""
1738,8712,-5.04197,56.402,"Loch Awe Rail Station, Lochawe, Argyll and Bute PA33, UK"
1739,8846,-5.19157,56.85525,"Loch Eil Outward Bound Rail Station, Highland PH33 7, UK"
1740,8829,-5.66338,56.88095,"Lochailort Rail Station, Highland PH38 4, UK"
1741,H336,-7.303974,57.152164,"A865, Eilean Siar HS8 5, UK"
1742,8830,-5.29003,56.85539,"Locheilside Rail Station, Highland PH33 7, UK"
1743,9156,-3.31294,56.13532,"Lochgelly Rail Station, Lochgelly, Fife KY5, UK"
1744,8660,-4.80906,57.62174,"Lochluichart Rail Station, Highland IV23, UK"
1745,9074,-7.157673,57.5965,"A865, Lochmaddy, Eilean Siar HS6 5, UK"
1746,9655,-4.61606,55.78714,"Lochwinnoch Rail Station, Renfrewshire PA12 4, UK"
1747,9614,-3.35354,55.12305,"Lockerbie Rail Station, Lockerbie, Dumfries and Galloway DG11 2, UK"
1748,8443,-1.80079,53.63475,"Lockwood Rail Station, Huddersfield, Kirklees HD1 3, UK"
1749,1540,-0.12718,51.5324,"London St Pancras International Rail Station, Camden Town, Greater London N1, UK"
1750,5112,-0.103324,51.51181,"London Blackfriars Rail Station, London EC4V, UK"
1751,0635,-0.086979,51.50549,"London Bridge (Underground), Camberwell, Greater London SE1 9, UK"
1752,5148,-0.086861,51.505497,"London Bridge, Camberwell, Greater London SE1 9, UK"
1753,5142,-0.0925548,51.512104,"Cannon St, City of London, EC4N 5, UK"
1754,5143,-0.1247547,51.508595,"Charing Cross, Westminster, London WC2, UK"
1755,1444,-0.13389,51.5286,"46 A4200, Camden Town, Greater London NW1 1, UK"
1756,7490,-0.078401,51.511707,"London Fenchurch Street Rail Station, City of London, EC3, UK"
1757,6966,-0.05775,51.54116,"London Fields Rail Station, Hackney, Greater London E8, UK"
1758,5470,0,0,""
1759,6121,-0.12292,51.53089,"London Kings Cross Rail Station, Camden Town, Greater London N1, UK"
1760,6965,-0.082912,51.517345,"Liverpool Street, City of London, EC2M 1, UK"
1761,1475,-0.12292,51.53089,"London Kings Cross Rail Station, Camden Town, Greater London N1, UK"
1762,3087,-0.17614,51.51497,"Paddington, Paddington National Rail Stn (Stop), Paddington, Greater London W2 3, UK"
1763,5281,-0.1365,50.83666,"London Road (Brighton) Rail Station, Brighton, Brighton and Hove BN1, UK"
1764,5632,-0.56506,51.24065,"London Road (Guildford) Rail Station, Guildford, Surrey GU1, UK"
1765,0944,-0.1392201,51.54188,"Camden Rd, Camden Town, Greater London NW1, UK"
1766,1555,-0.12292,51.53089,"London Kings Cross Rail Station, Camden Town, Greater London N1, UK"
1767,5426,-0.145999,51.4953,"London (Victoria Rail Stn): Stop UA, Westminster, London SW1, UK"
1768,5598,-0.113741,51.500546,"Mepham St, Lambeth, Greater London SE1 8, UK"
1769,5158,-0.104166,51.50461,""
1770,5465,-0.112953,51.50329,"Waterloo station, London SE1 8SW, United Kingdom"
1771,M810,-7.313504,54.992634,""
1772,1067,-1.08647,52.29473,"Long Buckby Rail Station, Long Buckby, Northamptonshire NN6, UK"
1773,1829,-1.28751,52.88501,"Long Eaton Rail Station, Ilkeston, Derbyshire NG10, UK"
1774,2657,-2.25559,54.01685,"Long Preston Rail Station, Long Preston, North Yorkshire BD23, UK"
1775,7978,-1.03048,54.58922,"Longbeck Rail Station, Saltburn Marske and New Marske, Redcar and Cleveland TS11, UK"
1776,1110,-1.98129,52.39642,"Longbridge Rail Station, Birmingham B31, UK"
1777,5674,-0.59457,51.38517,"Longcross Rail Station, Surrey KT16 0, UK"
1778,5114,0.30038,51.39616,"Longfield Rail Station, Longfield, Kent DA3 7, UK"
1779,M820,-7.794875,53.724304,"Park Rd, Longford, Co. Longford, Ireland"
1780,9354,-2.88834,55.97648,"Longniddry Rail Station, East Lothian EH32 0, UK"
1781,1305,-2.21645,53.0419,"Longport Rail Station, Stoke-on-Trent ST6 4, UK"
1782,1306,-2.13701,52.98997,"Longton Rail Station, Stoke-on-Trent ST4, UK"
1783,3574,-4.4562,50.35922,"Looe Rail Station, Looe, Cornwall PL13 1, UK"
1784,2307,-2.46521,53.26768,"Lostock Gralam Rail Station, Lostock Gralam, Cheshire West and Chester CW9 7, UK"
1785,2689,-2.68748,53.72425,"Lostock Hall Rail Station, Bamber Bridge, Lancashire PR5, UK"
1786,2598,-2.49427,53.57294,"Lostock Rail Station, Bolton BL1, UK"
1787,3517,-4.66546,50.4075,"Lostwithiel Rail Station, Lostwithiel, Cornwall PL22 0, UK"
1788,5082,-0.10218,51.4663,"Loughborough Junction Rail Station, Lambeth, Greater London SW9 8, UK"
1789,1897,-1.19593,52.77897,"Loughborough (Leics) Rail Station, Loughborough, Leicestershire LE11, UK"
1790,0636,0.055329,51.641365,"Lancaster Dr, Loughton, Essex IG10 3, UK"
1791,6202,-0.99842,53.00631,"Lowdham Rail Station, Lowdham, Nottinghamshire NG14, UK"
1792,5053,-0.03334,51.42483,"Lower Sydenham Rail Station, Bromley, Greater London SE26 5, UK"
1793,7268,1.74973,52.47446,"Lowestoft Rail Station, Oulton Broad, Suffolk NR33, UK"
1794,3635,-2.71526,52.37089,"Ludlow Rail Station, Ludlow, Shropshire SY8, UK"
1795,3645,-0.39588,51.87244,"Luton Airport Parkway Rail Station, Luton LU1, UK"
1796,1570,-0.417558,51.87965,"Luton, UK"
1797,1536,-0.41404,51.88231,"Luton Rail Station, Luton LU2, UK"
1798,3518,-4.74752,50.39029,"Luxulyan Rail Station, Luxulyan, Cornwall PL30, UK"
1799,4826,-2.53087,51.71413,"Lydney Rail Station, Lydney, Gloucestershire GL15, UK"
1800,4640,-2.11593,52.45993,"Lye (West Midlands) Rail Station, Dudley DY9 8, UK"
1801,J472,0,0,""
1802,5892,-1.52946,50.75829,"Lymington Pier Rail Station, Boldre, Hampshire SO41, UK"
1803,5887,-1.53717,50.7609,"Lymington Town Rail Station, Lymington, Hampshire SO41 9, UK"
1804,5762,-3.44086,50.66223,"Lympstone Commando Rail Station, Woodbury, Devon EX8 5, UK"
1805,5761,-3.43103,50.64828,"Lympstone Village Rail Station, Lympstone, Devon EX8 5, UK"
1806,H569,0,0,""
1807,2670,-2.96404,53.73929,"Lytham Rail Station, Lytham, Lytham Saint Annes, Lancashire FY8, UK"
1808,2871,-2.12138,53.25936,"Macclesfield Rail Station, Macclesfield, Cheshire East SK10 1, UK"
1809,4422,-3.85455,52.59515,"Machynlleth Rail Station, Machynlleth, Powys SY20 8, UK"
1810,0296,0,0,""
1811,3962,-3.64901,51.60534,"Maesteg (Ewenny Road) Rail Station, Maesteg, Bridgend CF34, UK"
1812,3963,-3.65467,51.60994,"Maesteg Rail Station, Maesteg, Bridgend CF34, UK"
1813,2155,-2.93086,53.50648,"Maghull Rail Station, Maghull, Sefton L31, UK"
1814,0637,-0.18592,51.529564,"166B Randolph Ave, Paddington, Greater London W9 1, UK"
1815,5853,-2.56944,50.78,"Maiden Newton Rail Station, Maiden Newton, Dorset DT2 0, UK"
1816,3147,-0.72266,51.51867,"Maidenhead Rail Station, Maidenhead, Windsor and Maidenhead SL6, UK"
1817,5237,0.51397,51.27717,"Maidstone Barracks Rail Station, Maidstone, Kent ME16, UK"
1818,5115,0.5213,51.27783,"Maidstone East Rail Station, Maidstone, Kent ME14, UK"
1819,5222,0.51578,51.27046,"Maidstone West Rail Station, Maidstone, Kent ME15, UK"
1820,5599,-0.26127,51.38473,"Malden Manor Rail Station, Kingston Upon Thames, Greater London KT4, UK"
1821,8831,-5.82959,57.00597,"Mallaig Rail Station, Mallaig, Highland PH41 4, UK"
1822,M860,-8.655413,52.13983,"Limerick Rd, Mallow, Co. Cork, Ireland"
1823,8164,-0.79722,54.13208,"Malton Rail Station, Norton, North Yorkshire YO17 9, UK"
1824,4884,-2.31986,52.12539,"Malvern Link Rail Station, Great Malvern, Worcestershire WR14, UK"
1825,2961,-2.27298,53.36506,"Manchester Airport Rail Station, Manchester Airport (MAN), Ringway, M90 3, UK"
1826,0451,0,0,""
1827,2996,-2.29066,53.462204,"22-52 Railway Rd, Urmston, Trafford M32 0, UK"
1828,2966,-2.242,53.47404,"Manchester Oxford Road Rail Station, Manchester M1 6, UK"
1829,2968,-2.23091,53.47737,"Manchester Piccadilly Rail Station, Manchester M12, UK"
1830,2970,-2.2426,53.48748,"Manchester Victoria Rail Station, Manchester M99 1, UK"
1831,7165,0.1777,52.49785,"Manea Rail Station, Manea, Cambridgeshire PE15 0, UK"
1832,6856,1.04525,51.94907,"Manningtree Rail Station, Lawford, Essex CO11, UK"
1833,0638,-0.095723,51.570736,"Seven Sisters Rd, Hackney, Greater London N4 2, UK"
1834,6883,0.04635,51.55248,"Manor Park Rail Station, Stratford, Greater London E12 5, UK"
1835,2253,-3.17145,53.3948,"Manor Road Rail Station, Hoylake, Wirral CH47, UK"
1836,4094,-4.79187,51.66017,"Manorbier Rail Station, Pembrokeshire Coast National Park, Manorbier, Pembrokeshire SA70 7, UK"
1837,7603,-1.60474,54.97276,"Manors Rail Station, Byker, Newcastle Upon Tyne NE1 2, UK"
1838,1728,-1.20185,53.16358,"Mansfield Woodhouse Rail Station, Mansfield, Nottinghamshire NG19 8, UK"
1839,1727,-1.19844,53.14212,"Mansfield Rail Station, Mansfield, Nottinghamshire NG18, UK"
1840,0639,-0.094188,51.512016,"Great Trinity Ln, City of London, EC4N 4, UK"
1841,1620,-9.192252,53.82742,"N60, Manulla, Co. Mayo, Ireland"
1842,0640,-0.158325,51.513607,"542-548 Oxford St, Paddington, Greater London W1C 1, UK"
1843,7166,0.0912,52.55991,"March Rail Station, March, Cambridgeshire PE15, UK"
1844,5223,0.49317,51.17517,"Marden Rail Station, Marden, Kent TN12, UK"
1845,5018,1.37202,51.38544,"Margate Rail Station, Margate, Kent CT9, UK"
1846,1909,-0.90933,52.47974,"Market Harborough Rail Station, Market Harborough, Leicestershire LE16 7, UK"
1847,6318,-0.33689,53.38394,"Market Rasen Rail Station, Market Rasen, Lincolnshire LN8 3, UK"
1848,9160,-3.13078,56.20101,"Markinch Rail Station, Glenrothes, Fife KY7 6, UK"
1849,6863,0.78335,51.88095,"Marks Tey Rail Station, Marks Tey, Essex CO6, UK"
1850,H568,0,0,""
1851,3021,-0.76643,51.57099,"Marlow Rail Station, Marlow, Buckinghamshire SL7 1, UK"
1852,2830,-2.05726,53.40071,"Marple Rail Station, Marple, Stockport SK6 7, UK"
1853,8445,-1.93076,53.6032,"Dirker Dr, Marsden, Huddersfield, Kirklees HD7 6, UK"
1854,7928,-1.01891,54.58742,"Marske Rail Station, Marske-by-the-Sea, Saltburn Marske and New Marske, Redcar and Cleveland TS11, UK"
1855,1034,-1.75561,52.4672,"Marston Green Rail Station, Bickenhill, Solihull B37, UK"
1856,5040,1.34823,51.17068,"Martin Mill Rail Station, Martin Mill, Langdon, Kent CT15 5, UK"
1857,5692,-0.7244,51.40741,"Martins Heron Rail Station, Winkfield, Bracknell Forest RG12, UK"
1858,7947,-1.19848,54.54435,"Marton Rail Station, Middlesbrough TS3 0, UK"
1859,9957,-4.30074,55.89762,"Maryhill Rail Station, Glasgow, Glasgow City G20 0, UK"
1860,6970,0.00582,51.54609,"Maryland Rail Station, Stratford, Greater London E15 1, UK"
1861,0641,-0.163164,51.52241,"Melcombe Pl, Paddington, Greater London NW1 6, UK"
1862,1988,-3.49407,54.71132,"Maryport Rail Station, Maryport, Cumbria CA15, UK"
1863,1582,-1.55766,53.12197,"Matlock Bath Rail Station, Matlock Bath, Derbyshire DE4, UK"
1864,1581,-1.55846,53.13806,"Matlock Rail Station, Matlock, Derbyshire DE4, UK"
1865,2867,-2.20925,53.43308,"Mauldeth Road Rail Station, Manchester M19 1, UK"
1866,9802,-4.28869,55.83771,"Maxwell Park Rail Station, Glasgow, Glasgow City G41 4, UK"
1867,9529,-4.68528,55.35473,"Maybole Rail Station, Maybole, South Ayrshire KA19 8, UK"
1868,5149,0.00292,51.48263,"Maze Hill Rail Station, Greenwich, Greater London SE10, UK"
1869,6663,-1.41284,53.41748,"Meadowhall Rail Station, Norton, Sheffield S9, UK"
1870,7036,0.00895,52.09073,"Meldreth Rail Station, Meldreth, Cambridgeshire SG8, UK"
1871,H366,-2.1378984,51.373554,"Melksham, Wiltshire SN12, UK"
1872,3346,-2.14451,51.37982,"Melksham Rail Station, Melksham, Wiltshire SN12, UK"
1873,J424,-71.06616,42.458427,"Melrose, MA, USA"
1874,1851,-0.88586,52.76105,"Melton Mowbray Rail Station, Melton Mowbray, Leicestershire LE13, UK"
1875,7221,1.33826,52.10446,"Melton (Suffolk) Rail Station, Melton, Suffolk IP12, UK"
1876,3576,-4.40926,50.42622,"Menheniot Rail Station, Menheniot, Cornwall PL14 3, UK"
1877,8574,-1.73551,53.89235,"Menston Rail Station, Menston, Ilkley, Bradford LS29 6, UK"
1878,2357,-2.97581,53.64628,"Meols Cop Rail Station, Southport, Sefton PR9 7, UK"
1879,2254,-3.15428,53.39945,"Meols Rail Station, Hoylake, Wirral CH47 9, UK"
1880,5116,0.35695,51.38642,"Meopham Rail Station, Meopham, Kent DA13, UK"
1881,9705,-3.97824,55.7487,"Merryton Rail Station, Larkhall, South Lanarkshire ML9, UK"
1882,5475,-0.15022,51.26415,"Merstham Rail Station, Reigate and Banstead, Surrey RH1, UK"
1883,3855,-3.37726,51.74462,"Merthyr Tydfil Rail Station, Town, Merthyr Tydfil CF47 0, UK"
1884,3857,-3.33659,51.68664,"Merthyr Vale Rail Station, Merthyr Vale, Merthyr Tydfil CF48 4, UK"
1885,6297,-0.39145,53.1389,"Metheringham Rail Station, Metheringham, Lincolnshire LN4, UK"
1886,7725,-1.66563,54.95875,"Metrocentre Rail Station, Dunston, Wickham and Dunston, Gateshead NE11 9, UK"
1887,H711,0,0,""
1888,6707,-1.28856,53.49101,"Mexborough Rail Station, Denaby, Doncaster S64, UK"
1889,5908,-1.26068,51.18239,"Micheldever Rail Station, Micheldever, Hampshire SO21, UK"
1890,8477,-1.3268,53.78885,"Micklefield Rail Station, Micklefield, Leeds LS25, UK"
1891,7929,-1.23471,54.57911,"Middlesbrough Rail Station, Middlesbrough TS2, UK"
1892,2971,-2.08335,53.35998,"Middlewood Rail Station, Stockport SK12, UK"
1893,3159,-1.17771,51.39597,"Midgham Rail Station, Woolhampton, West Berkshire RG7, UK"
1894,H367,0,0,""
1895,0642,-0.033399,51.52509,"572-580 Mile End Rd, Poplar, Greater London E3 4, UK"
1896,4095,-5.041,51.71498,"Milford Haven Rail Station, Milford Haven, Pembrokeshire SA73, UK"
1897,5644,-0.63695,51.16331,"Milford (Surrey) Rail Station, Witley, Surrey GU8, UK"
1898,1527,-0.24924,51.6131,"Mill Hill Broadway Rail Station, Barnet, Greater London NW7 2, UK"
1899,0643,-0.209899,51.608223,"Bittacy Hill, Barnet, Greater London NW7 1, UK"
1900,2750,-2.50174,53.73547,"Mill Hill (Lancs) Rail Station, Darwen, Blackburn with Darwen BB2 4, UK"
1901,1537,-0.53269,52.05385,"Millbrook (Beds) Rail Station, Marston Moretaine, Central Bedfordshire MK45, UK"
1902,5909,-1.43385,50.91149,"Millbrook (Hants) Rail Station, Southampton SO15 0, UK"
1903,9658,-4.53334,55.8251,"Milliken Park Rail Station, Johnstone, Renfrewshire PA5 8, UK"
1904,1997,-3.27109,54.21083,"Millom Rail Station, Millom, Cumbria LA18 5, UK"
1905,2920,-2.17151,53.55132,"Mills Hill (Manchester) Rail Station, Rochdale M24 2, UK"
1906,N540,-9.070008,52.07811,"Station Rd, Co. Cork, Ireland"
1907,9985,-4.31457,55.94135,"Milngavie Rail Station, Milngavie, East Dunbartonshire G62, UK"
1908,2922,-2.1115,53.60812,"Milnrow Rail Station (closed), Rochdale OL16 4, UK"
1909,1378,-0.77414,52.0343,"Milton Keynes Central Rail Station, Milton Keynes MK5, UK"
1910,H563,0,0,""
1911,4469,-4.08498,52.92615,"Minffordd Rail Station, Minffordd, Penrhyndeudraeth, Gwynedd LL48 6, UK"
1912,5019,1.31723,51.32918,"Minster Rail Station, Minster, Kent CT12, UK"
1913,8518,-1.69254,53.67142,"Mirfield Rail Station, Mirfield, Kirklees WF14, UK"
1914,6906,1.08141,51.94365,"Mistley Rail Station, Mistley, Essex CO11, UK"
1915,5069,-0.15464,51.40774,"Mitcham Eastfields Rail Station, Merton, Greater London CR4, UK"
1916,5427,-0.15775,51.39295,"Mitcham Junction Rail Station, Merton, Greater London CR4, UK"
1917,2849,-2.3333,53.32997,"Mobberley Rail Station, Mobberley, Cheshire East WA16, UK"
1918,K276,0,0,""
1919,9060,-2.81824,56.4801,"Monifieth Rail Station, Monifieth, Angus DD5, UK"
1920,3067,-0.82933,51.73577,"Monks Risborough Rail Station, Princes Risborough, Buckinghamshire HP27, UK"
1921,3203,-2.58869,51.46835,"Montpelier Rail Station, Bristol, City of Bristol BS6 5, UK"
1922,9080,-2.47207,56.71279,"Montrose Rail Station, Angus DD10 8, UK"
1923,0644,-0.08597,51.510685,"Eastcheap, City of London, EC4R 9, UK"
1924,0646,-0.432528,51.629627,"Main Ave, Rickmansworth, Hertfordshire HA6 2, UK"
1925,2226,-2.9894564,53.40858,"Moorfields, Liverpool L2 2, UK"
1926,0645,-0.08906,51.51836,"33 Moorfields, City of London, EC2M 6, UK"
1927,6005,-0.12292,51.53089,"London Kings Cross Rail Station, Camden Town, Greater London N1, UK"
1928,2799,-2.3518,53.51629,"Moorside Rail Station, Salford M27 9, UK"
1929,8539,-1.30495,53.59501,"Moorthorpe Rail Station, South Kirkby, Wakefield WF9 3, UK"
1930,8833,-5.82191,56.9697,"Morar Rail Station, Morar, Highland PH40 4, UK"
1931,5825,-3.7764,50.83189,"Morchard Road Rail Station, Down Saint Mary, Devon EX17 5, UK"
1932,5291,-0.19946,51.39612,"Morden South Rail Station, Merton, Greater London SM4 5, UK"
1933,0647,-0.194879,51.40237,"London Rd, Merton, Greater London SM4 5, UK"
1934,2695,-2.86931,54.07033,"Morecambe Rail Station, Lancaster, Lancashire LA3, UK"
1935,5957,-2.31347,50.70102,"Moreton (Dorset) Rail Station, Moreton, Dorset DT2, UK"
1936,4814,-1.70039,51.99228,"Moreton-in-Marsh Rail Station, Moreton-in-Marsh, Gloucestershire GL56, UK"
1937,2151,-3.11351,53.40722,"Moreton (Merseyside) Rail Station, Birkenhead, Wirral CH46, UK"
1938,4470,-4.03218,52.70715,"Morfa Mawddach Rail Station, Arthog, Gwynedd LL39 1, UK"
1939,8504,-1.59097,53.74994,"Morley Rail Station, Gildersome, Leeds LS27, UK"
1940,0648,-0.138831,51.534176,"2-4 Hampstead Rd, Camden Town, Greater London NW1 2, UK"
1941,7680,-1.68308,55.16237,"Morpeth Rail Station, Morpeth, Northumberland NE61, UK"
1942,5501,-1.0355,51.37207,"Mortimer Rail Station, Stratfield Mortimer, West Berkshire RG7, UK"
1943,5600,-0.26711,51.46809,"Mortlake Rail Station, Richmond, Greater London SW14, UK"
1944,2606,-2.40119,53.556,"Moses Gate Rail Station, Bolton BL4, UK"
1945,M900,0,0,""
1946,2675,-2.94294,53.76499,"Moss Side Rail Station, Westby, Lancashire FY8, UK"
1947,2171,-2.91545,53.37906,"Mossley Hill Rail Station, Garston, Liverpool L70, UK"
1948,2903,-2.04128,53.51499,"Mossley (Manchester) Rail Station, Mossley, Tameside OL5, UK"
1949,9632,-4.34781,55.84082,"Mosspark Rail Station, Glasgow, Glasgow City G52, UK"
1950,2973,-2.17102,53.52343,"Moston Rail Station, Manchester M40 0, UK"
1951,M910,0,0,""
1952,9691,-3.99431,55.79167,"Motherwell Rail Station, Motherwell, North Lanarkshire ML1, UK"
1953,5645,-0.23953,51.3952,"Motspur Park Rail Station, Merton, Greater London KT3, UK"
1954,5118,0.05006,51.44022,"Mottingham Rail Station, Greenwich, Greater London SE9, UK"
1955,5944,-1.54709,51.03392,"Mottisfont & Dunbridge Rail Station, Mottisfont, Hampshire SO51, UK"
1956,2158,-2.73223,53.23182,"Mouldsworth Rail Station, Mouldsworth, Cheshire West and Chester WA6, UK"
1957,5312,-0.11884,50.84672,"Moulsecoomb Rail Station, Brighton, Brighton and Hove BN2, UK"
1958,9819,-4.26112,55.82654,"Mount Florida Rail Station, Glasgow, Glasgow City G42 9, UK"
1959,9779,-4.13659,55.83983,"Mount Vernon Rail Station, Glasgow City G32, UK"
1960,3859,-3.37636,51.68133,"Mountain Ash Rail Station, Mountain Ash, Rhondda Cynon Taff CF45 3, UK"
1961,9061,-6.226898,56.833595,"Pier Rd, Highland PH36 4, UK"
1962,N570,-6.951706,52.699383,"1 Stationhouse Rd, Bagenalstown, Co. Carlow, Ireland"
1963,8665,-4.46023,57.51783,"Muir of Ord Rail Station, Muir Of Ord, Highland IV6, UK"
1964,9608,-4.27383,55.81041,"Muirend Rail Station, Glasgow, Glasgow City G44 3, UK"
1965,M920,-7.34657,53.522846,"Clonmore Rd, Mullingar, Co. West Meath, Ireland"
1966,H714,0,0,""
1967,9304,-3.07319,55.93358,"Musselburgh Rail Station, East Lothian EH21 6, UK"
1968,8526,-1.98143,53.72902,"Mytholmroyd Rail Station, Mytholmroyd, Hebden Royd, Calderdale HX7 5, UK"
1969,8107,-0.38608,54.01124,"Nafferton Rail Station, Nafferton, East Riding of Yorkshire YO25, UK"
1970,3389,-2.75065,51.41941,"Nailsea & Backwell Rail Station, Backwell, North Somerset BS48 3, UK"
1971,8666,-3.872,57.58023,"Nairn Rail Station, Nairn, Highland IV12 4, UK"
1972,1247,-2.51925,53.06323,"Nantwich Rail Station, Nantwich, Cheshire East CW5, UK"
1973,4098,-4.72721,51.79937,"Narberth Rail Station, Narberth, Pembrokeshire SA67 8, UK"
1974,1881,-1.20335,52.57131,"Narborough Rail Station, Narborough, Leicestershire LE19, UK"
1975,2940,-2.34342,53.39539,"Navigation Road Rail Station, Trafford WA15, UK"
1976,0649,-0.249783,51.55396,"Neasden Ln, Brent, Greater London NW10 1, UK"
1977,4216,-3.80725,51.66236,"Neath Rail Station, Neath, Neath Port Talbot SA11 1, UK"
1978,7354,1.05527,52.1526,"Needham Market Rail Station, Needham Market, Suffolk IP6 8, UK"
1979,9773,-4.42695,55.78303,"Neilston Rail Station, Neilston, East Renfrewshire G78, UK"
1980,2565,-2.21376,53.83502,"Nelson Rail Station, Newchurch, Lancashire BB9, UK"
1981,M930,-8.194567,52.86045,"Tyone, Nenagh, Co. North Tipperary, Ireland"
1982,2139,-3.06309,53.29187,"Neston Rail Station, Neston, Cheshire West and Chester CH64, UK"
1983,6241,-1.07985,52.96143,"Netherfield Rail Station, Carlton, Nottinghamshire NG4 2, UK"
1984,2047,-3.56584,54.45642,"Nethertown Rail Station, Lowside Quarter, Cumbria CA22 2, UK"
1985,5911,-1.34191,50.8749,"Netley Rail Station, Hound, Hampshire SO31 5, UK"
1986,6018,-0.17299,51.64857,"New Barnet Rail Station, Barnet, Greater London EN5, UK"
1987,5058,-0.03527,51.41677,"New Beckenham Rail Station, Bromley, Greater London BR3, UK"
1988,2152,-3.04797,53.43741,"New Brighton Rail Station, Wallasey, Wirral CH45 2, UK"
1989,6289,-0.06081,53.5744,"New Clee Rail Station, North East Lincolnshire DN31 3, UK"
1990,5345,-0.02271,51.46939,"St Johns (London) Rail Station, Lewisham, Greater London SE8, UK"
1991,5150,-0.0325946,51.476673,"New Cross, Lewisham, Greater London SE14, UK"
1992,9533,-4.18434,55.40273,"New Cumnock Rail Station, Mansfield, East Ayrshire KA18, UK"
1993,5119,0.07054,51.43806,"New Eltham Rail Station, Eltham, Greater London SE9 2, UK"
1994,2923,-2.09538,53.6011,"New Hey Rail Station (closed), Newhey, Rochdale OL16, UK"
1995,6209,-0.3602,53.70193,"New Holland Rail Station, New Holland, North Lincolnshire DN19 7, UK"
1996,5238,0.45493,51.313,"New Hythe Rail Station, East Malling, Kent ME20, UK"
1997,2358,-2.86772,53.61168,"New Lane Rail Station, Burscough, New Lane, Lancashire L40, UK"
1998,5567,-0.25594,51.40408,"New Malden Rail Station, Kingston Upon Thames, Greater London KT3 4, UK"
1999,2974,-2.00567,53.36486,"New Mills Central Rail Station, New Mills, Derbyshire SK22, UK"
2000,2769,-2.00852,53.35964,"New Mills Newtown Rail Station, New Mills, Derbyshire SK22, UK"
2001,5881,-1.65781,50.75574,"New Milton Rail Station, New Milton, Hampshire BH25, UK"
2002,8506,-1.68079,53.80449,"New Pudsey Rail Station, Leeds LS28, UK"
2003,0387,0,0,""
2004,6019,-0.14303,51.61412,"New Southgate Rail Station, Enfield, Greater London N11 1, UK"
2005,6498,-0.81315,53.08003,"Newark Castle Rail Station, Newark-on-Trent, Nottinghamshire NG23, UK"
2006,6499,-0.80011,53.08191,"Newark North Gate Rail Station, Newark-on-Trent, Nottinghamshire NG24 1, UK"
2007,9919,-3.14291,51.66581,"Newbridge Rail Station, Newbridge, Caerphilly NP11 5, UK"
2008,0650,0.090337,51.57555,"Eastern Ave, Ilford, Greater London IG2 7, UK"
2009,3071,-1.3078,51.39846,"Newbury Racecourse Rail Station, Greenham, West Berkshire RG14 5, UK"
2010,3074,-1.32286,51.39764,"Newbury Rail Station, Newbury, West Berkshire RG14 7, UK"
2011,H642,-1.711051,55.035946,"B6918, Woolsington, Newcastle Upon Tyne NE20 9, UK"
2012,0298,0,0,""
2013,9144,-1.617286,54.968395,"Station Yard, Newcastle Upon Tyne NE1 5, UK"
2014,7728,-1.61728,54.9684,"Newcastle Rail Station, Newcastle Upon Tyne NE1 5, UK"
2015,8808,-3.09276,55.93485,"Newcraighall Rail Station, Newcraighall, City of Edinburgh EH21, UK"
2016,8845,-1.71105,55.03595,"Perimeter Rd, Newcastle International Airport (NCL), Woolsington, Newcastle Upon Tyne NE13 8, UK"
2017,5330,0.055,50.78978,"Newhaven Harbour Rail Station, Newhaven, East Sussex BN9 0, UK"
2018,5335,0.054985,50.789776,"Transit Rd, Newhaven, East Sussex BN9 0, UK"
2019,5331,0.05495,50.79485,"Newhaven Town Rail Station, Newhaven, East Sussex BN9 0, UK"
2020,5175,0.66858,51.35334,"Newington Rail Station, Newington, Kent ME9, UK"
2021,7038,0.40622,52.23796,"Newmarket Rail Station, Newmarket, Suffolk CB8, UK"
2022,0345,-2.998667,51.589695,"Queensway, Stow Hill, Newport NP20 4, UK"
2023,7039,0.21514,51.97988,"Newport (Essex) Rail Station, Newport, Essex CB11 3, UK"
2024,3674,-2.99865,51.58974,"Newport (S Wales) Rail Station, Stow Hill, Newport NP20 5, UK"
2025,3523,-5.07571,50.41509,"Newquay Rail Station, Newquay, Cornwall TR7 1, UK"
2026,N580,-6.3357687,54.178043,"Newry, Newry and Mourne BT35, UK"
2027,1863,-1.22179,53.07001,"Newstead Rail Station, Newstead, Nottinghamshire NG15, UK"
2028,3426,-3.59919,50.52957,"Newton Abbot Rail Station, Newton Abbot, Devon TQ12, UK"
2029,7834,-1.58965,54.61371,"Newton Aycliffe Rail Station, Great Aycliffe, County Durham DL5 6, UK"
2030,2789,-2.06714,53.4564,"Newton for Hyde Rail Station, Ashton-under-Lyne, Tameside SK14, UK"
2031,9774,-4.13304,55.81877,"Newton (S Lanarks) Rail Station, Cambuslang, South Lanarkshire G72, UK"
2032,2257,-2.61359,53.45307,"Newton-le-Willows Rail Station, Saint Helens, St. Helens WA12, UK"
2033,9571,-4.62582,55.47405,"Newton-on-Ayr Rail Station, Ayr, South Ayrshire KA8 8, UK"
2034,5828,-3.58941,50.77892,"Newton St Cyres Rail Station, Newton Saint Cyres, Devon EX5 5, UK"
2035,8668,-4.1191,57.05913,"Newtonmore Rail Station, The Cairngorms National Park, Highland PH20 1, UK"
2036,4426,-3.3114,52.51233,"Newtown (Powys) Rail Station, Llanllwchaiarn, Powys SY16 1, UK"
2037,3895,-3.2017,51.47662,"Ninian Park Rail Station, Grangetown, Cardiff CF5, UK"
2038,9609,-4.35995,55.81192,"Nitshill Rail Station, Glasgow, Glasgow City G53, UK"
2039,5568,-0.28403,51.41236,"Norbiton Rail Station, Kingston Upon Thames, Greater London KT2 7, UK"
2040,5428,-0.12192,51.41145,"Norbury Rail Station, Croydon, Greater London SW16, UK"
2041,5460,0.38948,50.8261,"Normans Bay Rail Station, Bexhill, East Sussex BN24 6, UK"
2042,8528,-1.42341,53.70053,"Normanton Rail Station, Normanton, Wakefield WF6, UK"
2043,0653,-0.25996,51.523544,"96 Victoria Rd, Ealing, Greater London NW10 6, UK"
2044,9358,-2.73074,56.05703,"North Berwick Rail Station, North Berwick, East Lothian EH39, UK"
2045,5636,-0.7312,51.27579,"North Camp Rail Station, Ash, Surrey GU12 5, UK"
2046,5429,-0.08791,51.45451,"North Dulwich Rail Station, Camberwell, Greater London SE21, UK"
2047,0654,-0.289003,51.517548,"Station Rd, Ealing, Greater London W5 3, UK"
2048,6875,0.68167,51.64859,"North Fambridge Rail Station, North Fambridge, Essex CM3, UK"
2049,0789,0.003605,51.50018,"Green Pl, Greenwich, Greater London SE10 0, UK"
2050,0656,-0.362216,51.58477,"Imperial Dr, Harrow, Greater London HA2 7, UK"
2051,2455,-3.80274,53.14384,"North Llanrwst Rail Station, Llanrwst, Conwy LL26 0, UK"
2052,9189,-3.39458,56.01249,"North Queensferry Rail Station, North Queensferry, Fife KY11, UK"
2053,7895,-1.548235,54.54428,"N Rd, Darlington DL1, UK"
2054,5601,-0.28788,51.46516,"North Sheen Rail Station, Richmond, Greater London TW9, UK"
2055,7308,1.38447,52.81692,"North Walsham Rail Station, North Walsham, Norfolk NR28 0, UK"
2056,1422,-0.28561,51.55442,"Wembley Stadium Rail Station, Brent, Greater London HA9 8, UK"
2057,7996,-1.44128,54.33308,"Northallerton Rail Station, Romanby, North Yorkshire DL7, UK"
2058,1069,-0.90665,52.23751,"Northampton Rail Station, Northampton, Northamptonshire NN1 1, UK"
2059,1111,-1.96585,52.4082,"Northfield Rail Station, Birmingham B31, UK"
2060,0655,-0.314237,51.499367,"249-251 Northfield Ave, Ealing, Greater London W5 4, UK"
2061,5120,0.32434,51.44585,"Northfleet Rail Station, Gravesend, Kent DA11, UK"
2062,1478,-0.35947,51.55755,"Northolt Park Rail Station, Harrow, Greater London UB5, UK"
2063,0657,-0.369002,51.548294,"15-37 The Farmlands, Southall, Greater London UB5 5, UK"
2064,6971,-0.054524,51.602066,""
2065,2326,-2.49693,53.26147,"Northwich Rail Station, Northwich, Cheshire West and Chester CW9, UK"
2066,0660,-0.318212,51.578594,"68 Northwick Ave, Brent, Greater London HA3 0, UK"
2067,0662,-0.409294,51.60049,"Hillingdon, Greater London HA5, UK"
2068,0661,-0.423853,51.611153,"2 Station Approach, Hillingdon, Greater London HA6 2, UK"
2069,9858,-2.19055,52.86672,"Station Rd, Chebsey, Staffordshire ST15 0, UK"
2070,1356,-2.19055,52.86672,"Norton Bridge Rail Station, Chebsey, Staffordshire ST15 0, UK"
2071,7309,1.30683,52.62718,"Norwich Rail Station, Norwich, Norfolk NR1, UK"
2072,5376,-0.0748139,51.397232,"Norwood Junction, Croydon, Greater London CR0, UK"
2073,0663,-0.19681,51.509045,"78-90 Notting Hill Gate, Kensington, Greater London W11 3, UK"
2074,1826,-1.14638,52.94709,"Nottingham Rail Station, Nottingham NG80, UK"
2075,1077,-1.46387,52.52639,"Nuneaton Rail Station, Nuneaton, Warwickshire CV10, UK"
2076,5068,-0.05227,51.46683,"Nunhead Rail Station, Camberwell, Greater London SE15, UK"
2077,7946,-1.16944,54.52788,"Nunthorpe Rail Station, Nunthorpe, Middlesbrough TS7, UK"
2078,5262,-0.88295,50.84606,"Nutbourne Rail Station, Southbourne, West Sussex PO18, UK"
2079,6245,0,0,""
2080,5476,-0.13253,51.22681,"Nutfield Rail Station, Nutfield, Surrey RH1 4, UK"
2081,9129,0,0,""
2082,I756,0,0,""
2083,4689,-2.45019,52.69341,"Oakengates Rail Station, Oakengates, Telford and Wrekin TF2 6, UK"
2084,1904,-0.73416,52.67224,"Oakham Rail Station, Oakham, Rutland LE15, UK"
2085,6020,-0.16621,51.63769,"Oakleigh Park Rail Station, Barnet, Greater London EN5, UK"
2086,0664,-0.131686,51.647472,"113-115 Bramley Rd, Enfield, Greater London N14 4, UK"
2087,8725,-5.47392,56.41246,"Oban Rail Station, Oban, Argyll and Bute PA34, UK"
2088,7451,0.29047,51.522,"Ockendon Rail Station, Thurrock RM15, UK"
2089,5310,-0.336,51.15151,"Ockley Rail Station, Ockley, Surrey RH5, UK"
2090,H559,0,0,""
2091,5786,-3.99625,50.73237,"Okehampton Rail Station, Okehampton, Devon EX20, UK"
2092,4641,-2.05619,52.47094,"Old Hill Rail Station, West Bromwich, Sandwell B64 6, UK"
2093,2258,-2.95108,53.48691,"Old Roan Rail Station, Aintree, Sefton L30 8, UK"
2094,6003,-0.08755,51.5256,""
2095,3219,-2.38051,51.37923,"Oldfield Park Rail Station, Bath, Bath and North East Somerset BA2 3, UK"
2096,2907,-2.10211,53.54107,"Oldham Mumps Rail Station (closed), Oldham OL1, UK"
2097,2908,-2.12927,53.53871,"Oldham Werneth Rail Station (closed), Oldham OL9 6, UK"
2098,4533,-1.80432,52.43852,"Olton Rail Station, Solihull B92 7, UK"
2099,K277,-75.71604,37.690964,"Onley, VA, USA"
2100,5021,0.59157,50.86694,"Ore Rail Station, Hastings, East Sussex TN34 3, UK"
2101,2281,-2.8812,53.56929,"Ormskirk Rail Station, Ormskirk, Lancashire L39, UK"
2102,5122,0.0891,51.3733,"Orpington Rail Station, Bromley, Greater London BR6 0, UK"
2103,2247,-2.96332,53.46191,"Orrell Park Rail Station, Liverpool L9 8, UK"
2104,2259,-2.70884,53.53033,"Orrell Rail Station, Pemberton, Higher End, Wigan WN5, UK"
2105,0667,-0.351766,51.481228,"Great West Rd, Hounslow, Greater London TW7 4, UK"
2106,5071,0.19679,51.31316,"Otford Rail Station, Otford, Kent TN14, UK"
2107,0346,0,0,""
2108,7273,1.71573,52.47778,"Oulton Broad North Rail Station, Oulton Broad, Suffolk NR32 3, UK"
2109,7274,1.70798,52.46975,"Oulton Broad South Rail Station, Oulton Broad, Suffolk NR33 9, UK"
2110,K185,0,0,""
2111,8309,-1.51039,53.7153,"Outwood Rail Station, Wakefield WF3, UK"
2112,0668,-0.112996,51.482025,"Lambeth, Greater London SW9, UK"
2113,2157,-2.92407,53.28406,"Overpool Rail Station, Ellesmere Port, Cheshire West and Chester CH66, UK"
2114,5526,-1.25927,51.25429,"Overton Rail Station, Overton, Hampshire RG25, UK"
2115,2090,-2.72186,54.30494,"Oxenholme Lake District Rail Station, Oxenholme, Kendal, Cumbria LA9, UK"
2116,0669,-0.141749,51.51502,"Westminster, London W1, UK"
2117,3115,-1.27015,51.7535,"Oxford Rail Station, Oxford, Oxfordshire OX2, UK"
2118,5602,-0.36241,51.3364,"Oxshott Rail Station, Cobham, Surrey KT22 0, UK"
2119,5377,-0.00483,51.25791,"Oxted Rail Station, Oxted, Surrey RH8, UK"
2120,0670,-0.175974,51.515713,"167 Praed St, Paddington, Greater London W2 1, UK"
2121,5224,0.38917,51.18226,"Paddock Wood Rail Station, Paddock Wood, Kent TN12, UK"
2122,2387,-2.55681,53.40581,"Padgate Rail Station, Fearnhead, Warrington WA1, UK"
2123,H553,0,0,""
2124,3427,-3.5649,50.4347,"Paignton Rail Station, Torbay TQ4, UK"
2125,9657,-4.4238,55.84007,"Paisley Canal Rail Station, Paisley, Renfrewshire PA1, UK"
2126,9683,-4.4245,55.84734,"Paisley Gilmour Street Rail Station, Paisley, Renfrewshire PA1, UK"
2127,9664,-4.44244,55.8521,"Paisley St James Rail Station, Paisley, Renfrewshire PA3 1, UK"
2128,6021,-0.11043,51.61832,"Palmers Green Rail Station, Enfield, Greater London N13, UK"
2129,3036,-1.09046,51.4854,"Pangbourne Rail Station, Pangbourne, West Berkshire RG8 7, UK"
2130,8479,-1.53346,53.95834,"Pannal Rail Station, Pannal, Harrogate, North Yorkshire HG3, UK"
2131,4250,-3.99746,51.77888,"Pantyffynnon Rail Station, Ammanford, Carmarthenshire SA18, UK"
2132,7435,0,0,""
2133,3524,-4.70472,50.35532,"Par Rail Station, Saint Blazey, Cornwall PL24 2, UK"
2134,2402,-2.77075,53.59077,"Parbold Rail Station, Parbold, Lancashire WN8, UK"
2135,0671,-0.284228,51.526894,"Western Ave, Ealing, Greater London W5 3, UK"
2136,1561,-0.34028,51.72546,"Park Street Rail Station, Saint Albans, Hertfordshire AL2, UK"
2137,5882,-1.94796,50.72296,"Parkstone (Dorset) Rail Station, Poole BH14 8, UK"
2138,3246,-2.60775,51.43332,"Parson Street Rail Station, Bristol, City of Bristol BS3, UK"
2139,0672,-0.201219,51.475075,"68-84 Parsons Green Ln, Hammersmith, Greater London SW6 4, UK"
2140,9917,-4.3088,55.86987,"Partick Rail Station, Glasgow, Glasgow City G11, UK"
2141,2032,-3.5808,54.57037,"Parton Rail Station, Parton, Cumbria CA28 6, UK"
2142,3213,-2.5627,51.52593,"Patchway Rail Station, Stoke Gifford, South Gloucestershire BS34, UK"
2143,2916,-2.35825,53.48479,"Patricroft Rail Station, Salford M30, UK"
2144,9775,-4.33488,55.79039,"Patterton Rail Station, East Renfrewshire G77 6, UK"
2145,1687,-1.47321,52.89701,"Peartree Rail Station, Derby DE23 8, UK"
2146,5423,-0.06941,51.47004,"Peckham Rye Rail Station, Camberwell, Greater London SE15, UK"
2147,7685,-1.64417,55.17812,"Pegswood Rail Station, Pegswood, Northumberland NE61 6, UK"
2148,2403,-2.67035,53.53042,"Pemberton Rail Station, Pemberton, Wigan WN5, UK"
2149,2505,-4.9084334,51.673733,"Pembroke, Dyfed SA70, UK"
2150,4102,-4.93808,51.69392,"Pembroke Dock Rail Station, Pembroke Dock, Pembrokeshire SA72 6, UK"
2151,4101,-4.90607,51.67295,"Pembroke Rail Station, Pembroke, Pembrokeshire SA71, UK"
2152,4140,-4.24787,51.68353,"Pembrey & Burry Port Rail Station, Pembrey, Cefn Sidan, Carmarthenshire SA16, UK"
2153,4254,-3.32194,52.27395,"Pen-y-Bont Rail Station, Llanbadarn Fawr, Powys LD1 5, UK"
2154,4129,-4.72209,51.65892,"Penally Rail Station, Penally, Pembrokeshire SA70, UK"
2155,3863,-3.17447,51.43589,"Penarth Rail Station, Penarth, The Vale of Glamorgan CF64, UK"
2156,3851,-3.5005,51.52461,"Pencoed Rail Station, Pencoed, Bridgend CF35 5, UK"
2157,4021,-3.23011,51.67045,"Pengam Rail Station, Gelligaer, Caerphilly NP12, UK"
2158,5072,-0.05421,51.41934,"Penge East Rail Station, Bromley, Greater London SE26, UK"
2159,5378,-0.060795,51.417435,"Penge West, Bromley, Greater London SE20 8, UK"
2160,4335,-4.03504,52.5457,"Penhelig Rail Station, Snowdonia National Park, Aberdyfi, Gwynedd LL35 0, UK"
2161,6634,-1.62278,53.52557,"Penistone Rail Station, Penistone, Barnsley S36, UK"
2162,1195,-2.1193,52.72352,"Penkridge Rail Station, Penkridge, Staffordshire ST19 5, UK"
2163,2494,-3.92352,53.27048,"Penmaenmawr Rail Station, Penmaenmawr, Conwy LL34 6, UK"
2164,3499,-5.083,50.14978,"Penmere Rail Station, Falmouth, Cornwall TR11 4, UK"
2165,3992,-3.35996,51.66992,"Penrhiwceiber Rail Station, Penrhiwceiber, Rhondda Cynon Taff CF45 3, UK"
2166,2502,0,0,""
2167,4473,-4.06457,52.92884,"Penrhyndeudraeth Rail Station, Penrhyndeudraeth, Gwynedd LL48 6, UK"
2168,2102,-2.75889,54.66181,"Penrith North Lakes Rail Station, Penrith, Cumbria CA10, UK"
2169,3525,-5.11094,50.17027,"Penryn Rail Station, Penryn, Cornwall TR10, UK"
2170,4463,-3.58263,53.29459,"Abergele & Pensarn Rail Station, Abergele, Conwy LL22 7, UK"
2171,5477,0.17348,51.19733,"Penshurst Rail Station, Chiddingstone, Kent TN11, UK"
2172,3944,-3.36233,51.72501,"Pentre-Bach Rail Station, Pentrebach, Merthyr Tydfil CF48, UK"
2173,4409,-4.33874,52.9029,"Penychain Rail Station, Llanystumdwy, Gwynedd LL53, UK"
2174,2433,-3.05485,53.14311,"Penyffordd Rail Station, Penyffordd, Flintshire CH4 0, UK"
2175,0301,0,0,""
2176,3526,-5.53247,50.12168,"Penzance Rail Station, Penzance, Cornwall TR18 2, UK"
2177,0673,-0.323238,51.536625,"7-12 Chilham Close, Southall, Greater London UB6 8, UK"
2178,H546,0,0,""
2179,3528,-5.11184,50.21648,"Perranwell Rail Station, Bissoe, Cornwall TR3 7, UK"
2180,1128,-1.90196,52.5165,"Perry Barr Rail Station, Birmingham B20, UK"
2181,4887,-2.07154,52.13029,"Pershore Rail Station, Pershore, Worcestershire WR10, UK"
2182,8805,-3.4397,56.39208,"Perth Rail Station, Perth, Perth and Kinross PH2, UK"
2183,6133,-0.24983,52.57499,"Peterborough Rail Station, Peterborough PE1 1, UK"
2184,9898,-0.246425,52.57446,"W Service Rd, Peterborough PE1 1, UK"
2185,5657,-0.94114,51.00672,"Petersfield Rail Station, Petersfield, Hampshire GU32 3, UK"
2186,5123,0.07449,51.38862,"Petts Wood Rail Station, Bromley, Greater London BR5, UK"
2187,5461,0.32482,50.81579,"Pevensey & Westham Rail Station, Westham, East Sussex BN24, UK"
2188,5462,0.34292,50.81745,"Pevensey Bay Rail Station, Pevensey, East Sussex BN24, UK"
2189,3062,-1.77068,51.34219,"Pewsey Rail Station, Pewsey, Wiltshire SN9 5, UK"
2190,0674,-0.133853,51.50993,"17 Coventry St, Westminster, London W1J 9, UK"
2191,K294,0,0,""
2192,3214,-2.62712,51.55662,"Pilning Rail Station, Pilning, South Gloucestershire BS35, UK"
2193,0776,-0.133821,51.48924,"4-8 Rampayne St, Westminster, London SW1V 2, UK"
2194,5757,-3.46935,50.73777,"Pinhoe Rail Station, Exeter, Devon EX4, UK"
2195,0675,-0.380927,51.592857,"11 Station Approach, Harrow, Greater London HA5 5, UK"
2196,8801,-3.73557,56.70249,"Pitlochry Rail Station, Pitlochry, Perth and Kinross PH16, UK"
2197,7452,0.5063,51.56036,"Pitsea Rail Station, Basildon, Essex SS16, UK"
2198,0676,0.01781,51.531208,"Settle Rd, East Ham, Greater London E13 0, UK"
2199,2752,-2.54413,53.73097,"Pleasington Rail Station, Pleasington, Blackburn with Darwen BB2, UK"
2200,8670,-5.666,57.33354,"Plockton Rail Station, Plockton, Highland IV40, UK"
2201,5225,0.74741,51.15647,"Pluckley Rail Station, Pluckley, Kent TN27, UK"
2202,2308,-2.41967,53.27469,"Plumley Rail Station, Plumley, Cheshire East WA16, UK"
2203,5332,-0.06018,50.92866,"Plumpton Rail Station, Plumpton, East Sussex BN7 3, UK"
2204,5208,0.08427,51.4898,"Plumstead Rail Station, Eltham, Greater London SE18 7, UK"
2205,7431,-4.18686,50.40138,"St Budeaux Ferry Road Rail Station, Plymouth PL5, UK"
2206,3580,-4.14336,50.37782,"Plymouth Rail Station, Plymouth PL1, UK"
2207,5885,-1.82511,50.73107,"Pokesdown Rail Station, Bournemouth BH7, UK"
2208,5455,0.24515,50.82124,"Polegate Rail Station, Polegate, East Sussex BN26, UK"
2209,1078,-1.61054,52.62584,"Polesworth Rail Station, Polesworth, Warwickshire B78, UK"
2210,9820,-4.28744,55.8247,"Pollokshaws East Rail Station, Glasgow, Glasgow City G43 2, UK"
2211,9804,-4.3016,55.82381,"Pollokshaws West Rail Station, Glasgow, Glasgow City G43 1, UK"
2212,9821,-4.2686,55.84105,"Pollokshields East Rail Station, Glasgow, Glasgow City G41 2, UK"
2213,9623,-4.27575,55.83768,"Pollokshields West Rail Station, Glasgow, Glasgow City G41 4, UK"
2214,9785,0,0,""
2215,9936,-3.71497,55.98472,"Polmont Rail Station, Falkirk FK2 0, UK"
2216,3422,-3.50197,50.73127,"Polsloe Bridge Rail Station, Exeter, Devon EX1 2, UK"
2217,G402,-117.75305,34.09364,"Pomona (North) Metrolink Station, Pomona, CA 91767, USA"
2218,6819,-0.03507,51.64226,"Ponders End Rail Station, Enfield, Greater London EN3, UK"
2219,2459,-3.86274,53.06515,"Pont-y-Pant Rail Station, Snowdonia National Park, Dolwyddelan, Conwy LL25, UK"
2220,4251,-4.04558,51.71762,"Pontarddulais Rail Station, Pontardulais, Swansea SA4 8, UK"
2221,8540,-1.30336,53.6919,"Pontefract Baghill Rail Station, Wakefield WF8 1, UK"
2222,8548,-1.30369,53.699,"Pontefract Monkhill Rail Station, Wakefield WF8, UK"
2223,8541,-1.31892,53.69414,"Pontefract Tanshelf Rail Station, Wakefield WF8, UK"
2224,4023,-3.27897,51.74663,"Pontlottyn Rail Station, Rhymney, Caerphilly CF81, UK"
2225,3850,-3.39293,51.52377,"Pontyclun Rail Station, Pontyclun, Rhondda Cynon Taff CF72 9, UK"
2226,3744,-3.01425,51.69796,"Pontypool & New Inn Rail Station, New Inn, Torfaen NP4, UK"
2227,3904,-3.34139,51.59937,"Pontypridd Rail Station, Pontypridd, Rhondda Cynon Taff CF37 1, UK"
2228,5891,-1.9811296,50.71941,"Poole, UK"
2229,5883,-1.98333,50.71941,"Poole Rail Station, Poole BH15, UK"
2230,8254,-1.14859,53.97591,"Poppleton Rail Station, Upper Poppleton, York YO26 6, UK"
2231,9667,-4.68981,55.9335,"Port Glasgow Rail Station, Greenock, Inverclyde PA14 5, UK"
2232,2198,-2.99804,53.34927,"Port Sunlight Rail Station, Birkenhead, Wirral CH63, UK"
2233,4181,-3.78134,51.59171,"Port Talbot Parkway Rail Station, Margam Moors, Neath Port Talbot SA12, UK"
2234,M940,-6.435928,54.43079,""
2235,N590,-7.182055,53.146126,"15 Station Grove, Portarlington, Co. Laois, Ireland"
2236,5928,-1.12424,50.84874,"Portchester Rail Station, Fareham, Hampshire PO16, UK"
2237,3870,-3.4072,51.61253,"Porth Rail Station, Porth, Rhondda Cynon Taff CF39 9, UK"
2238,2503,-4.126922,52.924053,"South Snowdon Wharf, Porthmadog, Gwynedd LL49 9, UK"
2239,4313,-4.13446,52.93093,"Porthmadog Rail Station, Porthmadog, Gwynedd LL49 9, UK"
2240,M950,-7.301295,53.036865,"Railway St, Portlaoise, Co. Laois, Ireland"
2241,8860,-2.12662,57.06136,"Portlethen Rail Station, Aberdeenshire AB12, UK"
2242,J767,0,0,""
2243,M960,-6.653552,55.20273,""
2244,5276,-0.20532,50.83568,"Portslade Rail Station, Brighton, Brighton and Hove BN3, UK"
2245,5537,-1.09091,50.79848,"Portsmouth & Southsea Rail Station, Portsmouth PO1, UK"
2246,5829,-3.95061,50.957,"Portsmouth Arms Rail Station, Burrington, Devon EX37 9, UK"
2247,0892,-1.092002,50.81123,"Wharf Rd, Portsmouth PO2 8, UK"
2248,5540,-1.10784,50.79695,"Portsmouth Harbour Rail Station, Portsmouth PO1, UK"
2249,9958,-4.25803,55.89023,"Possilpark & Parkhouse Rail Station, Glasgow, Glasgow City G22, UK"
2250,6022,-0.1926,51.69707,"Potters Bar Rail Station, Potters Bar, Hertfordshire EN6, UK"
2251,2671,-2.99063,53.84844,"Poulton-le-Fylde Rail Station, Hardhorn and Thornton, Lancashire FY6 7, UK"
2252,2874,-2.13441,53.3504,"Poynton Rail Station, Poynton, Cheshire East SK12, UK"
2253,1346,-2.68974,52.89965,"Prees Rail Station, Wem Rural, Shropshire SY4, UK"
2254,2337,-2.79917,53.42357,"Prescot Rail Station, Prescot, Knowsley L34, UK"
2255,2521,-3.40714,53.33652,"Prestatyn Rail Station, Prestatyn, Denbighshire LL19, UK"
2256,2875,-2.14548,53.2934,"Prestbury Rail Station, Prestbury, Cheshire East SK10, UK"
2257,2753,-2.70812,53.75687,"Preston Rail Station, Preston, Lancashire PR1, UK"
2258,5285,-0.15517,50.84594,"Preston Park Rail Station, Brighton, Brighton and Hove BN1, UK"
2259,0946,0,0,""
2260,0677,-0.295268,51.57203,"271 Preston Rd, Brent, Greater London HA3 0, UK"
2261,9366,-2.97477,55.95309,"Prestonpans Rail Station, East Lothian EH32 9, UK"
2262,G204,-2.2713003,53.53408,"Prestwich, Manchester, Bury M25, UK"
2263,9544,-4.61416,55.50903,"Prestwick Intl Airport Rail Station, South Ayrshire KA9 2, UK"
2264,9543,-4.61515,55.50169,"1-19 Links Rd, Ayr, South Ayrshire KA9 1, UK"
2265,9808,-4.34289,55.81216,"Priesthill & Darnley Rail Station, Glasgow, Glasgow City G53, UK"
2266,3055,-0.84388,51.71786,"Princes Risborough Rail Station, Princes Risborough, Buckinghamshire HP27 9, UK"
2267,7419,0.71069,51.55069,"Prittlewell Rail Station, Southend-on-Sea SS99, UK"
2268,7509,-1.86486,54.96583,"Prudhoe Rail Station, Prudhoe, Northumberland NE42 6, UK"
2269,0859,-0.014205,51.53395,"8 Barbers Rd, Stratford, Greater London E15 2, UK"
2270,5468,-0.51655,50.95735,"Pulborough Rail Station, Pulborough, West Sussex RH20, UK"
2271,7453,0.23678,51.48102,"Purfleet Rail Station, Thurrock RM19 1, UK"
2272,5430,-0.09885,51.34705,"Purley Oaks Rail Station, Croydon, Greater London CR2 0, UK"
2273,5379,-0.11403,51.33758,"Purley Rail Station, Croydon, Greater London CR8, UK"
2274,0678,-0.208966,51.467896,"6 Station Approach, Hammersmith, Greater London SW6 3, UK"
2275,5603,-0.21647,51.46131,"Putney Rail Station, Wandsworth, Greater London SW15, UK"
2276,4314,-4.41672,52.88785,"Pwllheli Rail Station, Pwllheli, Gwynedd LL53, UK"
2277,4185,-3.69808,51.52574,"Pyle Rail Station, Pyle, Cynffig, Bridgend CF33, UK"
2278,1494,0,0,""
2279,J263,0,0,""
2280,3994,-3.32281,51.66072,"Quakers Yard Rail Station, Treharris, Merthyr Tydfil CF46 5, UK"
2281,5176,0.74968,51.41564,"Queenborough Rail Station, Queenborough, Kent ME11, UK"
2282,9822,-4.265828,55.83482,""
2283,1419,-0.20498,51.53397,"Queen's Park, Brent, Greater London NW6 6, UK"
2284,5424,-0.05731,51.47357,"Queens Road Peckham Rail Station, Camberwell, Greater London SE15, UK"
2285,0679,-0.285773,51.594334,"Queensbury Station Parade, Brent, Greater London HA8 5, UK"
2286,5596,-0.14667,51.47497,"Queenstown Road (Battersea) Rail Station, Wandsworth, Greater London SW11, UK"
2287,0681,-0.187063,51.51039,"1-3 Queensway, Paddington, Greater London W2 4, UK"
2288,3531,-5.02981,50.40397,"Quintrell Downs Rail Station, Colan, Cornwall TR8, UK"
2289,G201,-2.321522,53.562195,"Crook St, Bury M26 2, UK"
2290,6242,-1.03733,52.94881,"Radcliffe (Notts) Rail Station, Radcliffe On Trent, Nottinghamshire NG12, UK"
2291,1546,-0.31724,51.68519,"Radlett Rail Station, Aldenham, Radlett, Hertfordshire WD7 7, UK"
2292,3118,-1.24048,51.68621,"Radley Rail Station, Radley, Oxfordshire OX14 3, UK"
2293,H018,0,0,""
2294,3874,-3.24836,51.51633,"Radyr Rail Station, Radyr, Cardiff CF14, UK"
2295,2404,-2.78947,53.51712,"Rainford Rail Station, Rainford, Rainford Junction, St. Helens WA11 7, UK"
2296,7454,0.19075,51.51735,"Ferry Ln, Romford, Greater London RM13 9, UK"
2297,5177,0.61135,51.3663,"Rainham (Kent) Rail Station, Gillingham, Medway ME8 7, UK"
2298,2296,-2.7664,53.41713,"Rainhill Rail Station, Rainhill, St. Helens L35 0, UK"
2299,5013,1.3471758,51.33694,"Ramsgate, Kent, UK"
2300,5023,1.40649,51.34081,"Ramsgate Rail Station, Margate, Kent CT12, UK"
2301,2734,-2.47814,53.77979,"Ramsgreave & Wilpshire Rail Station, Ramsgreave, Lancashire BB1, UK"
2302,8834,-4.57686,56.68603,"Rannoch Rail Station, Perth and Kinross PH17 2, UK"
2303,N630,-116.89658,47.812405,"Rathdrum, ID 83858, USA"
2304,N640,-9.216349,52.08558,"4-8 The Crescent, Rathmore, Co. Kerry, Ireland"
2305,6361,-0.4566,52.98522,"Rauceby Rail Station, Sleaford, Lincolnshire NG34, UK"
2306,1999,-3.40881,54.35571,"Ravenglass Rail Station, The Lake District, Muncaster, Ravenglass, Cumbria CA19, UK"
2307,5083,-0.00755,51.41419,"Ravensbourne Rail Station, Bromley, Greater London BR2, UK"
2308,0682,-0.235941,51.49407,"1-8 Ravenscourt Pl, Hammersmith, Greater London W6 0, UK"
2309,8519,-1.65558,53.67554,"Ravensthorpe Rail Station, Dewsbury, Kirklees WF12 9, UK"
2310,8031,-0.96086,53.68906,"Rawcliffe Rail Station, Rawcliffe, East Riding of Yorkshire DN14, UK"
2311,6884,0.59999,51.5893,"Rayleigh Rail Station, Rayleigh, Essex SS6 7, UK"
2312,0683,-0.371003,51.574966,"473 Alexandra Ave, Harrow, Greater London HA5 5, UK"
2313,5569,-0.23015,51.40918,"Raynes Park Rail Station, Merton, Greater London SW20 8, UK"
2314,3160,-0.99014,51.4555,"Reading West Rail Station, Reading RG1, UK"
2315,3149,-0.97187,51.45878,"Reading Rail Station, Reading RG4, UK"
2316,6967,-0.06826,51.55851,"Rectory Road Rail Station, Hackney, Greater London N16 7, UK"
2317,5912,-1.470172,50.91993,"Redbridge Station, ‎Station Road, Southampton SO15 0"
2318,0684,0.045426,51.576275,"Eastern Ave, Ilford, Greater London IG4 5, UK"
2319,7932,-1.11267,54.60989,"British Steel Redcar Rail Station, Redcar, Redcar and Cleveland TS10 5, UK"
2320,7950,-1.07087,54.61623,"Redcar Central Rail Station, Redcar, Redcar and Cleveland TS10, UK"
2321,7974,-1.0523,54.60926,"Redcar East Rail Station, Redcar, Redcar and Cleveland TS10 3, UK"
2322,2979,-2.15625,53.44943,"Reddish North Rail Station, Stockport SK5, UK"
2323,2857,-2.15876,53.43594,"Reddish South Rail Station, Stockport SK5, UK"
2324,1208,-1.94525,52.30634,"Redditch Rail Station, Redditch, Worcestershire B97, UK"
2325,5478,-0.1659,51.2402,"Redhill Rail Station, Reigate and Banstead, Surrey RH1, UK"
2326,3247,-2.59913,51.46839,"Redland Rail Station, Bristol, City of Bristol BS6, UK"
2327,3530,-5.22597,50.23324,"Redruth Rail Station, Redruth, Cornwall TR16, UK"
2328,5431,-0.12341,51.33112,"Reedham (Surrey) Rail Station, Croydon, Greater London CR8, UK"
2329,7316,1.55967,52.56453,"Reedham (Norfolk) Rail Station, Reedham, Norfolk NR13, UK"
2330,0685,-0.146856,51.52349,"Marylebone Rd, Paddington, Greater London W1B 1, UK"
2331,5480,-0.20382,51.24196,"Reigate Rail Station, Reigate and Banstead, Surrey RH2 0, UK"
2332,9867,-4.58611,55.97042,"Renton Rail Station, Alexandria, West Dunbartonshire G82, UK"
2333,6511,-0.94788,53.31518,"Retford Rail Station, Clumber and Hardwick, Nottinghamshire DN22, UK"
2334,3835,0,0,""
2335,3906,-3.21398,51.52118,"Rhiwbina Rail Station, Rhiwbina, Cardiff CF14, UK"
2336,3876,-3.3494,51.38707,"34 Torbay Terrace, Rhoose, The Vale of Glamorgan CF62 3, UK"
2337,2544,-4.50666,53.23486,"Rhosneigr Rail Station, Llanfaelog, Isle of Anglesey LL64 5, UK"
2338,9066,-6.273035,57.01053,""
2339,2461,-3.48911,53.31844,"Rhyl Rail Station, Rhyl, Denbighshire LL18, UK"
2340,4027,-3.28931,51.75884,"Rhymney Rail Station, Rhymney, Caerphilly NP22 5, UK"
2341,2106,-2.36085,54.20585,"Ribblehead Rail Station, Yorkshire Dales, Ingleton, North Yorkshire LA6 3, UK"
2342,2131,-2.96232,53.45778,"Rice Lane Rail Station, Liverpool L9 2, UK"
2343,5570,-0.30141,51.46315,"Richmond, Greater London TW9 1, UK"
2344,K182,0,0,""
2345,0687,-0.4691897,51.63882,"Rickmansworth, Hertfordshire, UK"
2346,5432,-0.09938,51.33249,"Riddlesdown Rail Station, Croydon, Greater London CR8 1, UK"
2347,1538,-0.59455,52.02641,"Ridgmont Rail Station, Husborne Crawley, Central Bedfordshire MK43 0, UK"
2348,7510,-1.97155,54.94873,"Riding Mill Rail Station, Broomhaugh and Riding, Northumberland NE44, UK"
2349,9920,-3.09223,51.60584,"Risca & Pontymister Rail Station, Risca, Caerphilly NP11 6, UK"
2350,2580,-2.42016,53.76383,"Rishton Rail Station, Rishton, Accrington, Lancashire BB1 4, UK"
2351,5226,0.46879,50.98493,"Robertsbridge Rail Station, Salehurst, Robertsbridge, East Sussex TN32 5, UK"
2352,9839,0,0,""
2353,6317,0,0,""
2354,H268,0,0,""
2355,2261,-2.85594,53.41005,"Roby Rail Station, Huyton-with-Roby, Hyton, Knowsley L36, UK"
2356,2924,-2.15352,53.61032,"Rochdale Rail Station, Rochdale OL11 1, UK"
2357,3532,-4.83023,50.41827,"Roche Rail Station, Roche, Cornwall PL26 8, UK"
2358,5203,0.51029,51.38555,"Rochester Rail Station, Strood, Rochester, Medway ME1, UK"
2359,6885,0.70232,51.58173,"Rochford Rail Station, Rochford, Essex SS4, UK"
2360,2189,-3.01083,53.37267,"Rock Ferry Rail Station, Birkenhead, Wirral CH42, UK"
2361,0688,0.04387,51.617104,"Station Approach, Loughton, Essex IG9 6, UK"
2362,8671,-4.15819,57.9887,"Rogart Rail Station, Highland IV28, UK"
2363,9921,-3.06663,51.59561,"Rogerstone Rail Station, Rogerstone, Newport NP10 9, UK"
2364,6353,-0.89967,53.06531,"Rolleston Rail Station, Rolleston, Nottinghamshire NG25 0, UK"
2365,2444,-3.92165,53.04444,"Roman Bridge Rail Station, Snowdonia National Park, Dolwyddelan, Conwy LL25, UK"
2366,6886,0.18325,51.57483,"Romford Rail Station, Romford, Greater London RM1, UK"
2367,2833,-2.08932,53.41403,"Romiley Rail Station, Bredbury, Stockport SK6, UK"
2368,2541,0,0,""
2369,5943,-1.49315,50.99252,"Romsey Rail Station, Romsey, Hampshire SO51 8, UK"
2370,1962,-3.19458,54.11517,"Roose Rail Station, Dalton-in-Furness, Cumbria LA13, UK"
2371,M980,-8.196166,53.62395,"Ardnanagh, Roscommon, Co. Roscommon, Ireland"
2372,M990,-7.794467,52.960613,"Fancroft Rd, Roscrea, Co. North Tipperary, Ireland"
2373,2722,-2.2828,53.7862,"Rose Grove Rail Station, Burnley, Lancashire BB11 5, UK"
2374,2873,-2.07652,53.39624,"Rose Hill Marple Rail Station, Marple, Stockport SK6, UK"
2375,N010,-6.33666,52.25815,"N25, Co. Wexford, Ireland"
2376,N020,-6.392509,52.2721,"18 Seabury, Rosslare, Co. Wexford, Ireland"
2377,9190,-3.42731,56.04551,"Rosyth Rail Station, Fife KY11, UK"
2378,6676,-1.36044,53.43227,"Rotherham Central Rail Station, Rotherham S60 1, UK"
2379,0689,0,0,""
2380,J411,-65.980995,45.382416,"Rothesay, NB, Canada"
2381,0148,4.481776,51.924217,"Rotterdam, The Netherlands"
2382,7297,1.2998,52.91804,"Roughton Road Rail Station, Cromer, Norfolk NR27, UK"
2383,5658,-0.95746,50.89216,"Rowlands Castle Rail Station, Rowlands Castle, Hampshire PO9, UK"
2384,4606,-2.03088,52.47733,"Rowley Regis Rail Station, West Bromwich, Sandwell B65 0, UK"
2385,8835,-4.83724,56.88834,"Roy Bridge Rail Station, Roybridge, Highland PH31 4, UK"
2386,0690,-0.188216,51.51899,"Lord Hills Bridge, Paddington, Greater London W2 6, UK"
2387,6829,0.03626,51.77549,"Roydon Rail Station, Roydon, Essex CM19, UK"
2388,6090,-0.02691,52.05309,"Royston Rail Station, Royston, Hertfordshire SG8 5, UK"
2389,4477,-3.04315,52.98715,"Ruabon Rail Station, Ruabon, Wrexham LL14, UK"
2390,2315,-2.80784,53.63448,"Rufford Rail Station, Rufford, Lancashire L40, UK"
2391,1087,-1.25048,52.37911,"Rugby Rail Station, Rugby, Warwickshire CV23, UK"
2392,1135,-1.93684,52.75439,"Rugeley Town Rail Station, Brereton, Staffordshire WS15, UK"
2393,1084,-1.92985,52.76967,"Rugeley Trent Valley Rail Station, Colton, Staffordshire WS15, UK"
2394,0692,-0.410453,51.560627,"Hillingdon, Greater London HA4, UK"
2395,0693,-0.412347,51.573177,"Hillingdon, Greater London HA4 9, UK"
2396,0691,-0.421456,51.57145,"1 Station Approach, Hillingdon, Greater London HA4 8, UK"
2397,2294,-2.6657,53.32759,"Runcorn East Rail Station, Runcorn, Halton WA7, UK"
2398,2291,-2.73925,53.33871,"Runcorn Rail Station, Runcorn, Halton WA7, UK"
2399,6327,-0.38076,53.04148,"Ruskington Rail Station, Ruskington, Lincolnshire NG34, UK"
2400,0694,-0.12439,51.52296,"16-30 Colonnade, Camden Town, Greater London WC1N 1, UK"
2401,8174,-0.62777,54.4702,"Ruswarp Rail Station, Whitby, North Yorkshire YO21 1, UK"
2402,9787,-4.2121,55.83059,"Rutherglen Rail Station, Cambuslang, South Lanarkshire G73 1, UK"
2403,5542,-1.15977,50.73285,"Ryde Esplanade Rail Station, Newport, Isle Of Wight PO33, UK"
2404,H301,-1.158113,50.73261,"Quay Rd, Newport, Isle Of Wight PO33 2, UK"
2405,5541,-1.16013,50.73917,"Newport, Isle Of Wight PO33 2, UK"
2406,5543,-1.15657,50.72435,"Ryde St Johns Road Rail Station, Newport, Isle Of Wight PO33 2, UK"
2407,2977,-2.17309,53.4566,"Ryder Brow Rail Station, Manchester M18, UK"
2408,6820,0.00564,51.76942,"Rye House Rail Station, Hoddesdon, Hertfordshire EN11 0, UK"
2409,5024,0.73071,50.95237,"Rye Rail Station, Rye, East Sussex TN31, UK"
2410,7998,0.2430344,52.023293,"Saffron Walden, Essex, UK"
2411,G213,-2.319134,53.42424,"School Rd, Trafford M33 2, UK"
2412,2798,-2.25484,53.48309,"Salford Central Rail Station, Salford M3, UK"
2413,2794,-2.27575,53.4866,"Salford Crescent Rail Station, University of Salford, Salford M5, UK"
2414,G023,-2.283998,53.470245,"St Peter Quay, Salford M50 3, UK"
2415,5380,-0.16249,51.20174,"Salfords (Surrey) Rail Station, Salfords, Surrey RH1 5, UK"
2416,7318,1.39143,52.6756,"Salhouse Rail Station, Salhouse, Norfolk NR13 6, UK"
2417,5663,-1.80639,51.07054,"Salisbury Rail Station, Salisbury, Wiltshire SP2, UK"
2418,8561,-1.79048,53.8385,"Saltaire Rail Station, Queensbury, Bradford BD18 4, UK"
2419,3587,-4.20916,50.40735,"Saltash Rail Station, Saltash, Cornwall PL12 4, UK"
2420,7951,-0.97414,54.58346,"Saltburn Rail Station, Saltburn Marske and New Marske, Redcar and Cleveland TS12 1, UK"
2421,9547,-4.78428,55.63387,"Saltcoats Rail Station, Ardrossan, North Ayrshire KA21, UK"
2422,8033,-0.80949,53.72194,"Saltmarshe Rail Station, Laxton, East Riding of Yorkshire DN14 7, UK"
2423,2673,-2.81704,53.78155,"Salwick Rail Station, Clifton, Lancashire PR4, UK"
2424,8724,-3.94893,50.77009,"Sampford Courtenay Rail Station, Sampford Courtenay, Devon EX20 2, UK"
2425,8358,-1.48141,53.66309,"Sandal & Agbrigg Rail Station, Wakefield WF2, UK"
2426,1261,-2.39351,53.15019,"Sandbach Rail Station, Sandbach, Cheshire East CW11, UK"
2427,5433,-0.09367,51.34828,"Sanderstead Rail Station, Croydon, Greater London CR2, UK"
2428,2249,-2.9915,53.42995,"Sandhills Rail Station, Liverpool L5 9, UK"
2429,5646,-0.80459,51.34693,"High St, Sandhurst, Bracknell Forest GU47 8, UK"
2430,5025,1.06606,51.09037,"Sandling Rail Station, Saltwood, Kent CT21, UK"
2431,5525,-1.16239,50.65685,"Sandown Rail Station, Sandown, Isle Of Wight PO36, UK"
2432,3584,-4.46452,50.38674,"Sandplace Rail Station, Morval, Cornwall PL14, UK"
2433,1149,-2.0116,52.50867,"Sandwell & Dudley Rail Station, West Bromwich, Sandwell B70, UK"
2434,5026,1.34258,51.26991,"Sandwich Rail Station, Sandwich, Kent CT13 9, UK"
2435,6172,-0.28119,52.12475,"Sandy Rail Station, Sandy, Central Bedfordshire SG19, UK"
2436,2388,-2.65047,53.39248,"Sankey for Penketh Rail Station, Great Sankey, Warrington WA5 1, UK"
2437,9549,-3.92452,55.37016,"Sanquhar Rail Station, Sanquhar, Dumfries and Galloway DG4 6, UK"
2438,4270,-3.58993,51.53872,"Sarn Rail Station, Tondu, Saint Brides Minor, Bridgend CF32, UK"
2439,4108,-4.71662,51.72209,"Saundersfoot Rail Station, Pembrokeshire Coast National Park, Saundersfoot, Pembrokeshire SA69 9, UK"
2440,3056,-0.82547,51.6759,"Saunderton Rail Station, Bledlow-cum-Saunderton, Buckinghamshire HP14, UK"
2441,6806,0.16043,51.81435,"Sawbridgeworth Rail Station, Sawbridgeworth, Hertfordshire CM21, UK"
2442,6328,-0.66404,53.26722,"Saxilby Rail Station, Saxilby, Lincolnshire LN1 2, UK"
2443,7224,1.49018,52.21492,"Saxmundham Rail Station, Saxmundham, Suffolk IP17, UK"
2444,8185,-0.40571,54.2798,"Scarborough Rail Station, Scarborough, North Yorkshire YO11 1, UK"
2445,4560,4.3988185,51.91696,"Schiedam, The Netherlands"
2446,8672,-3.55207,58.48298,"Scotscalder Rail Station, Olgrinmore, Highland KW12 6, UK"
2447,9996,-4.35288,55.88513,"Scotstounhill Rail Station, Glasgow, Glasgow City G13 1, UK"
2448,0355,-3.52756,58.59017,"Thurso Rail Station, Thurso, Highland KW14 7, UK"
2449,6456,-0.65098,53.5862,"Scunthorpe Rail Station, North Lincolnshire DN15 6, UK"
2450,3254,-2.64996,51.47999,"Sea Mills Rail Station, Bristol, City of Bristol BS9, UK"
2451,7641,-1.38669,54.92954,"Seaburn Rail Station, Castletown, Sunderland SR5, UK"
2452,5333,-73.48818,40.665936,"Seaford, NY, USA"
2453,2250,-3.00563,53.46628,"Seaforth & Litherland Rail Station, Seaforth, Southport, Sefton L21, UK"
2454,7814,-1.34633,54.83906,"Seaham Rail Station, Seaham, County Durham SR7, UK"
2455,8178,-0.41703,54.24076,"Seamer Rail Station, Seamer, North Yorkshire YO11, UK"
2456,2003,-3.48451,54.39588,"Seascale Rail Station, Seascale, Cumbria CA20 1, UK"
2457,8007,-1.20042,54.65832,"Seaton Carew Rail Station, Hartlepool TS25 2, UK"
2458,0356,-4.385538,50.364887,"Saint Germans, Cornwall PL11, UK"
2459,3061,-0.60781,51.60984,"Seer Green Rail Station, Seer Green, Buckinghamshire HP9 2, UK"
2460,8201,-1.06378,53.7828,"Selby Rail Station, Selby, North Yorkshire YO8, UK"
2461,5434,-0.0883,51.39193,"Selhurst Rail Station, Croydon, Greater London CR0, UK"
2462,2004,-3.51046,54.41659,"Sellafield Rail Station, Saint Bridget Beckermet, Cumbria CA20 1, UK"
2463,5179,0.94089,51.27736,"Selling Rail Station, Selling, Oversland, Kent ME13 9, UK"
2464,1105,-1.93581,52.44199,"Selly Oak Rail Station, Birmingham B29 6, UK"
2465,2107,-2.28071,54.06692,"Settle Rail Station, Yorkshire Dales, Settle, North Yorkshire BD24, UK"
2466,6893,0.09711,51.56403,"Seven Kings Rail Station, Ilford, Greater London IG3, UK"
2467,6931,-0.072492,51.583355,"231-247 High Rd, Tottenham, Greater London N15 5, UK"
2468,0698,-0.072543,51.58335,"231-247 High Rd, Tottenham, Greater London N15 5, UK"
2469,5124,0.18168,51.27686,"Sevenoaks Rail Station, Sevenoaks, Kent TN14, UK"
2470,3205,-2.66449,51.56002,"Severn Beach Rail Station, Pilning, South Gloucestershire BS35 4, UK"
2471,3679,-2.7779,51.58467,"Severn Tunnel Junction Rail Station, Rogiet, Monmouthshire NP26 3, UK"
2472,0699,0,0,""
2473,0357,-79.693054,43.73667,"Walker Dr at Shaftsbury Lane, Brampton, ON L6T, Canada"
2474,5638,-0.5668,51.21432,"Shalford (Surrey) Rail Station, Shalford, Surrey GU4, UK"
2475,5529,-1.17984,50.6339,"Shanklin Rail Station, Shanklin, Isle Of Wight PO37 7, UK"
2476,2925,-2.08958,53.57682,"Shaw & Crompton Rail Station (closed), Shaw, Oldham OL2 8, UK"
2477,5929,-1.32778,51.02212,"Shawford Rail Station, Compton, Hampshire SO21 2, UK"
2478,9823,-4.29234,55.8292,"Shawlands Rail Station, Glasgow, Glasgow City G41 3, UK"
2479,5184,0.75855,51.44106,"Sheerness-on-Sea Rail Station, Sittingbourne, Kent ME12 1, UK"
2480,6691,-1.4621,53.37824,"Sheffield Rail Station, Norton, Sheffield S2, UK"
2481,7043,0.13998,52.14884,"Shelford (Cambs) Rail Station, Great Shelford, Cambridgeshire CB22, UK"
2482,6888,0.32985,51.63088,"Shenfield Rail Station, Brentwood, Essex CM15, UK"
2483,1178,-1.8442,52.63937,"Shenstone Rail Station, Shenstone, Staffordshire WS14, UK"
2484,9587,-0.2176988,51.50524,"Shepherd's Bush, Hammersmith, Greater London W12, UK"
2485,5186,1.22992,51.1884,"Shepherds Well Rail Station, Shepherdswell, Kent CT15 7, UK"
2486,0700,-0.218782,51.504463,"42-54 Uxbridge Rd, Hammersmith, Greater London W12 8, UK"
2487,0775,-0.225949,51.50586,"Poplar Mews, Hammersmith, Greater London W12 7, UK"
2488,8448,-1.70493,53.58875,"Shepley Rail Station, Kirkburton, Kirklees HD8, UK"
2489,5605,-0.44678,51.39681,"Shepperton Rail Station, Staines, Surrey TW17, UK"
2490,7044,0.03133,52.11417,"Shepreth Rail Station, Shepreth, Cambridgeshire CB22, UK"
2491,5835,-2.51308,50.94401,"Sherborne Rail Station, Sherborne, Dorset DT9 3, UK"
2492,8257,-1.23268,53.79717,"Sherburn-in-Elmet Rail Station, Sherburn In Elmet, North Yorkshire LS25 6, UK"
2493,7319,1.21033,52.94145,"Sheringham Rail Station, Sheringham, Norfolk NR26 8, UK"
2494,9903,-4.16003,55.85352,"Shettleston Rail Station, Glasgow, Glasgow City G32, UK"
2495,9552,-3.95699,55.77748,"Shieldmuir Rail Station, Motherwell, North Lanarkshire ML2 7, UK"
2496,4619,-2.37185,52.66609,"Shifnal Rail Station, Shifnal, Shropshire TF11, UK"
2497,7893,-1.63661,54.62617,"Shildon Rail Station, Shildon, County Durham DL4 2, UK"
2498,3150,-0.8826,51.51146,"Shiplake Rail Station, Shiplake, Oxfordshire RG9 3, UK"
2499,8347,-1.77326,53.83275,"Station Rd, Queensbury, Bradford BD18 2, UK"
2500,7073,0.41336,52.43023,"Shippea Hill Rail Station, Ely, Cambridgeshire CB7, UK"
2501,3009,-1.5927,51.86565,"Shipton Rail Station, Shipton under Wychwood, Oxfordshire OX7 6, UK"
2502,1595,-1.20244,53.20426,"Shirebrook Rail Station, Shirebrook, Derbyshire NG20, UK"
2503,3206,-2.67929,51.48435,"Shirehampton Rail Station, Avonmouth, Bristol, City of Bristol BS20, UK"
2504,6570,-1.16799,53.3248,"Shireoaks Rail Station, Shireoaks, Nottinghamshire S80, UK"
2505,4526,-1.84518,52.40344,"Haslucks Green Rd, Solihull B90 2, UK"
2506,7455,0.79536,51.53098,"Shoeburyness Rail Station, Southend-on-Sea SS3, UK"
2507,5930,-1.36492,50.89674,"Sholing Rail Station, Southampton SO19, UK"
2508,0701,0,0,""
2509,5277,-0.27171,50.83442,"Shoreham-by-Sea (Sussex) Rail Station, Shoreham-by-Sea, West Sussex BN43 5, UK"
2510,5074,0.1889,51.33222,"Shoreham (Kent) Rail Station, Shoreham, Kent TN14 7, UK"
2511,5084,0.00179,51.4058,"Shortlands Rail Station, Bromley, Greater London BR2, UK"
2512,2546,-3.03843,53.21256,"Shotton Rail Station, Shotton, Flintshire CH5, UK"
2513,9739,-3.79832,55.81864,"Shotts Rail Station, Dykehead, North Lanarkshire ML7 5, UK"
2514,4387,-2.74977,52.71195,"Shrewsbury Rail Station, Shrewsbury, Shropshire SY1 2, UK"
2515,5125,0.1038,51.43387,"Sidcup Rail Station, Bexley, Greater London DA15 7, UK"
2516,H403,0,0,""
2517,1902,-1.10999,52.73161,"Sileby Rail Station, Sileby, Leicestershire LE12, UK"
2518,2000,-3.33444,54.22597,"Silecroft Rail Station, The Lake District, Silecroft, Cumbria LA18 4, UK"
2519,6782,-1.56347,53.53494,"Silkstone Common Rail Station, Silkstone, Barnsley S75 4, UK"
2520,6972,-0.06723,51.6147,"Silver Street Rail Station, Enfield, Greater London N18, UK"
2521,1968,-2.80384,54.16991,"Silverdale Rail Station, Silverdale, Lancashire LA5, UK"
2522,9988,-4.40548,55.90766,"Singer Rail Station, Clydebank, West Dunbartonshire G81, UK"
2523,5187,0.7347,51.34197,"Sittingbourne Rail Station, Sittingbourne, Kent ME9, UK"
2524,6265,0.33436,53.1432,"Skegness Rail Station, Skegness, Lincolnshire PE25 3, UK"
2525,4217,-3.84654,51.66139,"Skewen Rail Station, Skewen, Coedffranc, Neath Port Talbot SA10, UK"
2526,2728,-2.02588,53.9587,"Skipton Rail Station, Skipton, North Yorkshire BD23, UK"
2527,5154,0.1905,51.46779,"Slade Green Rail Station, Crayford, Greater London DA8, UK"
2528,8450,-1.88158,53.62384,"Slaithwaite Rail Station, Huddersfield, Kirklees HD7 5, UK"
2529,9236,-3.24345,55.92668,"Slateford Rail Station, Juniper Green, City of Edinburgh EH14 1, UK"
2530,6362,-0.41034,52.99549,"Sleaford Rail Station, Sleaford, Lincolnshire NG34, UK"
2531,8179,-0.66248,54.46106,"Sleights Rail Station, Sleights, Eskdaleside cum Ugglebarnby, North Yorkshire YO21, UK"
2532,N030,-8.471528,54.270607,"Sligo, Co. Sligo, Ireland"
2533,0702,-0.156485,51.492374,"Sloane Gardens, Kensington, Greater London SW1W 8, UK"
2534,3172,-0.5915,51.51188,"Slough Rail Station, Colnbrook with Poyle, Slough SL1, UK"
2535,4530,-1.85939,52.46377,"Small Heath Rail Station, Birmingham B11 1, UK"
2536,5494,-1.1542,50.71109,"Smallbrook Junction Rail Station, Newport, Isle Of Wight PO33 4, UK"
2537,1114,-1.98051,52.50179,"Smethwick Galton Bridge Rail Station, West Bromwich, Sandwell B66 1, UK"
2538,1150,-1.97064,52.49639,"Smethwick Rolfe Street Rail Station, West Bromwich, Sandwell B66, UK"
2539,5382,-0.13446,51.32204,"Coulsdon Town (Smitham) Rail Station, Croydon, Greater London CR5, UK"
2540,2660,-2.1135,53.63327,"Smithy Bridge Rail Station, Rochdale OL15 8, UK"
2541,8036,-1.02845,53.69313,"Snaith Rail Station, Snaith, East Riding of Yorkshire DN14, UK"
2542,0703,0.021479,51.580524,"Ilford, Greater London E11, UK"
2543,5189,0.44825,51.33023,"Snodland Rail Station, Snodland, Kent ME6 5, UK"
2544,5185,1.21372,51.2153,"Snowdown Rail Station, Aylesham, Kent CT3, UK"
2545,5126,0.3781,51.38315,"Sole Street Rail Station, Sole Street, Cobham, Kent DA13, UK"
2546,4527,-1.7884,52.41441,"Solihull Rail Station, Solihull B91, UK"
2547,7320,1.65228,52.51025,"Somerleyton Rail Station, The Broads, Somerleyton, Suffolk NR34, UK"
2548,0360,-1.40584,50.89514,"Southampton Town Quay, Southampton SO14 2, UK"
2549,5931,0,0,""
2550,1979,-1.40584,50.89514,"Southampton Town Quay, Southampton SO14 2, UK"
2551,0361,-1.40584,50.89514,"Southampton Town Quay, Southampton SO14 2, UK"
2552,1452,-0.27016,51.4997,"South Acton, Ealing, Greater London W4, UK"
2553,7953,-1.17666,54.58383,"South Bank Rail Station, Redcar, Redcar and Cleveland TS6, UK"
2554,5425,-0.05467,51.48814,"South Bermondsey Rail Station, Camberwell, Greater London SE16, UK"
2555,5410,-0.09345,51.36297,"South Croydon Rail Station, Croydon, Greater London CR0, UK"
2556,0704,-0.307134,51.501064,"72-90 S Ealing Rd, Ealing, Greater London W5 4, UK"
2557,8355,-1.28486,53.59462,"South Elmsall Rail Station, South Elmsall, Wakefield WF9, UK"
2558,3138,-0.338817,51.538754,""
2559,9318,-3.29947,55.93635,"South Gyle Rail Station, Edinburgh, City of Edinburgh EH12, UK"
2560,1451,-0.17887,51.54144,"South Hampstead, Camden Town, Greater London NW6 4, UK"
2561,0707,-0.352206,51.56467,"17 S Hill Ave, Harrow, Greater London HA2 0, UK"
2562,0708,-0.174006,51.494045,"1-11 Pelham St, Kensington, Greater London SW7 2, UK"
2563,1453,-0.308819,51.570618,"Windermere Grove, Brent, Greater London HA9 8, UK"
2564,5292,-0.20516,51.40299,"South Merton Rail Station, Merton, Greater London SW19, UK"
2565,8142,-1.25053,53.78234,"South Milford Rail Station, Sherburn In Elmet, North Yorkshire LS25, UK"
2566,3057,-0.398362,51.55663,"75 Station Approach, Hillingdon, Greater London HA4 6, UK"
2567,0359,-1.4277052,54.995796,"South Shields, South Tyneside, UK"
2568,7404,-0.0721,51.58038,"South Tottenham, Tottenham, Greater London N15 4, UK"
2569,1949,-1.13408,52.58224,"South Wigston Rail Station, Oadby, Leicestershire LE18 4, UK"
2570,0711,-0.191982,51.415276,"Morden Rd, Merton, Greater London SW19 3, UK"
2571,6892,0.60652,51.64947,"South Woodham Ferrers Rail Station, South Woodham Ferrers, Essex CM3, UK"
2572,3187,-0.37861,51.50596,"Southall Rail Station, Southall, Greater London UB2, UK"
2573,5922,-1.3631,50.95081,"Southampton Airport Parkway Rail Station, Eastleigh, Hampshire SO18, UK"
2574,5932,-1.4136,50.90744,"Southampton Central Rail Station, Southampton SO15 1, UK"
2575,5979,-1.406293,50.895687,"Southampton SO14 2, UK"
2576,5263,-0.90811,50.84826,"Southbourne Rail Station, Southbourne, West Sussex PO10, UK"
2577,6947,-0.05243,51.64871,"Southbury Rail Station, Enfield, Greater London EN3 4, UK"
2578,7994,-1.22744,53.82634,"Church Fenton Rail Station, Church Fenton, North Yorkshire LS24 9, UK"
2579,5339,0.03065,50.83126,"Southease Rail Station, Beddingham, East Sussex BN8, UK"
2580,7456,0.71174,51.53707,"Southend Central Rail Station, Southend-on-Sea SS1 1, UK"
2581,7457,0.73183,51.53898,"Southend East Rail Station, Southend-on-Sea SS99, UK"
2582,7420,0.71151,51.54152,"Southend Victoria Rail Station, Southend-on-Sea SS99, UK"
2583,0706,-0.127754,51.632313,"Chase Side Crescent, Enfield, Greater London N14 5, UK"
2584,6890,0.83521,51.66063,"Southminster Rail Station, Southminster, Essex CM0, UK"
2585,J524,-3.0073302,53.647305,"Southport, Sefton, UK"
2586,2262,-3.00244,53.64653,"Southport Rail Station, Southport, Sefton PR9, UK"
2587,0362,-1.099987,50.78531,"Clarence Esplanade, Portsmouth PO5 3, UK"
2588,0056,-0.105172,51.50389,"Joan St, Camberwell, Greater London SE1 8, UK"
2589,5286,-0.23595,50.83251,"Southwick Rail Station, Shoreham-by-Sea, West Sussex BN42 4, UK"
2590,8527,-1.90703,53.70786,"Sowerby Bridge Rail Station, Sowerby, Halifax, Calderdale HX6, UK"
2591,6388,-0.15687,52.78883,"Spalding Rail Station, Spalding, Lincolnshire PE11, UK"
2592,8836,-4.92161,56.88999,"Spean Bridge Rail Station, Spean Bridge, Highland PH34 4, UK"
2593,2199,-2.99391,53.33995,"Spital Rail Station, Birkenhead, Wirral CH63, UK"
2594,1699,-1.41109,52.91224,"Spondon Rail Station, Derby DE21 7, UK"
2595,7379,1.08649,52.53502,"Spooner Row Rail Station, Spooner Row, Wymondham, Norfolk NR18, UK"
2596,4535,-1.83738,52.44342,"Spring Road Rail Station, Birmingham B11, UK"
2597,9997,-4.22811,55.8817,"Springburn Rail Station, Glasgow, Glasgow City G21 1, UK"
2598,9175,-3.05245,56.29496,"Springfield Rail Station, Fife KY15, UK"
2599,2666,-3.05031,53.77734,"Squires Gate Rail Station, Lytham, Lytham Saint Annes, Lancashire FY8 2, UK"
2600,H715,0,0,""
2601,1562,-0.34257,51.74474,"St Albans Abbey Rail Station, Saint Albans, Hertfordshire AL1, UK"
2602,1548,-0.32754,51.75048,"St Albans Rail Station, Saint Albans, Hertfordshire AL1, UK"
2603,K208,0,0,""
2604,3252,-2.69632,51.51276,"St Andrews Road Rail Station, Avonmouth, Bristol, City of Bristol BS11, UK"
2605,2672,-3.02911,53.75304,"St Annes-on-the-Sea Rail Station, Lytham, Lytham Saint Annes, Lancashire FY8, UK"
2606,3534,-4.78941,50.33951,"St Austell Rail Station, Saint Austell, Cornwall PL25 4, UK"
2607,2002,-3.59115,54.49254,"St Bees Rail Station, Saint Bees, Cumbria CA27 0, UK"
2608,3590,-4.18686,50.40138,"St Budeaux Ferry Road Rail Station, Plymouth PL5, UK"
2609,3592,-4.18745,50.402,"St Budeaux Victoria Road Rail Station, Plymouth PL5 1, UK"
2610,3536,-4.94083,50.39906,"St Columb Road Rail Station, Indian Queens, Saint Enoder, Cornwall TR9, UK"
2611,5914,-1.38776,50.92218,"St Denys Rail Station, Southampton SO17 2, UK"
2612,3537,-5.44432,50.17048,"St Erth Rail Station, Canonstown, Saint Erth, Cornwall TR27 6, UK"
2613,3586,-4.30845,50.39427,"St Germans Rail Station, Saint Germans, Cornwall PL12 5, UK"
2614,2341,-2.7303,53.45313,"St Helens Central Rail Station, Saint Helens, St. Helens WA9, UK"
2615,2340,-2.70026,53.43374,"St Helens Junction Rail Station, Saint Helens, St. Helens WA9, UK"
2616,5290,-0.19877,51.3899,"St Helier (London) Rail Station, Merton, Greater London SM4, UK"
2617,3538,-5.47679,50.20865,"St Ives (Cornwall) Rail Station, Saint Ives, Cornwall TR26, UK"
2618,5751,-3.52202,50.73115,"St James Park (Devon) Rail Station, Exeter, Devon EX4, UK"
2619,0695,-0.13418,51.49934,"St Ermin's Hill, Westminster, London SW1H 0, UK"
2620,6973,-0.03291,51.58099,"St James Street (London) Rail Station, Walthamstow, Greater London E17, UK"
2621,0696,-0.174344,51.53445,"2 Finchley Rd, Paddington, Greater London NW8 9, UK"
2622,5059,-0.02271,51.46939,"St Johns (London) Rail Station, Lewisham, Greater London SE8, UK"
2623,3572,-4.46356,50.42303,"St Keyne Wishing Well Halt (Rail Station), Dobwalls, Cornwall PL14 4, UK"
2624,5239,0.56029,50.85569,"St Leonards Warrior Square Rail Station, Hastings, East Sussex TN37, UK"
2625,6821,0.00128,51.78784,"St Margarets (Herts) Rail Station, Great Amwell, Saint Margarets, Hertfordshire SG12, UK"
2626,5604,-0.3202,51.45524,"St Margarets (London) Rail Station, Richmond, Greater London TW1 2, UK"
2627,5073,0.10639,51.39475,"St Mary Cray Rail Station, Bromley, Greater London BR5, UK"
2628,2248,-2.9528,53.37562,"St Michaels Rail Station, Liverpool L17 7, UK"
2629,6110,-0.24741,52.23158,"St Neots Rail Station, Saint Neots, Cambridgeshire PE19, UK"
2630,0697,-0.097573,51.5148,"Panyer Alley, City of London, EC2V 6, UK"
2631,7632,-1.3838,54.91145,"St Peters Rail Station, Sunderland SR5, UK"
2632,8684,-1.3829,54.91823,"Portobello Ln, Sunderland SR5 1, UK"
2633,1268,-2.12204,52.80391,"Stafford Rail Station, Stafford, Staffordshire ST17, UK"
2634,5670,-0.50316,51.43246,"Staines Rail Station, Staines, Surrey TW18 4, UK"
2635,6287,-0.18367,53.58711,"Stallingborough Rail Station, Stallingborough, North East Lincolnshire DN41 8, UK"
2636,2983,-2.06274,53.4846,"Stalybridge Rail Station, Ashton-under-Lyne, Tameside SK15 1, UK"
2637,0713,-0.245841,51.494938,"1-9 Vaughan Ave, Hounslow, Greater London W6 0, UK"
2638,6968,-0.07668,51.57447,"Stamford Hill Rail Station, Hackney, Greater London N16, UK"
2639,6140,-0.48011,52.64785,"Stamford Rail Station, Stamford, Lincolnshire PE9, UK"
2640,7458,0.42304,51.51437,"Stanford-le-Hope Rail Station, Corringham, Thurrock SS17, UK"
2641,2159,-2.84206,53.27838,"Stanlow & Thornton Rail Station, Ellesmere Port, Cheshire West and Chester CH2 4, UK"
2642,0714,-0.3031,51.61947,"London Rd, Harrow, Greater London HA7 4, UK"
2643,6833,0.19978,51.90144,"Stansted Mountfitchet Rail Station, Stansted Mountfitchet, Essex CM24 8, UK"
2644,9803,0.263667,51.88932,"Terminal Rd N, London Stansted Airport (STN), Takeley, Essex CM24 1, UK"
2645,6834,0.26082,51.8886,"Stansted Airport Rail Station, London Stansted Airport (STN), Takeley, Essex CM24 1, UK"
2646,5228,0.55045,51.17147,"Staplehurst Rail Station, Staplehurst, Kent TN12, UK"
2647,3250,-2.56622,51.46751,"Stapleton Road Rail Station, Bristol, City of Bristol BS5, UK"
2648,8221,-1.50114,53.99901,"Starbeck Rail Station, Harrogate, North Yorkshire HG2, UK"
2649,3413,-3.44773,50.62778,"Starcross Rail Station, Starcross, Devon EX6, UK"
2650,1977,-2.81886,54.37553,"Staveley Rail Station, The Lake District, Nether Staveley, Cumbria LA8 9, UK"
2651,1043,-1.81103,52.48483,"Stechford Rail Station, Birmingham B33, UK"
2652,8469,-1.94472,53.90005,"Steeton & Silsden Rail Station, Steeton, Bradford BD20, UK"
2653,0715,-0.046456,51.521908,"262-292 Mile End Rd, Poplar, Greater London E1 4, UK"
2654,9842,-4.14078,55.8899,"Stepps Rail Station, North Lanarkshire G33 6, UK"
2655,6092,-0.20711,51.90169,"Stevenage Rail Station, Stevenage, Hertfordshire SG1 2, UK"
2656,9553,-4.75078,55.63427,"Stevenston Rail Station, Stevenston, North Ayrshire KA20 3, UK"
2657,1386,-0.52068,52.06909,"Stewartby Rail Station, Stewartby, Bedford Borough MK43, UK"
2658,9554,-4.51804,55.68214,"Stewarton Rail Station, Stewarton, East Ayrshire KA3, UK"
2659,9888,-3.93562,56.1198,"Stirling Rail Station, Stirling FK8, UK"
2660,2771,-2.16301,53.40556,"Stockport Rail Station, Stockport SK3 9, UK"
2661,7513,-1.91676,54.94705,"Stocksfield Rail Station, Stocksfield, Northumberland NE43 7, UK"
2662,8451,-1.72325,53.5941,"Stocksmoor Rail Station, Kirkburton, Kirklees HD4 6, UK"
2663,7975,-1.31854,54.56963,"Stockton Rail Station, Stockton-on-Tees TS19, UK"
2664,0716,-0.12291,51.472126,"258 Clapham Rd, Lambeth, Greater London SW9 9, UK"
2665,1467,-0.78408,51.7878,"Stoke Mandeville Rail Station, Stoke Mandeville, Buckinghamshire HP22, UK"
2666,6934,-0.07288,51.56524,"Stoke Newington Rail Station, Hackney, Greater London N16, UK"
2667,1314,-2.18099,53.008,"Stoke-on-Trent Rail Station, Stoke-on-Trent ST4 2, UK"
2668,1316,-2.15504,52.90835,"Stone Rail Station, Stone, Staffordshire ST15, UK"
2669,5248,0.26379,51.45133,"Stone Crossing Rail Station, Stone, Kent DA9, UK"
2670,9859,-2.155042,52.908356,"Station Approach, Stone, Staffordshire ST15 8, UK"
2671,1454,-0.2102101,51.540756,"Brondesbury Park, Brent, Greater London NW6 6, UK"
2672,5240,0.36388,51.01997,"Stonegate Rail Station, Ticehurst, East Sussex TN5, UK"
2673,8964,-2.22531,56.96682,"Stonehaven Rail Station, Stonehaven, Aberdeenshire AB39 2, UK"
2674,5653,0,0,""
2675,4770,-2.27951,51.74589,"Stonehouse Rail Station, Stonehouse, Gloucestershire GL10, UK"
2676,5606,-0.24867,51.3634,"Stoneleigh Rail Station, Epsom, Surrey KT19, UK"
2677,H337,-6.387244,58.20622,"Stornoway, Eilean Siar HS1 2, UK"
2678,4646,-2.13385,52.4476,"Stourbridge Junction Rail Station, Dudley DY8, UK"
2679,4643,-2.14182,52.45559,"Stourbridge Town Rail Station, Dudley DY8, UK"
2680,7355,1.00002,52.18973,"Stowmarket Rail Station, Stowmarket, Suffolk IP14, UK"
2681,9557,-5.024754,54.909603,"Stranraer, Dumfries and Galloway DG9 7, UK"
2682,9555,-5.02473,54.9096,"Stranraer Rail Station, Dumfries and Galloway DG9 8, UK"
2683,9550,-5.02473,54.9096,"Stranraer Rail Station, Dumfries and Galloway DG9 8, UK"
2684,7222,-0.00877,51.54483,"Stratford International Rail Station, Stratford, Greater London E15 2, UK"
2685,6969,-0.00339,51.5419,"Stratford, Greater London E15, UK"
2686,4558,-1.7163,52.19426,"Stratford-upon-Avon Rail Station, Stratford-Upon-Avon, Warwickshire CV37, UK"
2687,8673,-5.42862,57.42271,"Strathcarron Rail Station, Highland IV54 8, UK"
2688,5607,-0.33936,51.43897,"Strawberry Hill Rail Station, Richmond, Greater London TW2, UK"
2689,5384,-0.13601,51.41873,"Streatham Common Rail Station, Lambeth, Greater London SW16, UK"
2690,5435,-0.12716,51.4382,"Streatham Hill Rail Station, Lambeth, Greater London SW16 1, UK"
2691,5383,-0.13155,51.42581,"Streatham Rail Station, Lambeth, Greater London SW16 6, UK"
2692,H371,-79.558014,43.609814,"Sherway Gardens, Toronto, ON M9C, Canada"
2693,8543,-1.40012,53.67617,"Streethouse Rail Station, Featherstone, Wakefield WF4, UK"
2694,G211,-2.304286,53.445778,"49 Edge Ln, Urmston, Trafford M32 8, UK"
2695,2834,-2.03391,53.37506,"Strines Rail Station, Stockport SK6, UK"
2696,8674,-5.55116,57.35228,"Stromeferry Rail Station, Stromeferry, Highland IV53 8, UK"
2697,9034,-3.295327,58.96463,"Ferry Rd, Stromness, Orkney Islands KW16 3, UK"
2698,5191,0.54986,51.38657,"Gillingham (Kent) Rail Station, Gillingham, Medway ME7 1, UK"
2699,4771,-2.21939,51.74462,"Stroud (Glos) Rail Station, Stroud, Gloucestershire GL5 3, UK"
2700,5029,1.12227,51.30107,"Sturry Rail Station, Sturry, Kent CT2 0, UK"
2701,2868,-2.24046,53.34835,"Styal Rail Station, Styal, Macclesfield, Cheshire East SK9 4, UK"
2702,1483,-0.31547,51.5544,"Sudbury & Harrow Road Rail Station, Brent, Greater London HA0, UK"
2703,0720,-0.33622,51.55698,"167-169 Greenford Rd, Harrow, Greater London HA1 3, UK"
2704,1484,-0.3358,51.55847,"Sudbury Hill Harrow Rail Station, Harrow, Greater London HA1, UK"
2705,7098,0.73546,52.03629,"Sudbury (Suffolk) Rail Station, Sudbury, Suffolk CO10, UK"
2706,0721,-0.315492,51.550774,"9-29 Station Approach, Brent, Greater London HA0 2, UK"
2707,4157,-3.68697,52.08228,"Sugar Loaf Rail Station, Llanwrtyd Wells, Powys LD5 4, UK"
2708,9959,-4.29169,55.89905,"Summerston Rail Station, Glasgow, Glasgow City G20, UK"
2709,5608,-0.41777,51.41832,"Sunbury Rail Station, Staines, Surrey TW16, UK"
2710,7640,-1.3823,54.90534,"Sunderland Rail Station, Sunderland SR1, UK"
2711,5155,0.02145,51.41378,"Sundridge Park Rail Station, Bromley, Greater London BR1, UK"
2712,5671,-0.63304,51.39194,"Sunningdale Rail Station, Sunningdale, Windsor and Maidenhead SL5, UK"
2713,5675,-0.55937,51.47029,"Sunnymeads Rail Station, Datchet, Windsor and Maidenhead TW19 5, UK"
2714,5571,-0.30396,51.39246,"Surbiton Rail Station, Kingston Upon Thames, Greater London KT6 4, UK"
2715,0722,0,0,""
2716,1044,-1.82485,52.56495,"Sutton Coldfield Rail Station, Birmingham B73 6, UK"
2717,5436,-0.19634,51.37489,"Sutton Common Rail Station, Sutton, Greater London SM1 3, UK"
2718,5385,-0.19121,51.35953,"Sutton (London) Rail Station, Sutton, Greater London SM2, UK"
2719,1861,-1.24557,53.11412,"Sutton Parkway Rail Station, Sutton in Ashfield, Nottinghamshire NG17, UK"
2720,L063,0,0,""
2721,5249,0.74715,51.38924,"Swale Rail Station, Iwade, Kent ME9 8, UK"
2722,5075,0.16924,51.39339,"Swanley Rail Station, Swanley, Kent BR8, UK"
2723,5156,0.30955,51.44907,"Swanscombe Rail Station, Swanscombe, Kent DA10 0, UK"
2724,4221,-3.926456,51.612667,"St Thomas, Swansea SA1 1, UK"
2725,4222,-3.94158,51.62514,"Swansea Rail Station, Castle, Swansea SA1 1, UK"
2726,5920,-1.26586,50.87566,"Swanwick Rail Station, Locks Heath, Hampshire SO31, UK"
2727,5884,-1.61001,50.78469,"Sway Rail Station, Sway, Hampshire SO41 6, UK"
2728,5933,-1.37641,50.94114,"Swaythling Rail Station, Southampton SO18 2, UK"
2729,6355,-0.70268,53.16958,"Swinderby Rail Station, Eagle, Lincolnshire LN6 9, UK"
2730,3333,-1.78551,51.56547,"74 Station Rd, Swindon SN1 1, UK"
2731,7432,-1.783052,51.564198,"New Bridge Close, Swindon SN1 1, UK"
2732,6228,-0.18716,52.96983,"Swineshead Rail Station, Swineshead, Lincolnshire PE20 3, UK"
2733,6686,-1.30582,53.48626,"54-74 Lime Grove, Rotherham S64 8, UK"
2734,2800,-2.33746,53.51484,"Swinton (Manchester) Rail Station, Salford M27, UK"
2735,0723,-0.174757,51.543304,"Avenue Rd, Camden Town, Greater London NW3 3, UK"
2736,5085,-0.08033,51.43272,"Sydenham Hill Rail Station, Camberwell, Greater London SE21, UK"
2737,5437,-0.02271,51.46939,"St Johns (London) Rail Station, Lewisham, Greater London SE8, UK"
2738,5609,-0.32484,51.48179,"Syon Lane Rail Station, Hounslow, Greater London TW7, UK"
2739,1900,-1.0824,52.69422,"Syston Rail Station, Syston, Leicestershire LE7 1, UK"
2740,3195,-1.29753,51.88125,"Tackley Rail Station, Tackley, Oxfordshire OX5, UK"
2741,9128,0,0,""
2742,5386,-0.23596,51.29164,"88-90 The Ave, Reigate and Banstead, Surrey KT20 5, UK"
2743,3880,-3.26295,51.5408,"Taffs Well Rail Station, Taff's Well, Rhondda Cynon Taff CF15, UK"
2744,8676,-4.05205,57.81441,"Tain Rail Station, Highland IV19 1, UK"
2745,2463,-3.81828,53.22838,"Tal-y-Cafn Rail Station, Eglwysbach, Conwy LL28 5, UK"
2746,4479,-4.06817,52.90433,"Talsarnau Rail Station, Snowdonia National Park, Talsarnau, Gwynedd LL47 6, UK"
2747,4355,-4.09661,52.77264,"Talybont Rail Station, Snowdonia National Park, Tal-y-Bont, Dyffryn Ardudwy, Gwynedd LL43 2, UK"
2748,1010,-1.97621,52.55294,"Tame Bridge Parkway Rail Station, Sandwell WS10, UK"
2749,1322,-1.68647,52.63749,"Tamworth Rail Station, Tamworth, Staffordshire B79, UK"
2750,2501,-4.011533,52.95439,"B4410, Snowdonia National Park, Maentwrog, Gwynedd LL41 3, UK"
2751,3151,-0.68137,51.52356,"Taplow Rail Station, Taplow, Buckinghamshire SL6 0, UK"
2752,9057,-6.79867,57.896797,"A868, Tarbert, Eilean Siar HS3 3, UK"
2753,5387,-0.24261,51.30918,"Tattenham Corner Rail Station, Reigate and Banstead, Surrey KT18, UK"
2754,7434,-3.102769,51.02329,"Station Rd, Staplegrove, Taunton, Somerset TA1 1, UK"
2755,3471,-3.10277,51.02329,"Taunton Rail Station, Taunton, Somerset TA1, UK"
2756,H556,0,0,""
2757,8727,-5.23959,56.43079,"Taynuilt Rail Station, Taynuilt, Argyll and Bute PA35 1, UK"
2758,5572,-0.33271,51.42448,"Teddington Rail Station, Richmond, Greater London TW11, UK"
2759,9836,-1.425261,54.518116,"Tees-side Airport Rail Station, Darlington DL2, UK"
2760,7521,-1.42531,54.51814,""
2761,3430,-3.49469,50.54805,"Teignmouth Rail Station, Teignmouth, Devon TQ14, UK"
2762,4691,-2.44098,52.68112,"Telford Central Rail Station, Lawley and Overdale, Telford and Wrekin TF3, UK"
2763,0724,-0.113702,51.510967,"8 Victoria Embankment, Westminster, London WC2R 2, UK"
2764,5837,-2.41773,51.00149,"Templecombe Rail Station, Templecombe, Somerset BA8, UK"
2765,N080,-7.822325,52.78793,"Co. North Tipperary, Ireland"
2766,4110,-4.70673,51.67295,"Tenby Rail Station, Pembrokeshire Coast National Park, Tenby, Pembrokeshire SA70 7, UK"
2767,0364,0,0,""
2768,5193,0.80744,51.33339,"Teynham Rail Station, Teynham, Kent ME9 9, UK"
2769,5610,-0.33915,51.3891,"Thames Ditton Rail Station, Esher, Surrey KT7, UK"
2770,3152,-1.24319,51.39384,"Thatcham Rail Station, Thatcham, West Berkshire RG18, UK"
2771,2264,-2.75937,53.43659,"Thatto Heath Rail Station, Saint Helens, St. Helens WA9, UK"
2772,4523,-1.96401,52.50538,"The Hawthorns Rail Station, West Bromwich, Sandwell B66, UK"
2773,4538,-1.84467,52.35916,"The Lakes Rail Station, Earlswood, Warwickshire B94 5, UK"
2774,3153,-1.07497,51.43345,"Theale Rail Station, Theale, West Berkshire RG7, UK"
2775,6949,-0.03482,51.69246,"Theobalds Grove Rail Station, Broxbourne, Hertfordshire EN8 8, UK"
2776,7203,0.74508,52.41915,"Thetford Rail Station, Thetford, Norfolk IP24, UK"
2777,0725,0.103131,51.671703,"Station Approach, Theydon Bois, Essex CM16 7, UK"
2778,8191,-1.37259,54.22822,"Thirsk Rail Station, Carlton Miniott, North Yorkshire YO7, UK"
2779,N090,-7.149428,52.522873,"Thomastown, Co. Kilkenny, Ireland"
2780,7976,-1.30141,54.55927,"Thornaby Rail Station, Thornaby on Tees, Thornaby, Stockton-on-Tees TS17, UK"
2781,6530,-0.97232,53.61608,"Thorne North Rail Station, Thorne, Doncaster DN14, UK"
2782,6531,-0.9551,53.60335,"Thorne South Rail Station, Thorne, Doncaster DN8 5, UK"
2783,5849,-2.579,50.91056,"Thornford Rail Station, Thornford, Dorset DT9 6, UK"
2784,9812,-4.31169,55.81087,"Thornliebank Rail Station, Thornliebank, East Renfrewshire G46 7, UK"
2785,6210,-0.32303,53.65432,"Thornton Abbey Rail Station, Thornton Curtis, North Lincolnshire DN39 6, UK"
2786,5388,-0.1003,51.39878,"Thornton Heath Rail Station, Croydon, Greater London CR0, UK"
2787,9825,-4.25116,55.76867,"Thorntonhall Rail Station, Thorntonhall, South Lanarkshire G74 5, UK"
2788,7460,0.76174,51.53757,"Thorpe Bay Rail Station, Southend-on-Sea SS1, UK"
2789,6267,0.19942,53.12311,"Thorpe Culvert Rail Station, Thorpe Saint Peter, Lincolnshire PE24 4, UK"
2790,6857,1.16141,51.84765,"Thorpe-le-Soken Rail Station, Thorpe-le-Soken, Essex CO16 0, UK"
2791,5491,-0.16118,51.11692,"Three Bridges Rail Station, Crawley, West Sussex RH10, UK"
2792,5028,0.61306,50.90111,"Three Oaks Rail Station, Guestling, East Sussex TN35, UK"
2793,6203,-0.96225,53.02897,"Thurgarton Rail Station, Thurgarton, Nottinghamshire NG14, UK"
2794,N050,-7.822086,52.67658,"Garryvicleheen, Thurles, Co. North Tipperary, Ireland"
2795,8282,-1.30879,53.54506,"Thurnscoe Rail Station, Thurnscoe, Barnsley S63, UK"
2796,8677,-3.52756,58.59017,"Thurso Rail Station, Thurso, Highland KW14 7, UK"
2797,7356,0.80866,52.25002,"Thurston Rail Station, Thurston, Suffolk IP31 3, UK"
2798,7461,0.366068,51.45069,"St Andrew's Rd, Thurrock RM18 7, UK"
2799,7462,0.35404,51.46236,"Tilbury Town Rail Station, Thurrock RM18 7, UK"
2800,1035,-1.59685,52.39512,"Tile Hill Rail Station, Coventry CV4, UK"
2801,3154,-1.02982,51.47151,"Tilehurst Rail Station, Reading RG4, UK"
2802,2985,0,0,""
2803,N060,-8.161533,52.469852,"3-10 Garryskillane, Tipperary, Co. Tipperary, Ireland"
2804,1159,-2.0657,52.53045,"Tipton Rail Station, West Bromwich, Sandwell DY4 8, UK"
2805,4025,-3.24639,51.72091,"Tir-phil Rail Station, New Tredegar, Caerphilly NP24, UK"
2806,9073,-6.798901,56.5083,"Pier Rd, Argyll and Bute PA77 6, UK"
2807,5798,-2.07901,51.06084,"Tisbury Rail Station, Tisbury, Wiltshire SP3, UK"
2808,H572,-71.21338,41.625935,"Tiverton, RI, USA"
2809,3474,-3.35966,50.91717,"Tiverton Parkway Rail Station, Burlescombe, Devon EX16 7, UK"
2810,9065,-6.0696764,56.6239,"Tobermory, Isle Of Mull, Argyll and Bute PA75 6, UK"
2811,2677,-2.09965,53.71384,"Todmorden Rail Station, Todmorden, Calderdale OL14 7, UK"
2812,5573,-0.27946,51.37686,"Tolworth Rail Station, Kingston Upon Thames, Greater London KT5, UK"
2813,3897,-3.4862,51.6478,"Ton Pentre Rail Station, Pentre, Rhondda Cynon Taff CF41 7, UK"
2814,5229,0.27099,51.19141,"Tonbridge Rail Station, Tonbridge, Kent TN9, UK"
2815,4271,-3.59557,51.54737,"Tondu Rail Station, Tondu, Ynysawdre, Bridgend CF32, UK"
2816,4432,-4.12371,52.61356,"Tonfanau Rail Station, Snowdonia National Park, Llangelynin, Gwynedd LL36 9, UK"
2817,3882,-3.44889,51.61976,"Tonypandy Rail Station, Trealaw, Rhondda Cynon Taff CF40, UK"
2818,0726,-0.159699,51.435757,"2-28 Trinity Rd, Wandsworth, Greater London SW17 7, UK"
2819,0727,-0.168164,51.42755,"Tooting High St, Wandsworth, Greater London SW17 0, UK"
2820,5389,-0.16127,51.41985,"Tooting Rail Station, Merton, Greater London CR4, UK"
2821,5758,-3.46444,50.6862,"Topsham Rail Station, Topsham, Exeter, Devon EX3 0, UK"
2822,3434,-3.5433,50.46112,"Torquay Rail Station, Torbay TQ2, UK"
2823,3432,-3.54644,50.47317,"Torre Rail Station, Torbay TQ2, UK"
2824,7433,-3.6910942,50.43145,"Totnes, Devon TQ9, UK"
2825,3558,-3.68872,50.43585,"Totnes Rail Station, Totnes, Devon TQ9, UK"
2826,6951,-0.03291,51.58099,"St James Street (London) Rail Station, Walthamstow, Greater London E17, UK"
2827,0729,-0.060312,51.587906,"Ferry Ln, Tottenham, Greater London N15 4, UK"
2828,0730,-0.179032,51.630344,"Barnet, Greater London N20, UK"
2829,0728,-0.131037,51.51609,"Westminster, London WC2, UK"
2830,5921,-1.48214,50.91801,"Totton Rail Station, Totton, Hampshire SO40, UK"
2831,0731,-0.076421,51.510105,"Trinity Pl, Poplar, Greater London EC3N 4, UK"
2832,2283,-2.90449,53.54282,"Town Green Rail Station, Aughton, Lancashire L39, UK"
2833,2969,-2.31063,53.45484,"Trafford Park Rail Station, Urmston, Trafford M32 0, UK"
2834,N070,-9.699554,52.271145,"347-1230 Oakpark Rd, Tralee, Co. Kerry, Ireland"
2835,3886,-3.29026,51.56829,"Trefforest Estate Rail Station, Llantwit Fardre, Rhondda Cynon Taff CF38 1, UK"
2836,3887,-3.32513,51.59146,"Trefforest Rail Station, Pontypridd, Rhondda Cynon Taff CF37, UK"
2837,3888,-3.38099,51.61015,"Trehafod Rail Station, Trehafod, Rhondda Cynon Taff CF37, UK"
2838,3889,-3.53632,51.67224,"Treherbert Rail Station, Treherbert, Rhondda Cynon Taff CF42 5, UK"
2839,3891,-3.50575,51.65753,"Treorchy Rail Station, Treorchy, Rhondda Cynon Taff CF42 6, UK"
2840,7225,1.31956,51.97654,"Trimley Rail Station, Trimley Saint Mary, Suffolk IP11 0, UK"
2841,1393,-0.62243,51.80075,"Tring Rail Station, Aldbury, Hertfordshire HP23, UK"
2842,4276,-3.34676,51.71242,"Troed-y-Rhiw Rail Station, Troedyrhiw, Merthyr Tydfil CF48, UK"
2843,9562,-4.65529,55.5428,"Troon Rail Station, Troon, South Ayrshire KA10 6, UK"
2844,3348,-2.21435,51.31983,"Trowbridge Rail Station, Trowbridge, Wiltshire BA14 8, UK"
2845,3540,-5.06487,50.26383,"Truro Rail Station, Truro, Cornwall TR4, UK"
2846,0733,-0.137925,51.556664,"254 Brecknock Rd, Islington, Greater London N19 5, UK"
2847,N100,-7.499896,53.27038,"Western Relief Rd, Tullamore, Co. Offaly, Ireland"
2848,8837,-4.70132,56.88426,"Tulloch Rail Station, Highland PH31 4, UK"
2849,5390,-0.10507,51.43986,"Tulse Hill Rail Station, Lambeth, Greater London SE27 9, UK"
2850,5230,0.26282,51.13023,"Tunbridge Wells Rail Station, Royal Tunbridge Wells, Kent TN4, UK"
2851,6952,-0.04721,51.67264,"Turkey Street Rail Station, Enfield, Greater London EN1 4, UK"
2852,0734,-0.254534,51.49511,"92-98 Thornton Ave, Hounslow, Greater London W4 1, UK"
2853,0735,-0.102777,51.59028,"Carlingford Rd, Tottenham, Greater London N15 3, UK"
2854,1783,-1.68209,52.86438,"Tutbury & Hatton Rail Station, Hatton, Derbyshire DE65, UK"
2855,5574,-0.3304,51.45003,"Twickenham Rail Station, Richmond, Greater London TW1, UK"
2856,3155,-0.86329,51.47553,"Twyford Rail Station, Twyford, Wokingham RG10, UK"
2857,2439,-4.47475,53.22258,"Ty Croes Rail Station, Aberffraw, Isle of Anglesey LL63 5, UK"
2858,3817,-3.19654,51.52154,"Ty Glas Rail Station, Heath, Cardiff CF14, UK"
2859,4357,-4.07867,52.8938,"Tygwyn Rail Station, Snowdonia National Park, Talsarnau, Gwynedd LL47 6, UK"
2860,8728,-4.71481,56.43333,"Tyndrum Lower Rail Station, Stirling FK20 8, UK"
2861,0366,-1.428609,55.017113,"3 Station Terrace, North Tyneside NE30 4, UK"
2862,0367,0,0,""
2863,4518,-1.83911,52.45412,"Tyseley Rail Station, Birmingham B11, UK"
2864,4433,-4.09357,52.58559,"Tywyn Rail Station, Tywyn, Gwynedd LL36 9, UK"
2865,5334,0.09639,50.96874,"Uckfield Rail Station, Uckfield, East Sussex TN22, UK"
2866,9776,-4.08669,55.82352,"Uddingston Rail Station, Uddingston, South Lanarkshire G71, UK"
2867,J766,-2.90344,54.37988,"Windermere, Bus/Rail interchange (o/s), The Lake District, Windermere, Cumbria LA23, UK"
2868,6211,-0.30083,53.61922,"Ulceby Rail Station, South Killingholme, North Lincolnshire DN39 6, UK"
2869,H250,-5.160441,57.894894,"4 W Shore St, Ullapool, Highland IV26 2, UK"
2870,8261,-1.21397,53.85362,"Ulleskelf Rail Station, Ulleskelf, North Yorkshire LS24 9, UK"
2871,2010,-3.09792,54.19159,"Ulverston Rail Station, Ulverston, Cumbria LA12 0, UK"
2872,5826,-3.98292,50.99675,"Umberleigh Rail Station, Chittlehampton, Umberleigh, Devon EX37 9, UK"
2873,4504,-1.93668,52.45125,"University Rail Station, Birmingham B15 2, UK"
2874,9373,-3.50211,55.91904,"Uphall Rail Station, Livingston, West Lothian EH54 5, UK"
2875,2364,-2.7414,53.52839,"Upholland Rail Station, Up Holland, Lancashire WN8, UK"
2876,0737,0.235788,51.55873,"140 Upminster Rd, Romford, Greater London RM11 3, UK"
2877,7464,0.250725,51.558605,"Hall Ln, Romford, Greater London RM14 2, UK"
2878,0738,0.10157,51.538315,"Barking, Greater London IG11 9, UK"
2879,5613,-0.4309,51.41307,"Upper Halliford Rail Station, Staines, Surrey TW17 8, UK"
2880,1524,-0.12951,51.56364,"Upper Holloway, Islington, Greater London N19, UK"
2881,8838,-4.70371,56.43465,"Upper Tyndrum Rail Station, Stirling FK20 8, UK"
2882,5391,-0.07795,51.30851,"Upper Warlingham Rail Station, Whyteleafe, Surrey CR6, UK"
2883,2141,-3.11351,53.40722,"Moreton (Merseyside) Rail Station, Birkenhead, Wirral CH46, UK"
2884,0739,0.035274,51.53523,"5 Green St, Stratford, Greater London E13 9, UK"
2885,5967,-2.46615,50.64826,"Upwey Rail Station, Weymouth, Dorset DT3 5, UK"
2886,2938,-2.3538,53.44829,"Urmston Rail Station, Urmston, Trafford M41, UK"
2887,1342,-1.85726,52.89681,"Uttoxeter Rail Station, Uttoxeter, Staffordshire ST14, UK"
2888,0740,-0.478141,51.546474,"10-11 Baker's Rd, Hillingdon, Greater London UB8 1, UK"
2889,2440,-4.56339,53.2813,"Valley Rail Station, Valley, Isle of Anglesey LL65 3, UK"
2890,0777,-0.123854,51.48571,"Bondway, Lambeth, Greater London SW8 2, UK"
2891,5597,-0.123682,51.48574,"Vauxhall Station, Vauxhall Cross, London SW8 1SS, United Kingdom"
2892,0368,-1.1663496,50.64647,"Lake (Isle of Wight) Rail Station, Lake, Isle Of Wight PO36 8, UK"
2893,0741,-0.143895,51.496334,"21 Terminus Pl, Westminster, London SW1V 1, UK"
2894,5676,-0.56217,51.4018,"Virginia Water Rail Station, Virginia Water, Surrey GU25, UK"
2895,5392,-0.11733,51.3674,"Waddon Rail Station, Croydon, Greater London CR0 4, UK"
2896,H552,0,0,""
2897,5231,0.31319,51.07346,"Wadhurst Rail Station, Wadhurst, East Sussex TN5, UK"
2898,6268,0.23474,53.10515,"Wainfleet Rail Station, Wainfleet All Saints, Lincolnshire PE24 4, UK"
2899,8584,-1.48856,53.67867,"Wakefield Kirkgate Rail Station, Wakefield WF1, UK"
2900,8591,-1.50511,53.68166,"Wakefield Westgate Rail Station, Wakefield WF4, UK"
2901,2612,-2.39633,53.51979,"Walkden Rail Station, Walkden, Salford M28, UK"
2902,2154,-3.06972,53.42801,"Wallasey Grove Road Rail Station, Wallasey, Wirral CH45, UK"
2903,2265,-3.06914,53.4229,"Wallasey Village Rail Station, Wallasey, Wirral CH45, UK"
2904,H690,0,0,""
2905,5394,-0.15083,51.36039,"Wallington Rail Station, Sutton, Greater London SM6 0, UK"
2906,0370,-1.532325,54.98959,"Station Rd, North Tyneside NE28 6, UK"
2907,9365,-3.01494,55.94028,"Wallyford Rail Station, East Lothian EH21 8, UK"
2908,5041,1.38289,51.20332,"Walmer Rail Station, Deal, Kent CT14, UK"
2909,1216,-1.98475,52.58441,"Walsall Rail Station, Walsall WS1, UK"
2910,2665,-2.10446,53.69628,"Walsden Rail Station, Todmorden, Calderdale OL14 7, UK"
2911,6823,-0.02655,51.68507,"Waltham Cross Rail Station, Broxbourne, Hertfordshire EN8, UK"
2912,6953,-0.0568803,51.54712,"Hackney Central, Hackney, Greater London E8, UK"
2913,7407,-0.0237389,51.581375,"Walthamstow Queen's Rd, Walthamstow, Greater London E17, UK"
2914,0742,-0.019948,51.582954,"3 Selborne Rd, Walthamstow, Greater London E17 7, UK"
2915,2251,-2.96575,53.45623,"Walton (Merseyside) Rail Station, Liverpool L9 1, UK"
2916,5575,-0.41463,51.37293,"Walton-on-Thames Rail Station, West Molesey, Surrey KT12 1, UK"
2917,6858,1.26769,51.84618,"Walton-on-the-Naze Rail Station, Frinton and Walton, Essex CO14, UK"
2918,5639,-0.66759,51.24452,"Wanborough Rail Station, Normandy, Flexford, Surrey GU3, UK"
2919,5395,-0.16338,51.44619,"Wandsworth Common Rail Station, Wandsworth, Greater London SW12, UK"
2920,5372,-0.14667,51.47497,"Queenstown Road (Battersea) Rail Station, Wandsworth, Greater London SW11, UK"
2921,5576,-0.18812,51.46105,"Wandsworth Town Rail Station, Wandsworth, Greater London SW18, UK"
2922,7408,0.02622,51.5517,"Wanstead Park, Stratford, Greater London E7 0, UK"
2923,0743,0.028753,51.575504,"Eastern Ave, Ilford, Greater London E11 2, UK"
2924,H520,0,0,""
2925,0744,0,0,""
2926,5264,-0.96715,50.85343,"Warblington Rail Station, Havant, Hampshire PO9, UK"
2927,6824,0.00128,51.78784,"St Margarets (Herts) Rail Station, Great Amwell, Saint Margarets, Hertfordshire SG12, UK"
2928,5959,-70.73347,41.76222,"Wareham, Wareham Center, MA 02571, USA"
2929,3158,-0.87652,51.49816,"Wargrave Rail Station, Wargrave, Wokingham RG10, UK"
2930,5505,-2.17675,51.20677,"Warminster Rail Station, Warminster, Wiltshire BA12, UK"
2931,5316,-0.32945,51.0929,"Warnham Rail Station, North Horsham, West Sussex RH12, UK"
2932,0745,-0.13837,51.524513,"71 Warren St, Camden Town, Greater London W1T 5, UK"
2933,2384,-2.60236,53.38603,"Warrington Bank Quay Rail Station, Birchwood, Warrington WA1 1, UK"
2934,2390,-2.59316,53.39183,"Warrington Central Rail Station, Birchwood, Warrington WA4, UK"
2935,0746,-0.183678,51.523365,"Warwick Ave, Paddington, Greater London W9 1, UK"
2936,8530,-1.61206,52.28611,"Warwick Parkway Rail Station, Budbrooke, Warwickshire CV35, UK"
2937,4600,-1.58186,52.28655,"Warwick Rail Station, Warwick, Warwickshire CV34 4, UK"
2938,H127,0,0,""
2939,1121,-1.7431,52.51859,"Water Orton Rail Station, Water Orton, Warwickshire B46 1, UK"
2940,7079,0.19739,52.26245,"Waterbeach Rail Station, Waterbeach, Cambridgeshire CB25 9, UK"
2941,N120,0,0,""
2942,5241,0.42247,51.24973,"Wateringbury Rail Station, Wateringbury, Kent ME18, UK"
2943,2133,-3.02554,53.47497,"Waterloo (Merseyside) Rail Station, Seaforth, Southport, Sefton L22, UK"
2944,0747,-0.114128,51.503357,"13 York Rd, Lambeth, Greater London SE1 7, UK"
2945,8182,0,0,""
2946,0749,-0.39669,51.65563,"High St, Watford, Hertfordshire WD17 2, UK"
2947,1455,-0.3918198,51.65259,"Watford High Street, Watford, Hertfordshire WD17, UK"
2948,0750,-0.3982031,51.654854,"Watford, Hertfordshire, UK"
2949,1402,-0.39652,51.66353,"Watford Junction, Watford, Hertfordshire WD24, UK"
2950,0748,-0.3982031,51.654854,"Watford, Hertfordshire, UK"
2951,1403,-0.38993,51.6757,"Watford North Rail Station, Watford, Hertfordshire WD24, UK"
2952,7057,0.38333,52.67319,"Watlington Rail Station, Watlington, Norfolk PE33, UK"
2953,6095,-0.11942,51.85644,"Watton-at-Stone Rail Station, Watton At Stone, Hertfordshire SG14, UK"
2954,3796,-3.22966,51.4882,"Waun-gron Park Rail Station, Fairwater, Cardiff CF5, UK"
2955,8589,-2.92291,53.4052,"Wavertree Technology Park Rail Station, Liverpool L13 1, UK"
2956,G408,-2.307864,53.48243,"Eccles New Rd, Salford M5 5, UK"
2957,9865,-2.17082,52.95106,"Wedgwood Dr, Barlaston, Staffordshire ST12 9, UK"
2958,1357,-2.17082,52.95106,"Wedgwood Rail Station, Barlaston, Staffordshire ST12 9, UK"
2959,6859,1.11549,51.85311,"Weeley Rail Station, Weeley, Essex CO16, UK"
2960,8509,-1.58121,53.92319,"Weeton Rail Station, Weeton, North Yorkshire LS17 0, UK"
2961,6073,-0.21069,51.73635,"Welham Green Rail Station, North Mymms, Hertfordshire AL9, UK"
2962,5128,0.1017,51.4648,"Welling Rail Station, Bexley, Greater London DA16, UK"
2963,1940,-0.67664,52.30379,"Wellingborough Rail Station, Wellingborough, Northamptonshire NN8 1, UK"
2964,4690,-2.51716,52.70132,"Wellington (Shropshire) Rail Station, Wellington, Telford and Wrekin TF1 1, UK"
2965,H372,0,0,""
2966,4434,-3.13987,52.65751,"Welshpool Rail Station, Welshpool, Powys SY21, UK"
2967,6183,-0.20407,51.80105,"Welwyn Garden City Rail Station, Welwyn Garden City, Hertfordshire AL8 6, UK"
2968,6096,-0.19209,51.8235,"Welwyn North Rail Station, Welwyn, Hertfordshire AL6 0, UK"
2969,1347,-2.71876,52.85633,"Wem Rail Station, Wem, Shropshire SY4 5, UK"
2970,1423,-0.296229,51.55223,"483 High Rd, Brent, Greater London HA9 7, UK"
2971,0752,-0.279239,51.56325,"43-49 Bridge Rd, Brent, Greater London HA9 9, UK"
2972,1509,-0.28561,51.55442,"Wembley Stadium Rail Station, Brent, Greater London HA9 8, UK"
2973,I004,0,0,""
2974,9673,-4.88907,55.87613,"Wemyss Bay Rail Station, Inverclyde PA18 6, UK"
2975,1466,-0.74737,51.76176,"Wendover Rail Station, Wendover, Buckinghamshire HP22 6, UK"
2976,2681,-2.58752,54.12372,"Wennington Rail Station, Tatham, Lancashire LA2 8, UK"
2977,0753,-71.47451,42.475094,"West Acton, Acton, MA 01720, USA"
2978,2266,-2.90697,53.36914,"West Allerton Rail Station, Garston, Liverpool L70, UK"
2979,0755,-0.195715,51.487217,"Old Brompton Rd, Kensington, Greater London SW5 9, UK"
2980,8875,-0.195823,51.48732,"Old Brompton Rd, Kensington, Greater London SW5 9, UK"
2981,5684,-0.50548,51.33923,"West Byfleet Rail Station, Woking, Surrey KT14, UK"
2982,9250,-3.56701,55.8538,"West Calder Rail Station, West Calder, West Lothian EH55, UK"
2983,5411,-0.1019883,51.37908,"West Croydon, Croydon, Greater London CR0, UK"
2984,3174,-0.47223,51.51006,"West Drayton Rail Station, Hillingdon, Greater London UB7, UK"
2985,5086,-0.09137,51.44072,"West Dulwich Rail Station, Camberwell, Greater London SE21 8, UK"
2986,3188,-0.32013,51.51351,"West Ealing Rail Station, Ealing, Greater London W13, UK"
2987,0756,-0.188463,51.60948,"219-241 Nether St, Barnet, Greater London N3 1, UK"
2988,7474,-0.00339,51.5419,"Stratford, Greater London E15, UK"
2989,1525,-0.19183,51.54848,"West Hampstead Thameslink Rail Station, Camden Town, Greater London NW6 1, UK"
2990,0758,-0.191266,51.547516,"201 W End Ln, Camden Town, Greater London NW6 1, UK"
2991,1421,-0.19118,51.54747,"West Hampstead, Camden Town, Greater London NW6 2, UK"
2992,0759,-0.352904,51.57977,"7 The Gardens, Harrow, Greater London HA1 4, UK"
2993,7466,0.34065,51.56795,"West Horndon Rail Station, West Horndon, Brentwood, Essex CM13, UK"
2994,0760,-0.205602,51.49075,"W Cromwell Rd, Hammersmith, Greater London W14 8, UK"
2995,9564,-4.85174,55.69615,"West Kilbride Rail Station, North Ayrshire KA23 9, UK"
2996,2201,-3.18377,53.37319,"West Kirby Rail Station, Hoylake, Wirral CH48, UK"
2997,5129,0.41866,51.29202,"West Malling Rail Station, West Malling, Kent ME19 6, UK"
2998,5438,-0.10383,51.43175,"West Norwood Rail Station, Lambeth, Greater London SE27, UK"
2999,3059,-0.436097,51.570507,"High Road,Ickenham, Hillingdon, Greater London HA4 7, UK"
3000,7329,1.24547,52.93555,"West Runton Rail Station, Runton, Norfolk NR27 9, UK"
3001,5242,0.53994,50.85315,"West St Leonards Rail Station, Hastings, East Sussex TN38, UK"
3002,5293,-0.20517,51.36585,"West Sutton Rail Station, Sutton, Greater London SM1, UK"
3003,5054,-0.01443,51.3813,"West Wickham Rail Station, Bromley, Greater London BR4, UK"
3004,5278,-0.39298,50.81835,"West Worthing Rail Station, Worthing, West Sussex BN11, UK"
3005,7436,-73.58762,40.755657,"Westbury, NY, USA"
3006,5712,-2.19919,51.26698,"Westbury (Wilts) Rail Station, Westbury, Wiltshire BA13, UK"
3007,7476,0.69148,51.53734,"Westcliff-on-Sea Rail Station, Southend-on-Sea SS0, UK"
3008,5151,0.0184,51.48421,"Westcombe Park Rail Station, Greenwich, Greater London SE10, UK"
3009,5030,1.03807,51.09496,"Westenhanger Rail Station, Stanford, Kent TN25 6, UK"
3010,7226,1.16592,52.081,"Westerfield Rail Station, Westerfield, Suffolk IP6, UK"
3011,9231,-3.28434,55.91431,"Wester Hailes Rail Station, Juniper Green, City of Edinburgh EH14, UK"
3012,9998,-4.33487,55.90479,"Westerton Rail Station, Glasgow, East Dunbartonshire G61, UK"
3013,5195,1.33838,51.38145,"Westgate-on-Sea Rail Station, Margate, Kent CT8, UK"
3014,2619,-2.52373,53.55568,"Westhoughton Rail Station, Westhoughton, Bolton BL5, UK"
3015,0761,-0.124712,51.50115,"1-9 Bridge St, Westminster, London SW1A 2, UK"
3016,3388,-2.9424,51.34847,"Weston Milton Rail Station, Weston-Super-Mare, North Somerset BS22 8, UK"
3017,3391,-2.97168,51.34432,"Weston-super-Mare Rail Station, Weston-Super-Mare, North Somerset BS23 3, UK"
3018,N130,-9.507412,53.794884,"Ballinrobe Rd, Westport, Co. Mayo, Ireland"
3019,7572,-2.83171,54.88384,"Wetheral Rail Station, Wetheral, Cumbria CA4, UK"
3020,N140,-6.46407,52.343132,"R730, Wexford, Co. Wexford, Ireland"
3021,5577,-0.45773,51.36177,"Weybridge Rail Station, West Molesey, Surrey KT13 8, UK"
3022,5966,0,0,""
3023,5965,-2.45423,50.6153,"Weymouth Rail Station, Weymouth, Dorset DT4, UK"
3024,2772,-1.98464,53.33025,"Whaley Bridge Rail Station, Whaley Bridge, Derbyshire SK23 7, UK"
3025,2736,-2.50174,53.73547,"Mill Hill (Lancs) Rail Station, Darwen, Blackburn with Darwen BB2 4, UK"
3026,1585,-1.50431,53.08312,"Whatstandwell Rail Station, Crich, Derbyshire DE4 5, UK"
3027,9753,-4.01864,55.85369,"Whifflet Rail Station, Coatbridge, North Lanarkshire ML5 4, UK"
3028,5759,-3.35434,50.76802,"Whimple Rail Station, Whimple, Devon EX5, UK"
3029,9665,-4.74668,55.93836,"Whinhill Rail Station, Greenock, Inverclyde PA15, UK"
3030,2161,-2.79643,53.41388,"Whiston Rail Station, Whiston, Knowsley L35 3, UK"
3031,K293,-78.943436,43.897858,"Whitby, ON, Canada"
3032,8184,-0.6154,54.48462,"Whitby Rail Station, Whitby, North Yorkshire YO21 1, UK"
3033,3896,-3.22326,51.52075,"Whitchurch (Cardiff) Rail Station, Rhiwbina, Cardiff CF14, UK"
3034,5527,-1.33775,51.23754,"Whitchurch (Hants) Rail Station, Whitchurch, Hampshire RG28 7, UK"
3035,1348,-2.67148,52.96808,"Whitchurch (Shrops) Rail Station, Whitchurch, Shropshire SY13, UK"
3036,0764,-0.224259,51.511963,"54 Wood Ln, Hammersmith, Greater London W12 7, UK"
3037,6956,-0.07091,51.60504,"White Hart Lane Rail Station, Tottenham, Greater London N17 8, UK"
3038,6846,0.59588,51.83892,"White Notley Rail Station, White Notley, Essex CM8 1, UK"
3039,9777,-4.31015,55.79031,"Whitecraigs Rail Station, East Renfrewshire G76, UK"
3040,2048,-3.58693,54.55303,"Whitehaven Rail Station, Whitehaven, Cumbria CA28, UK"
3041,3943,0,0,""
3042,4111,-4.61442,51.81804,"Whitland Rail Station, Whitland, Carmarthenshire SA34 0, UK"
3043,0372,-1.4472905,55.04186,"Whitley Bay, North Tyneside, UK"
3044,8130,-1.15828,53.69914,"Whitley Bridge Rail Station, Kellington, North Yorkshire DN14, UK"
3045,4539,-1.85153,52.39185,"Whitlocks End Rail Station, Hockley Heath, Solihull B90, UK"
3046,5196,1.0333,51.35758,"Whitstable Rail Station, Canterbury, Kent CT5 1, UK"
3047,7187,-0.11823,52.54996,"Whittlesea Rail Station, Whittlesey, Cambridgeshire PE7, UK"
3048,7047,0.16562,52.1036,"Whittlesford Parkway Rail Station, Duxford, Cambridgeshire CB22, UK"
3049,5611,-0.35768,51.44961,"Whitton Rail Station, Richmond, Greater London TW2, UK"
3050,6551,-1.19938,53.28038,"Whitwell (Derbys) Rail Station, Whitwell, Derbyshire S80, UK"
3051,5439,-0.07691,51.30339,"Whyteleafe South Rail Station, Whyteleafe, Surrey CR3 0, UK"
3052,5396,-0.08114,51.30996,"Whyteleafe Rail Station, Whyteleafe, Surrey CR6, UK"
3053,8680,-3.09686,58.44156,"Wick Rail Station, Wick, Highland KW1 5, UK"
3054,6891,0.51919,51.61503,"Wickford Rail Station, Wickford, Essex SS11 7, UK"
3055,7227,1.39869,52.15112,"Wickham Market Rail Station, Campsey Ash, Suffolk IP13, UK"
3056,N170,-6.053821,52.98862,"Station Rd, Wicklow, Co. Wicklow, Ireland"
3057,7695,-1.61648,55.2413,"Widdrington Rail Station, Ulgham, Widdrington Station, Northumberland NE61, UK"
3058,2391,-2.73354,53.37851,"Widnes Rail Station, Runcorn, Halton WA8 6, UK"
3059,4528,-1.77438,52.39595,"Widney Manor Rail Station, Solihull B91 3, UK"
3060,2363,-2.63327,53.54368,"Wigan North Western Rail Station, Pemberton, Wigan WN3, UK"
3061,2406,-2.63318,53.54484,"Wigan Wallgate Rail Station, Pemberton, Wigan WN1, UK"
3062,2098,-3.16434,54.82912,"Wigton Rail Station, Wigton, Cumbria CA7 9, UK"
3063,3965,-3.57965,51.52087,"Wildmill Rail Station, Coity, Bridgend CF31 1, UK"
3064,1457,-0.2444565,51.532463,"Willesden Junction, Brent, Greater London NW10 4, UK"
3065,0765,-0.222398,51.549164,"13 St Paul's Ave, Brent, Greater London NW2 5, UK"
3066,9781,-4.29011,55.79411,"Williamwood Rail Station, Thornliebank, East Renfrewshire G76, UK"
3067,1905,-1.56336,52.85366,"Willington Rail Station, Willington, Derbyshire DE65, UK"
3068,4568,-1.75602,52.22301,"Wilmcote Rail Station, Aston Cantlow, Warwickshire CV37 9, UK"
3069,2774,-2.22633,53.32686,"Wilmslow Rail Station, Macclesfield, Cheshire East SK9, UK"
3070,1056,-1.67972,52.61072,"Wilnecote (Staffs) Rail Station, Tamworth, Staffordshire B77, UK"
3071,5612,-0.21403,51.40956,"Wimbledon Chase Rail Station, Merton, Greater London SW20, UK"
3072,5578,-0.21403,51.40956,"Wimbledon Chase Rail Station, Merton, Greater London SW20, UK"
3073,0947,0,0,""
3074,5042,0.70227,50.93376,"Winchelsea Rail Station, Udimore, East Sussex TN36 4, UK"
3075,5924,-1.3197,51.06721,"Winchester Rail Station, Winchester, Hampshire SO22, UK"
3076,5528,-0.90698,51.28495,"Winchfield Rail Station, Winchfield, Hampshire RG27, UK"
3077,6024,-0.10089,51.63395,"Winchmore Hill Rail Station, Enfield, Greater London N21, UK"
3078,1978,-2.90339,54.37961,"Windermere Rail Station, The Lake District, Windermere, Cumbria LA23, UK"
3079,3175,-0.61037,51.48327,"Windsor & Eton Central Rail Station, Windsor, Windsor and Maidenhead SL4 1, UK"
3080,5672,-0.60653,51.48565,"Windsor & Eton Riverside Rail Station, Windsor, Windsor and Maidenhead SL4 1, UK"
3081,5698,-0.89134,51.43674,"Winnersh Triangle Rail Station, Winnersh, Wokingham RG41, UK"
3082,5697,-0.87686,51.43028,"Winnersh Rail Station, Winnersh, Wokingham RG41 5, UK"
3083,2269,-2.49459,53.19053,"Winsford Rail Station, Winsford, Cheshire West and Chester CW7, UK"
3084,L061,0,0,""
3085,9694,-3.92643,55.77203,"Wishaw Rail Station, Wishaw, North Lanarkshire ML2 0, UK"
3086,6844,0.63914,51.80598,"Witham (Essex) Rail Station, Witham, Essex CM8 2, UK"
3087,5640,-0.64578,51.13316,"Witley Rail Station, Witley, Surrey GU8, UK"
3088,H991,0,0,""
3089,1011,-1.88443,52.51239,"Witton (West Midlands) Rail Station, Birmingham B6, UK"
3090,5341,-0.12084,50.96378,"Wivelsfield Rail Station, Burgess Hill, West Sussex RH15, UK"
3091,6860,0.95615,51.85654,"Wivenhoe Rail Station, Wivenhoe, Essex CO7, UK"
3092,1539,-0.65408,52.01816,"Woburn Sands Rail Station, Woburn Sands, Milton Keynes MK17, UK"
3093,5685,-0.55695,51.31847,"Woking Rail Station, Woking, Surrey GU22 7, UK"
3094,5696,-0.84255,51.41122,"Wokingham Rail Station, Wokingham RG40, UK"
3095,5440,-0.05186,51.29016,"Woldingham Rail Station, Whyteleafe, Surrey CR3, UK"
3096,1218,-2.11952,52.58786,"Wolverhampton Rail Station, Wednesfield, Wolverhampton WV1 1, UK"
3097,1364,-0.80426,52.06589,"Wolverton Rail Station, Stony Stratford, Milton Keynes MK12 5, UK"
3098,6688,-1.41617,53.51737,"Wombwell Rail Station, Wombwell, Barnsley S73, UK"
3099,4536,-1.84421,52.34369,"Wood End Rail Station, Tanworth-in-Arden, Warwickshire B94 5, UK"
3100,0770,-0.109627,51.597454,"Hardy Passage, Tottenham, Greater London N22 5, UK"
3101,6954,-0.0024,51.58659,"Wood Street Rail Station, Walthamstow, Greater London E17, UK"
3102,7228,1.31779,52.09046,"Woodbridge Rail Station, Woodbridge, Suffolk IP12, UK"
3103,0769,0.034053,51.60703,"Charteris Rd, Ilford, Greater London IG8 7, UK"
3104,7467,0.0445193,51.549294,"Woodgrange Park, Stratford, Greater London E12, UK"
3105,9639,-4.65539,55.93119,"Woodhall Rail Station, Greenock, Inverclyde PA14 6, UK"
3106,6732,-1.35756,53.36376,"Woodhouse Rail Station, Norton, Sheffield S13 9, UK"
3107,N180,-8.472873,53.343147,"R359, Co. Galway, Ireland"
3108,8578,-1.44289,53.7568,"Woodlesford Rail Station, Rothwell, Leeds LS26 8, UK"
3109,2835,-2.09327,53.42927,"Woodley Rail Station, Bredbury, Stockport SK6, UK"
3110,5441,-0.15426,51.31902,"Woodmansterne Rail Station, Croydon, Greater London CR5, UK"
3111,0771,-0.185384,51.61781,"90 Woodside Park Rd, Barnet, Greater London N12 8, UK"
3112,2773,-2.14208,53.38649,"Woodsmoor Rail Station, Stockport SK2, UK"
3113,5960,-2.22148,50.68162,"Wool Rail Station, Wool, Winfrith Newburgh, Dorset BH20, UK"
3114,5925,-1.37706,50.89891,"Woolston Rail Station, Southampton SO19, UK"
3115,5152,0.06986,51.48987,"Woolwich Arsenal Rail Station, Eltham, Greater London SE18, UK"
3116,5153,0.05465,51.49113,"Woolwich Dockyard Rail Station, Greenwich, Greater London SE18, UK"
3117,H570,0,0,""
3118,4540,-1.78471,52.26691,"Wootton Wawen Rail Station, Wootton Wawen, Warwickshire B95 6, UK"
3119,4893,-2.22175,52.19493,"Worcester Foregate Street Rail Station, Worcester, Worcestershire WR1, UK"
3120,5579,-0.24517,51.38125,"Worcester Park Rail Station, Kingston Upon Thames, Greater London KT4, UK"
3121,4891,-2.20942,52.19474,"Worcester Shrub Hill Rail Station, Worcester, Worcestershire WR4 9, UK"
3122,2040,-3.5585,54.6451,"Workington Rail Station, Workington, Cumbria CA14, UK"
3123,6574,-1.12277,53.31153,"Worksop Rail Station, Clumber and Hardwick, Nottinghamshire S81, UK"
3124,3390,-2.90964,51.35803,"Worle Rail Station, Weston-Super-Mare, North Somerset BS22 6, UK"
3125,5686,-0.58257,51.28902,"Worplesdon Rail Station, Surrey GU22 0, UK"
3126,7326,1.40408,52.77746,"Worstead Rail Station, Worstead, Norfolk NR28 9, UK"
3127,5279,-0.37616,50.81849,"Worthing Rail Station, Worthing, West Sussex BN14, UK"
3128,6907,1.17151,51.93952,"Wrabness Rail Station, Wrabness, Essex CO11 2, UK"
3129,5673,-0.54192,51.45771,"Wraysbury Rail Station, Wraysbury, Windsor and Maidenhead TW19, UK"
3130,1350,-2.59625,53.01972,"Wrenbury Rail Station, Wrenbury, Cheshire East CW5, UK"
3131,8123,-0.92436,53.77294,"Wressle Rail Station, Wressle, East Riding of Yorkshire DN14, UK"
3132,4486,-2.99906,53.04621,"Wrexham Central Rail Station, Offa, Wrexham LL13 7, UK"
3133,4487,-3.00245,53.05025,"Wrexham General Rail Station, Offa, Wrexham LL13, UK"
3134,5031,0.92932,51.18501,"Wye Rail Station, Wye, Kent TN25, UK"
3135,7514,-1.81406,54.97497,"Wylam Rail Station, Wylam, Northumberland NE41 8, UK"
3136,1138,-1.8314,52.54572,"Wylde Green Rail Station, Birmingham B73 5, UK"
3137,7383,1.11804,52.56544,"Wymondham Rail Station, Wymondham, Norfolk NR18 0, UK"
3138,4532,-1.86627,52.38018,"Wythall Rail Station, Wythall, Worcestershire B47, UK"
3139,5232,0.41217,51.22648,"Yalding Rail Station, Nettlestead, Kent ME18, UK"
3140,4537,-1.85438,52.42151,"Yardley Wood Rail Station, Birmingham B28 0, UK"
3141,7917,-1.35154,54.4939,"Yarm Rail Station, Kirklevington, Stockton-on-Tees TS15, UK"
3142,K023,0,0,""
3143,3380,-2.43252,51.5406,"Yate Rail Station, Westerleigh, South Gloucestershire BS37 5, UK"
3144,3392,-2.82779,51.39101,"Yatton Rail Station, Yatton, North Somerset BS49, UK"
3145,5827,-3.72715,50.77692,"Yeoford Rail Station, Yeoford, Crediton Hamlets, Devon EX17, UK"
3146,5838,-2.61247,50.92473,"Yeovil Junction Rail Station, Barwick, Somerset BA22, UK"
3147,5856,-2.61344,50.94451,"Yeovil Pen Mill Rail Station, Yeovil, Somerset BA21 5, UK"
3148,5857,-2.57377,50.89575,"Yetminster Rail Station, Yetminster, Dorset DT2, UK"
3149,3818,-3.52161,51.66497,"Ynyswen Rail Station, Treorchy, Rhondda Cynon Taff CF42 6, UK"
3150,9990,-4.38741,55.89273,"Yoker Rail Station, Clydebank, West Dunbartonshire G81, UK"
3151,8263,-1.09318,53.95798,"York Rail Station, York YO23, UK"
3152,1351,-2.73646,52.80897,"Yorton Rail Station, Clive, Shropshire SY4 3, UK"
3153,4026,-3.24131,51.64093,"Ystrad Mynach Rail Station, Gelligaer, Caerphilly CF82 7, UK"
3154,3871,-3.4667,51.64364,"Ystrad Rhondda Rail Station, Ystrad, Rhondda Cynon Taff CF41, UK"
3155,0948,0,0,""
3156,K405,0,0,""
3157,9586,-0.182949,51.475067,"Imperial Wharf, Hammersmith, Greater London SW10 0, UK"
3158,0997,0,0,""
3159,0993,-76.6983,39.137054,"Severn, MD, USA"
3160,0995,-3.5585,54.6451,"Workington Rail Station, Workington, Cumbria CA14, UK"
3161,0990,-3.69541,55.8857,"Armadale (W Lothian) Rail Station, West Lothian EH48, UK"
3162,0991,-3.7652,55.88115,"Blackridge Rail Station, West Lothian EH48 3, UK"
3163,K567,0,0,""
3164,0992,-3.88771,55.88793,"Caldercruix Rail Station, Caldercruix, North Lanarkshire ML6, UK"
3165,1659,-0.04971,51.49799,"Canada Water, Camberwell, Greater London SE16, UK"
3166,K473,0,0,""
3167,1443,-0.07513,51.54612,"Dalston Junction, Hackney, Greater London N1, UK"
3168,1022,-0.07566,51.53871,"Haggerston, Hackney, Greater London E8 4, UK"
3169,1023,-0.07568,51.53152,"Hoxton, Hackney, Greater London E2 8, UK"
3170,1039,-0.0519479,51.500774,"Rotherhithe, Camberwell, Greater London SE16, UK"
3171,1082,-0.056026,51.511734,"Shadwell, Poplar, Greater London E1, UK"
3172,1024,-0.07524,51.52338,"Shoreditch High Street Rail Station, Poplar, Greater London E1, UK"
3173,1083,-0.04751,51.4932,"Surrey Quays, Camberwell, Greater London SE16, UK"
3174,1085,-0.05592,51.50439,"Wapping, Poplar, Greater London SE16, UK"
3175,K568,0,0,""
3176,4935,-0.0610712,51.519527,"Whitechapel, Poplar, Greater London E1 1, UK"
3177,0302,-8.499234,52.7126,"The Ln, Castleconnell, Co. Limerick, Ireland"
3178,1615,-9.135776,53.982143,"Station Rd, Co. Mayo, Ireland"
3179,7501,-2.660794,53.673336,"Buckshaw Parkway Rail Station, Lancashire PR7, UK"
3180,0410,-0.47945,52.13619,"Bedford Rail Station, Bedford MK40, UK"
3181,0254,0.892618,51.900715,"Colchester Rail Station, Essex CO4, UK"
3182,0416,-0.324225,51.240936,"Dorking Rail Station, Dorking, Surrey RH4, UK"
3183,0259,0.060682,51.2084,"Edenbridge Rail Station, Edenbridge, Kent TN8, UK"
3184,0263,-0.079329,51.651993,"Enfield Town Rail Station, Enfield, Greater London EN1, UK"
3185,0260,-0.756254,51.296597,"Farnborough (Main) Rail Station, Farnborough, Hampshire GU14, UK"
3186,0432,1.169529,51.082874,"Folkestone Central Rail Station, Folkestone, Kent CT19, UK"
3187,0404,-4.732704,56.00415,"Helensburgh Central Rail Station, Helensburgh, Argyll and Bute G84, UK"
3188,3667,-0.395873,51.87245,"Luton Airport Parkway Rail Station, Luton LU1, UK"
3189,0403,-0.971839,51.45878,"Reading Rail Station, Reading RG1, UK"
3190,7468,0.354052,51.462322,"Tilbury Town Rail Station, Tilbury, Thurrock RM18, UK"
3191,0445,-2.593181,53.391827,"Warrington Central Rail Station, Warrington WA2, UK"
3192,4787,0.705078,51.568626,"Southend Airport Rail Station, London Southend Airport (SEN), Rochford, Essex SS2, UK"
